date,state_id,units_sold
2011-01-29,CA,222
2011-01-29,TX,75
2011-01-29,WI,48
2011-01-30,CA,228
2011-01-30,TX,91
2011-01-30,WI,42
2011-01-31,CA,142
2011-01-31,TX,52
2011-01-31,WI,52
2011-02-01,CA,163
2011-02-01,TX,66
2011-02-01,WI,29
2011-02-02,CA,124
2011-02-02,TX,79
2011-02-02,WI,7
2011-02-03,CA,157
2011-02-03,TX,95
2011-02-03,WI,36
2011-02-04,CA,260
2011-02-04,TX,82
2011-02-04,WI,65
2011-02-05,CA,261
2011-02-05,TX,88
2011-02-05,WI,61
2011-02-06,CA,205
2011-02-06,TX,81
2011-02-06,WI,41
2011-02-07,CA,149
2011-02-07,TX,81
2011-02-07,WI,48
2011-02-08,CA,131
2011-02-08,TX,69
2011-02-08,WI,40
2011-02-09,CA,109
2011-02-09,TX,86
2011-02-09,WI,33
2011-02-10,CA,108
2011-02-10,TX,83
2011-02-10,WI,40
2011-02-11,CA,149
2011-02-11,TX,79
2011-02-11,WI,90
2011-02-12,CA,282
2011-02-12,TX,138
2011-02-12,WI,47
2011-02-13,CA,235
2011-02-13,TX,191
2011-02-13,WI,59
2011-02-14,CA,184
2011-02-14,TX,92
2011-02-14,WI,49
2011-02-15,CA,180
2011-02-15,TX,162
2011-02-15,WI,39
2011-02-16,CA,118
2011-02-16,TX,71
2011-02-16,WI,24
2011-02-17,CA,84
2011-02-17,TX,89
2011-02-17,WI,34
2011-02-18,CA,126
2011-02-18,TX,90
2011-02-18,WI,49
2011-02-19,CA,196
2011-02-19,TX,167
2011-02-19,WI,59
2011-02-20,CA,188
2011-02-20,TX,101
2011-02-20,WI,44
2011-02-21,CA,174
2011-02-21,TX,76
2011-02-21,WI,38
2011-02-22,CA,140
2011-02-22,TX,89
2011-02-22,WI,20
2011-02-23,CA,127
2011-02-23,TX,91
2011-02-23,WI,28
2011-02-24,CA,129
2011-02-24,TX,77
2011-02-24,WI,38
2011-02-25,CA,140
2011-02-25,TX,86
2011-02-25,WI,42
2011-02-26,CA,174
2011-02-26,TX,121
2011-02-26,WI,48
2011-02-27,CA,177
2011-02-27,TX,83
2011-02-27,WI,58
2011-02-28,CA,177
2011-02-28,TX,78
2011-02-28,WI,54
2011-03-01,CA,118
2011-03-01,TX,117
2011-03-01,WI,40
2011-03-02,CA,115
2011-03-02,TX,92
2011-03-02,WI,41
2011-03-03,CA,144
2011-03-03,TX,83
2011-03-03,WI,49
2011-03-04,CA,172
2011-03-04,TX,75
2011-03-04,WI,30
2011-03-05,CA,206
2011-03-05,TX,124
2011-03-05,WI,44
2011-03-06,CA,201
2011-03-06,TX,98
2011-03-06,WI,30
2011-03-07,CA,119
2011-03-07,TX,67
2011-03-07,WI,36
2011-03-08,CA,132
2011-03-08,TX,34
2011-03-08,WI,33
2011-03-09,CA,145
2011-03-09,TX,80
2011-03-09,WI,34
2011-03-10,CA,232
2011-03-10,TX,101
2011-03-10,WI,46
2011-03-11,CA,122
2011-03-11,TX,67
2011-03-11,WI,44
2011-03-12,CA,164
2011-03-12,TX,95
2011-03-12,WI,53
2011-03-13,CA,187
2011-03-13,TX,97
2011-03-13,WI,49
2011-03-14,CA,140
2011-03-14,TX,90
2011-03-14,WI,30
2011-03-15,CA,132
2011-03-15,TX,66
2011-03-15,WI,50
2011-03-16,CA,158
2011-03-16,TX,77
2011-03-16,WI,23
2011-03-17,CA,156
2011-03-17,TX,70
2011-03-17,WI,28
2011-03-18,CA,112
2011-03-18,TX,58
2011-03-18,WI,32
2011-03-19,CA,178
2011-03-19,TX,156
2011-03-19,WI,57
2011-03-20,CA,177
2011-03-20,TX,90
2011-03-20,WI,37
2011-03-21,CA,166
2011-03-21,TX,61
2011-03-21,WI,37
2011-03-22,CA,126
2011-03-22,TX,66
2011-03-22,WI,34
2011-03-23,CA,102
2011-03-23,TX,62
2011-03-23,WI,37
2011-03-24,CA,112
2011-03-24,TX,86
2011-03-24,WI,49
2011-03-25,CA,168
2011-03-25,TX,84
2011-03-25,WI,41
2011-03-26,CA,160
2011-03-26,TX,88
2011-03-26,WI,44
2011-03-27,CA,160
2011-03-27,TX,108
2011-03-27,WI,51
2011-03-28,CA,133
2011-03-28,TX,67
2011-03-28,WI,24
2011-03-29,CA,123
2011-03-29,TX,81
2011-03-29,WI,34
2011-03-30,CA,126
2011-03-30,TX,62
2011-03-30,WI,30
2011-03-31,CA,176
2011-03-31,TX,61
2011-03-31,WI,38
2011-04-01,CA,146
2011-04-01,TX,102
2011-04-01,WI,67
2011-04-02,CA,157
2011-04-02,TX,88
2011-04-02,WI,43
2011-04-03,CA,211
2011-04-03,TX,82
2011-04-03,WI,28
2011-04-04,CA,170
2011-04-04,TX,42
2011-04-04,WI,38
2011-04-05,CA,168
2011-04-05,TX,79
2011-04-05,WI,39
2011-04-06,CA,105
2011-04-06,TX,65
2011-04-06,WI,26
2011-04-07,CA,165
2011-04-07,TX,61
2011-04-07,WI,33
2011-04-08,CA,122
2011-04-08,TX,64
2011-04-08,WI,42
2011-04-09,CA,163
2011-04-09,TX,63
2011-04-09,WI,83
2011-04-10,CA,187
2011-04-10,TX,112
2011-04-10,WI,24
2011-04-11,CA,102
2011-04-11,TX,50
2011-04-11,WI,26
2011-04-12,CA,120
2011-04-12,TX,58
2011-04-12,WI,64
2011-04-13,CA,113
2011-04-13,TX,71
2011-04-13,WI,28
2011-04-14,CA,158
2011-04-14,TX,58
2011-04-14,WI,33
2011-04-15,CA,186
2011-04-15,TX,76
2011-04-15,WI,27
2011-04-16,CA,146
2011-04-16,TX,55
2011-04-16,WI,45
2011-04-17,CA,132
2011-04-17,TX,84
2011-04-17,WI,48
2011-04-18,CA,113
2011-04-18,TX,54
2011-04-18,WI,27
2011-04-19,CA,165
2011-04-19,TX,48
2011-04-19,WI,30
2011-04-20,CA,192
2011-04-20,TX,53
2011-04-20,WI,33
2011-04-21,CA,148
2011-04-21,TX,66
2011-04-21,WI,20
2011-04-22,CA,191
2011-04-22,TX,63
2011-04-22,WI,54
2011-04-23,CA,146
2011-04-23,TX,97
2011-04-23,WI,59
2011-04-24,CA,163
2011-04-24,TX,62
2011-04-24,WI,32
2011-04-25,CA,141
2011-04-25,TX,63
2011-04-25,WI,38
2011-04-26,CA,104
2011-04-26,TX,45
2011-04-26,WI,29
2011-04-27,CA,94
2011-04-27,TX,61
2011-04-27,WI,26
2011-04-28,CA,100
2011-04-28,TX,42
2011-04-28,WI,24
2011-04-29,CA,149
2011-04-29,TX,61
2011-04-29,WI,36
2011-04-30,CA,145
2011-04-30,TX,82
2011-04-30,WI,45
2011-05-01,CA,164
2011-05-01,TX,73
2011-05-01,WI,41
2011-05-02,CA,151
2011-05-02,TX,68
2011-05-02,WI,42
2011-05-03,CA,206
2011-05-03,TX,59
2011-05-03,WI,36
2011-05-04,CA,133
2011-05-04,TX,69
2011-05-04,WI,42
2011-05-05,CA,111
2011-05-05,TX,66
2011-05-05,WI,31
2011-05-06,CA,155
2011-05-06,TX,64
2011-05-06,WI,46
2011-05-07,CA,195
2011-05-07,TX,61
2011-05-07,WI,42
2011-05-08,CA,190
2011-05-08,TX,70
2011-05-08,WI,33
2011-05-09,CA,199
2011-05-09,TX,62
2011-05-09,WI,29
2011-05-10,CA,123
2011-05-10,TX,58
2011-05-10,WI,27
2011-05-11,CA,150
2011-05-11,TX,72
2011-05-11,WI,34
2011-05-12,CA,119
2011-05-12,TX,58
2011-05-12,WI,33
2011-05-13,CA,137
2011-05-13,TX,58
2011-05-13,WI,32
2011-05-14,CA,165
2011-05-14,TX,76
2011-05-14,WI,39
2011-05-15,CA,163
2011-05-15,TX,79
2011-05-15,WI,46
2011-05-16,CA,135
2011-05-16,TX,78
2011-05-16,WI,34
2011-05-17,CA,119
2011-05-17,TX,68
2011-05-17,WI,32
2011-05-18,CA,129
2011-05-18,TX,49
2011-05-18,WI,44
2011-05-19,CA,136
2011-05-19,TX,60
2011-05-19,WI,39
2011-05-20,CA,165
2011-05-20,TX,47
2011-05-20,WI,49
2011-05-21,CA,207
2011-05-21,TX,76
2011-05-21,WI,41
2011-05-22,CA,172
2011-05-22,TX,105
2011-05-22,WI,39
2011-05-23,CA,128
2011-05-23,TX,62
2011-05-23,WI,30
2011-05-24,CA,100
2011-05-24,TX,51
2011-05-24,WI,29
2011-05-25,CA,132
2011-05-25,TX,60
2011-05-25,WI,35
2011-05-26,CA,147
2011-05-26,TX,72
2011-05-26,WI,45
2011-05-27,CA,147
2011-05-27,TX,54
2011-05-27,WI,48
2011-05-28,CA,149
2011-05-28,TX,79
2011-05-28,WI,26
2011-05-29,CA,177
2011-05-29,TX,53
2011-05-29,WI,26
2011-05-30,CA,169
2011-05-30,TX,66
2011-05-30,WI,31
2011-05-31,CA,104
2011-05-31,TX,46
2011-05-31,WI,34
2011-06-01,CA,163
2011-06-01,TX,81
2011-06-01,WI,39
2011-06-02,CA,191
2011-06-02,TX,60
2011-06-02,WI,22
2011-06-03,CA,154
2011-06-03,TX,75
2011-06-03,WI,37
2011-06-04,CA,179
2011-06-04,TX,61
2011-06-04,WI,49
2011-06-05,CA,181
2011-06-05,TX,71
2011-06-05,WI,54
2011-06-06,CA,158
2011-06-06,TX,62
2011-06-06,WI,37
2011-06-07,CA,129
2011-06-07,TX,62
2011-06-07,WI,21
2011-06-08,CA,150
2011-06-08,TX,55
2011-06-08,WI,68
2011-06-09,CA,127
2011-06-09,TX,54
2011-06-09,WI,26
2011-06-10,CA,171
2011-06-10,TX,75
2011-06-10,WI,30
2011-06-11,CA,161
2011-06-11,TX,85
2011-06-11,WI,35
2011-06-12,CA,135
2011-06-12,TX,77
2011-06-12,WI,41
2011-06-13,CA,135
2011-06-13,TX,78
2011-06-13,WI,31
2011-06-14,CA,131
2011-06-14,TX,60
2011-06-14,WI,31
2011-06-15,CA,147
2011-06-15,TX,48
2011-06-15,WI,30
2011-06-16,CA,144
2011-06-16,TX,67
2011-06-16,WI,30
2011-06-17,CA,145
2011-06-17,TX,57
2011-06-17,WI,30
2011-06-18,CA,203
2011-06-18,TX,70
2011-06-18,WI,23
2011-06-19,CA,180
2011-06-19,TX,104
2011-06-19,WI,41
2011-06-20,CA,100
2011-06-20,TX,48
2011-06-20,WI,27
2011-06-21,CA,138
2011-06-21,TX,48
2011-06-21,WI,26
2011-06-22,CA,125
2011-06-22,TX,54
2011-06-22,WI,27
2011-06-23,CA,155
2011-06-23,TX,41
2011-06-23,WI,24
2011-06-24,CA,137
2011-06-24,TX,70
2011-06-24,WI,37
2011-06-25,CA,216
2011-06-25,TX,73
2011-06-25,WI,33
2011-06-26,CA,199
2011-06-26,TX,57
2011-06-26,WI,37
2011-06-27,CA,221
2011-06-27,TX,72
2011-06-27,WI,30
2011-06-28,CA,114
2011-06-28,TX,47
2011-06-28,WI,37
2011-06-29,CA,87
2011-06-29,TX,47
2011-06-29,WI,19
2011-06-30,CA,187
2011-06-30,TX,57
2011-06-30,WI,31
2011-07-01,CA,151
2011-07-01,TX,64
2011-07-01,WI,35
2011-07-02,CA,244
2011-07-02,TX,68
2011-07-02,WI,34
2011-07-03,CA,174
2011-07-03,TX,44
2011-07-03,WI,37
2011-07-04,CA,145
2011-07-04,TX,72
2011-07-04,WI,20
2011-07-05,CA,148
2011-07-05,TX,49
2011-07-05,WI,21
2011-07-06,CA,141
2011-07-06,TX,68
2011-07-06,WI,37
2011-07-07,CA,157
2011-07-07,TX,64
2011-07-07,WI,29
2011-07-08,CA,189
2011-07-08,TX,68
2011-07-08,WI,39
2011-07-09,CA,212
2011-07-09,TX,111
2011-07-09,WI,43
2011-07-10,CA,189
2011-07-10,TX,71
2011-07-10,WI,45
2011-07-11,CA,164
2011-07-11,TX,79
2011-07-11,WI,28
2011-07-12,CA,144
2011-07-12,TX,66
2011-07-12,WI,29
2011-07-13,CA,179
2011-07-13,TX,63
2011-07-13,WI,35
2011-07-14,CA,140
2011-07-14,TX,51
2011-07-14,WI,29
2011-07-15,CA,196
2011-07-15,TX,76
2011-07-15,WI,40
2011-07-16,CA,224
2011-07-16,TX,74
2011-07-16,WI,51
2011-07-17,CA,197
2011-07-17,TX,82
2011-07-17,WI,34
2011-07-18,CA,229
2011-07-18,TX,64
2011-07-18,WI,34
2011-07-19,CA,160
2011-07-19,TX,63
2011-07-19,WI,36
2011-07-20,CA,131
2011-07-20,TX,57
2011-07-20,WI,25
2011-07-21,CA,143
2011-07-21,TX,70
2011-07-21,WI,32
2011-07-22,CA,222
2011-07-22,TX,75
2011-07-22,WI,52
2011-07-23,CA,268
2011-07-23,TX,76
2011-07-23,WI,32
2011-07-24,CA,218
2011-07-24,TX,70
2011-07-24,WI,50
2011-07-25,CA,200
2011-07-25,TX,81
2011-07-25,WI,41
2011-07-26,CA,144
2011-07-26,TX,56
2011-07-26,WI,15
2011-07-27,CA,164
2011-07-27,TX,69
2011-07-27,WI,27
2011-07-28,CA,137
2011-07-28,TX,61
2011-07-28,WI,34
2011-07-29,CA,191
2011-07-29,TX,53
2011-07-29,WI,42
2011-07-30,CA,188
2011-07-30,TX,89
2011-07-30,WI,62
2011-07-31,CA,190
2011-07-31,TX,71
2011-07-31,WI,41
2011-08-01,CA,168
2011-08-01,TX,93
2011-08-01,WI,47
2011-08-02,CA,208
2011-08-02,TX,50
2011-08-02,WI,52
2011-08-03,CA,158
2011-08-03,TX,46
2011-08-03,WI,49
2011-08-04,CA,149
2011-08-04,TX,54
2011-08-04,WI,21
2011-08-05,CA,233
2011-08-05,TX,46
2011-08-05,WI,29
2011-08-06,CA,239
2011-08-06,TX,80
2011-08-06,WI,34
2011-08-07,CA,215
2011-08-07,TX,78
2011-08-07,WI,44
2011-08-08,CA,124
2011-08-08,TX,67
2011-08-08,WI,35
2011-08-09,CA,147
2011-08-09,TX,68
2011-08-09,WI,27
2011-08-10,CA,183
2011-08-10,TX,82
2011-08-10,WI,54
2011-08-11,CA,207
2011-08-11,TX,63
2011-08-11,WI,28
2011-08-12,CA,121
2011-08-12,TX,50
2011-08-12,WI,39
2011-08-13,CA,243
2011-08-13,TX,82
2011-08-13,WI,44
2011-08-14,CA,199
2011-08-14,TX,96
2011-08-14,WI,41
2011-08-15,CA,164
2011-08-15,TX,76
2011-08-15,WI,33
2011-08-16,CA,142
2011-08-16,TX,69
2011-08-16,WI,38
2011-08-17,CA,124
2011-08-17,TX,70
2011-08-17,WI,43
2011-08-18,CA,161
2011-08-18,TX,74
2011-08-18,WI,28
2011-08-19,CA,162
2011-08-19,TX,70
2011-08-19,WI,39
2011-08-20,CA,268
2011-08-20,TX,65
2011-08-20,WI,41
2011-08-21,CA,189
2011-08-21,TX,88
2011-08-21,WI,36
2011-08-22,CA,152
2011-08-22,TX,54
2011-08-22,WI,32
2011-08-23,CA,118
2011-08-23,TX,61
2011-08-23,WI,48
2011-08-24,CA,161
2011-08-24,TX,60
2011-08-24,WI,50
2011-08-25,CA,132
2011-08-25,TX,65
2011-08-25,WI,51
2011-08-26,CA,195
2011-08-26,TX,62
2011-08-26,WI,57
2011-08-27,CA,286
2011-08-27,TX,85
2011-08-27,WI,33
2011-08-28,CA,153
2011-08-28,TX,63
2011-08-28,WI,35
2011-08-29,CA,125
2011-08-29,TX,57
2011-08-29,WI,30
2011-08-30,CA,115
2011-08-30,TX,49
2011-08-30,WI,39
2011-08-31,CA,105
2011-08-31,TX,128
2011-08-31,WI,30
2011-09-01,CA,148
2011-09-01,TX,82
2011-09-01,WI,29
2011-09-02,CA,137
2011-09-02,TX,93
2011-09-02,WI,30
2011-09-03,CA,210
2011-09-03,TX,88
2011-09-03,WI,30
2011-09-04,CA,175
2011-09-04,TX,67
2011-09-04,WI,38
2011-09-05,CA,178
2011-09-05,TX,68
2011-09-05,WI,32
2011-09-06,CA,173
2011-09-06,TX,48
2011-09-06,WI,30
2011-09-07,CA,168
2011-09-07,TX,53
2011-09-07,WI,25
2011-09-08,CA,289
2011-09-08,TX,58
2011-09-08,WI,31
2011-09-09,CA,134
2011-09-09,TX,47
2011-09-09,WI,26
2011-09-10,CA,208
2011-09-10,TX,74
2011-09-10,WI,46
2011-09-11,CA,219
2011-09-11,TX,79
2011-09-11,WI,34
2011-09-12,CA,142
2011-09-12,TX,59
2011-09-12,WI,25
2011-09-13,CA,149
2011-09-13,TX,64
2011-09-13,WI,25
2011-09-14,CA,158
2011-09-14,TX,68
2011-09-14,WI,29
2011-09-15,CA,111
2011-09-15,TX,76
2011-09-15,WI,34
2011-09-16,CA,189
2011-09-16,TX,61
2011-09-16,WI,45
2011-09-17,CA,174
2011-09-17,TX,91
2011-09-17,WI,50
2011-09-18,CA,200
2011-09-18,TX,80
2011-09-18,WI,34
2011-09-19,CA,186
2011-09-19,TX,49
2011-09-19,WI,32
2011-09-20,CA,143
2011-09-20,TX,51
2011-09-20,WI,29
2011-09-21,CA,164
2011-09-21,TX,58
2011-09-21,WI,20
2011-09-22,CA,192
2011-09-22,TX,48
2011-09-22,WI,39
2011-09-23,CA,138
2011-09-23,TX,62
2011-09-23,WI,31
2011-09-24,CA,166
2011-09-24,TX,83
2011-09-24,WI,32
2011-09-25,CA,182
2011-09-25,TX,95
2011-09-25,WI,25
2011-09-26,CA,141
2011-09-26,TX,47
2011-09-26,WI,25
2011-09-27,CA,166
2011-09-27,TX,45
2011-09-27,WI,38
2011-09-28,CA,118
2011-09-28,TX,66
2011-09-28,WI,26
2011-09-29,CA,112
2011-09-29,TX,53
2011-09-29,WI,53
2011-09-30,CA,165
2011-09-30,TX,78
2011-09-30,WI,41
2011-10-01,CA,258
2011-10-01,TX,107
2011-10-01,WI,47
2011-10-02,CA,182
2011-10-02,TX,107
2011-10-02,WI,67
2011-10-03,CA,142
2011-10-03,TX,64
2011-10-03,WI,38
2011-10-04,CA,153
2011-10-04,TX,76
2011-10-04,WI,46
2011-10-05,CA,163
2011-10-05,TX,64
2011-10-05,WI,36
2011-10-06,CA,139
2011-10-06,TX,80
2011-10-06,WI,41
2011-10-07,CA,185
2011-10-07,TX,60
2011-10-07,WI,25
2011-10-08,CA,230
2011-10-08,TX,101
2011-10-08,WI,56
2011-10-09,CA,236
2011-10-09,TX,98
2011-10-09,WI,80
2011-10-10,CA,147
2011-10-10,TX,71
2011-10-10,WI,31
2011-10-11,CA,136
2011-10-11,TX,74
2011-10-11,WI,33
2011-10-12,CA,144
2011-10-12,TX,88
2011-10-12,WI,39
2011-10-13,CA,176
2011-10-13,TX,88
2011-10-13,WI,33
2011-10-14,CA,239
2011-10-14,TX,63
2011-10-14,WI,29
2011-10-15,CA,232
2011-10-15,TX,79
2011-10-15,WI,43
2011-10-16,CA,208
2011-10-16,TX,106
2011-10-16,WI,49
2011-10-17,CA,191
2011-10-17,TX,60
2011-10-17,WI,54
2011-10-18,CA,169
2011-10-18,TX,66
2011-10-18,WI,27
2011-10-19,CA,185
2011-10-19,TX,76
2011-10-19,WI,39
2011-10-20,CA,126
2011-10-20,TX,35
2011-10-20,WI,33
2011-10-21,CA,138
2011-10-21,TX,75
2011-10-21,WI,44
2011-10-22,CA,212
2011-10-22,TX,73
2011-10-22,WI,41
2011-10-23,CA,209
2011-10-23,TX,101
2011-10-23,WI,52
2011-10-24,CA,173
2011-10-24,TX,73
2011-10-24,WI,27
2011-10-25,CA,146
2011-10-25,TX,92
2011-10-25,WI,36
2011-10-26,CA,112
2011-10-26,TX,73
2011-10-26,WI,39
2011-10-27,CA,134
2011-10-27,TX,63
2011-10-27,WI,41
2011-10-28,CA,166
2011-10-28,TX,74
2011-10-28,WI,32
2011-10-29,CA,258
2011-10-29,TX,87
2011-10-29,WI,43
2011-10-30,CA,205
2011-10-30,TX,65
2011-10-30,WI,46
2011-10-31,CA,129
2011-10-31,TX,55
2011-10-31,WI,31
2011-11-01,CA,157
2011-11-01,TX,72
2011-11-01,WI,39
2011-11-02,CA,142
2011-11-02,TX,67
2011-11-02,WI,21
2011-11-03,CA,206
2011-11-03,TX,79
2011-11-03,WI,39
2011-11-04,CA,171
2011-11-04,TX,55
2011-11-04,WI,39
2011-11-05,CA,212
2011-11-05,TX,76
2011-11-05,WI,55
2011-11-06,CA,214
2011-11-06,TX,82
2011-11-06,WI,34
2011-11-07,CA,134
2011-11-07,TX,78
2011-11-07,WI,25
2011-11-08,CA,148
2011-11-08,TX,74
2011-11-08,WI,37
2011-11-09,CA,133
2011-11-09,TX,58
2011-11-09,WI,26
2011-11-10,CA,146
2011-11-10,TX,95
2011-11-10,WI,42
2011-11-11,CA,211
2011-11-11,TX,75
2011-11-11,WI,38
2011-11-12,CA,189
2011-11-12,TX,89
2011-11-12,WI,56
2011-11-13,CA,169
2011-11-13,TX,90
2011-11-13,WI,37
2011-11-14,CA,158
2011-11-14,TX,74
2011-11-14,WI,30
2011-11-15,CA,163
2011-11-15,TX,79
2011-11-15,WI,38
2011-11-16,CA,153
2011-11-16,TX,73
2011-11-16,WI,31
2011-11-17,CA,140
2011-11-17,TX,60
2011-11-17,WI,27
2011-11-18,CA,195
2011-11-18,TX,82
2011-11-18,WI,25
2011-11-19,CA,257
2011-11-19,TX,77
2011-11-19,WI,36
2011-11-20,CA,216
2011-11-20,TX,90
2011-11-20,WI,27
2011-11-21,CA,190
2011-11-21,TX,62
2011-11-21,WI,27
2011-11-22,CA,190
2011-11-22,TX,88
2011-11-22,WI,26
2011-11-23,CA,177
2011-11-23,TX,64
2011-11-23,WI,39
2011-11-24,CA,100
2011-11-24,TX,56
2011-11-24,WI,11
2011-11-25,CA,188
2011-11-25,TX,100
2011-11-25,WI,41
2011-11-26,CA,171
2011-11-26,TX,61
2011-11-26,WI,34
2011-11-27,CA,196
2011-11-27,TX,90
2011-11-27,WI,58
2011-11-28,CA,181
2011-11-28,TX,51
2011-11-28,WI,26
2011-11-29,CA,157
2011-11-29,TX,77
2011-11-29,WI,23
2011-11-30,CA,150
2011-11-30,TX,58
2011-11-30,WI,17
2011-12-01,CA,174
2011-12-01,TX,94
2011-12-01,WI,51
2011-12-02,CA,200
2011-12-02,TX,86
2011-12-02,WI,47
2011-12-03,CA,265
2011-12-03,TX,114
2011-12-03,WI,82
2011-12-04,CA,275
2011-12-04,TX,62
2011-12-04,WI,44
2011-12-05,CA,185
2011-12-05,TX,65
2011-12-05,WI,47
2011-12-06,CA,179
2011-12-06,TX,59
2011-12-06,WI,33
2011-12-07,CA,172
2011-12-07,TX,88
2011-12-07,WI,40
2011-12-08,CA,205
2011-12-08,TX,76
2011-12-08,WI,40
2011-12-09,CA,180
2011-12-09,TX,85
2011-12-09,WI,50
2011-12-10,CA,262
2011-12-10,TX,77
2011-12-10,WI,48
2011-12-11,CA,271
2011-12-11,TX,77
2011-12-11,WI,45
2011-12-12,CA,228
2011-12-12,TX,86
2011-12-12,WI,45
2011-12-13,CA,173
2011-12-13,TX,101
2011-12-13,WI,33
2011-12-14,CA,174
2011-12-14,TX,88
2011-12-14,WI,45
2011-12-15,CA,218
2011-12-15,TX,88
2011-12-15,WI,48
2011-12-16,CA,192
2011-12-16,TX,64
2011-12-16,WI,56
2011-12-17,CA,243
2011-12-17,TX,88
2011-12-17,WI,72
2011-12-18,CA,309
2011-12-18,TX,87
2011-12-18,WI,49
2011-12-19,CA,247
2011-12-19,TX,90
2011-12-19,WI,68
2011-12-20,CA,197
2011-12-20,TX,45
2011-12-20,WI,45
2011-12-21,CA,183
2011-12-21,TX,74
2011-12-21,WI,29
2011-12-22,CA,154
2011-12-22,TX,74
2011-12-22,WI,69
2011-12-23,CA,223
2011-12-23,TX,90
2011-12-23,WI,71
2011-12-24,CA,229
2011-12-24,TX,70
2011-12-24,WI,64
2011-12-25,CA,0
2011-12-25,TX,0
2011-12-25,WI,0
2011-12-26,CA,194
2011-12-26,TX,55
2011-12-26,WI,50
2011-12-27,CA,182
2011-12-27,TX,76
2011-12-27,WI,36
2011-12-28,CA,163
2011-12-28,TX,102
2011-12-28,WI,33
2011-12-29,CA,181
2011-12-29,TX,70
2011-12-29,WI,30
2011-12-30,CA,219
2011-12-30,TX,83
2011-12-30,WI,48
2011-12-31,CA,174
2011-12-31,TX,73
2011-12-31,WI,53
2012-01-01,CA,155
2012-01-01,TX,61
2012-01-01,WI,27
2012-01-02,CA,148
2012-01-02,TX,113
2012-01-02,WI,43
2012-01-03,CA,153
2012-01-03,TX,52
2012-01-03,WI,37
2012-01-04,CA,156
2012-01-04,TX,59
2012-01-04,WI,36
2012-01-05,CA,154
2012-01-05,TX,61
2012-01-05,WI,33
2012-01-06,CA,169
2012-01-06,TX,81
2012-01-06,WI,59
2012-01-07,CA,214
2012-01-07,TX,83
2012-01-07,WI,76
2012-01-08,CA,222
2012-01-08,TX,93
2012-01-08,WI,38
2012-01-09,CA,160
2012-01-09,TX,63
2012-01-09,WI,35
2012-01-10,CA,155
2012-01-10,TX,82
2012-01-10,WI,23
2012-01-11,CA,143
2012-01-11,TX,77
2012-01-11,WI,50
2012-01-12,CA,138
2012-01-12,TX,67
2012-01-12,WI,17
2012-01-13,CA,214
2012-01-13,TX,97
2012-01-13,WI,31
2012-01-14,CA,174
2012-01-14,TX,87
2012-01-14,WI,51
2012-01-15,CA,210
2012-01-15,TX,70
2012-01-15,WI,43
2012-01-16,CA,185
2012-01-16,TX,66
2012-01-16,WI,52
2012-01-17,CA,118
2012-01-17,TX,70
2012-01-17,WI,11
2012-01-18,CA,158
2012-01-18,TX,65
2012-01-18,WI,51
2012-01-19,CA,148
2012-01-19,TX,61
2012-01-19,WI,46
2012-01-20,CA,127
2012-01-20,TX,118
2012-01-20,WI,39
2012-01-21,CA,236
2012-01-21,TX,106
2012-01-21,WI,51
2012-01-22,CA,214
2012-01-22,TX,92
2012-01-22,WI,48
2012-01-23,CA,139
2012-01-23,TX,60
2012-01-23,WI,37
2012-01-24,CA,135
2012-01-24,TX,52
2012-01-24,WI,45
2012-01-25,CA,139
2012-01-25,TX,63
2012-01-25,WI,41
2012-01-26,CA,105
2012-01-26,TX,77
2012-01-26,WI,52
2012-01-27,CA,136
2012-01-27,TX,78
2012-01-27,WI,41
2012-01-28,CA,168
2012-01-28,TX,62
2012-01-28,WI,77
2012-01-29,CA,169
2012-01-29,TX,70
2012-01-29,WI,39
2012-01-30,CA,121
2012-01-30,TX,60
2012-01-30,WI,35
2012-01-31,CA,135
2012-01-31,TX,38
2012-01-31,WI,36
2012-02-01,CA,125
2012-02-01,TX,70
2012-02-01,WI,38
2012-02-02,CA,134
2012-02-02,TX,57
2012-02-02,WI,39
2012-02-03,CA,164
2012-02-03,TX,77
2012-02-03,WI,82
2012-02-04,CA,220
2012-02-04,TX,145
2012-02-04,WI,68
2012-02-05,CA,206
2012-02-05,TX,76
2012-02-05,WI,49
2012-02-06,CA,192
2012-02-06,TX,71
2012-02-06,WI,27
2012-02-07,CA,171
2012-02-07,TX,80
2012-02-07,WI,46
2012-02-08,CA,144
2012-02-08,TX,98
2012-02-08,WI,40
2012-02-09,CA,154
2012-02-09,TX,69
2012-02-09,WI,38
2012-02-10,CA,161
2012-02-10,TX,75
2012-02-10,WI,30
2012-02-11,CA,186
2012-02-11,TX,100
2012-02-11,WI,49
2012-02-12,CA,197
2012-02-12,TX,131
2012-02-12,WI,44
2012-02-13,CA,139
2012-02-13,TX,104
2012-02-13,WI,37
2012-02-14,CA,115
2012-02-14,TX,74
2012-02-14,WI,44
2012-02-15,CA,130
2012-02-15,TX,81
2012-02-15,WI,38
2012-02-16,CA,170
2012-02-16,TX,47
2012-02-16,WI,24
2012-02-17,CA,155
2012-02-17,TX,97
2012-02-17,WI,40
2012-02-18,CA,203
2012-02-18,TX,130
2012-02-18,WI,55
2012-02-19,CA,201
2012-02-19,TX,199
2012-02-19,WI,69
2012-02-20,CA,207
2012-02-20,TX,104
2012-02-20,WI,37
2012-02-21,CA,109
2012-02-21,TX,89
2012-02-21,WI,43
2012-02-22,CA,156
2012-02-22,TX,64
2012-02-22,WI,70
2012-02-23,CA,146
2012-02-23,TX,118
2012-02-23,WI,43
2012-02-24,CA,141
2012-02-24,TX,64
2012-02-24,WI,57
2012-02-25,CA,173
2012-02-25,TX,91
2012-02-25,WI,78
2012-02-26,CA,302
2012-02-26,TX,140
2012-02-26,WI,85
2012-02-27,CA,179
2012-02-27,TX,91
2012-02-27,WI,35
2012-02-28,CA,151
2012-02-28,TX,56
2012-02-28,WI,41
2012-02-29,CA,161
2012-02-29,TX,75
2012-02-29,WI,39
2012-03-01,CA,146
2012-03-01,TX,76
2012-03-01,WI,39
2012-03-02,CA,206
2012-03-02,TX,96
2012-03-02,WI,65
2012-03-03,CA,221
2012-03-03,TX,79
2012-03-03,WI,66
2012-03-04,CA,318
2012-03-04,TX,86
2012-03-04,WI,58
2012-03-05,CA,205
2012-03-05,TX,78
2012-03-05,WI,48
2012-03-06,CA,228
2012-03-06,TX,112
2012-03-06,WI,59
2012-03-07,CA,169
2012-03-07,TX,70
2012-03-07,WI,47
2012-03-08,CA,164
2012-03-08,TX,70
2012-03-08,WI,55
2012-03-09,CA,210
2012-03-09,TX,55
2012-03-09,WI,67
2012-03-10,CA,296
2012-03-10,TX,107
2012-03-10,WI,62
2012-03-11,CA,279
2012-03-11,TX,99
2012-03-11,WI,54
2012-03-12,CA,162
2012-03-12,TX,76
2012-03-12,WI,35
2012-03-13,CA,148
2012-03-13,TX,72
2012-03-13,WI,56
2012-03-14,CA,132
2012-03-14,TX,80
2012-03-14,WI,40
2012-03-15,CA,146
2012-03-15,TX,82
2012-03-15,WI,64
2012-03-16,CA,133
2012-03-16,TX,79
2012-03-16,WI,84
2012-03-17,CA,236
2012-03-17,TX,82
2012-03-17,WI,63
2012-03-18,CA,278
2012-03-18,TX,130
2012-03-18,WI,83
2012-03-19,CA,188
2012-03-19,TX,76
2012-03-19,WI,43
2012-03-20,CA,142
2012-03-20,TX,99
2012-03-20,WI,58
2012-03-21,CA,165
2012-03-21,TX,94
2012-03-21,WI,42
2012-03-22,CA,155
2012-03-22,TX,74
2012-03-22,WI,45
2012-03-23,CA,153
2012-03-23,TX,107
2012-03-23,WI,36
2012-03-24,CA,272
2012-03-24,TX,126
2012-03-24,WI,51
2012-03-25,CA,232
2012-03-25,TX,109
2012-03-25,WI,48
2012-03-26,CA,159
2012-03-26,TX,57
2012-03-26,WI,33
2012-03-27,CA,114
2012-03-27,TX,54
2012-03-27,WI,34
2012-03-28,CA,128
2012-03-28,TX,84
2012-03-28,WI,35
2012-03-29,CA,109
2012-03-29,TX,58
2012-03-29,WI,37
2012-03-30,CA,318
2012-03-30,TX,101
2012-03-30,WI,48
2012-03-31,CA,200
2012-03-31,TX,70
2012-03-31,WI,43
2012-04-01,CA,172
2012-04-01,TX,88
2012-04-01,WI,43
2012-04-02,CA,144
2012-04-02,TX,54
2012-04-02,WI,37
2012-04-03,CA,147
2012-04-03,TX,86
2012-04-03,WI,37
2012-04-04,CA,138
2012-04-04,TX,86
2012-04-04,WI,36
2012-04-05,CA,147
2012-04-05,TX,114
2012-04-05,WI,38
2012-04-06,CA,153
2012-04-06,TX,106
2012-04-06,WI,76
2012-04-07,CA,182
2012-04-07,TX,99
2012-04-07,WI,77
2012-04-08,CA,195
2012-04-08,TX,97
2012-04-08,WI,39
2012-04-09,CA,176
2012-04-09,TX,79
2012-04-09,WI,42
2012-04-10,CA,186
2012-04-10,TX,65
2012-04-10,WI,41
2012-04-11,CA,180
2012-04-11,TX,69
2012-04-11,WI,25
2012-04-12,CA,161
2012-04-12,TX,67
2012-04-12,WI,30
2012-04-13,CA,178
2012-04-13,TX,67
2012-04-13,WI,45
2012-04-14,CA,262
2012-04-14,TX,76
2012-04-14,WI,58
2012-04-15,CA,222
2012-04-15,TX,106
2012-04-15,WI,51
2012-04-16,CA,143
2012-04-16,TX,65
2012-04-16,WI,26
2012-04-17,CA,140
2012-04-17,TX,65
2012-04-17,WI,34
2012-04-18,CA,169
2012-04-18,TX,66
2012-04-18,WI,35
2012-04-19,CA,141
2012-04-19,TX,66
2012-04-19,WI,27
2012-04-20,CA,156
2012-04-20,TX,79
2012-04-20,WI,63
2012-04-21,CA,217
2012-04-21,TX,114
2012-04-21,WI,59
2012-04-22,CA,234
2012-04-22,TX,102
2012-04-22,WI,46
2012-04-23,CA,145
2012-04-23,TX,69
2012-04-23,WI,59
2012-04-24,CA,175
2012-04-24,TX,85
2012-04-24,WI,25
2012-04-25,CA,132
2012-04-25,TX,63
2012-04-25,WI,30
2012-04-26,CA,169
2012-04-26,TX,62
2012-04-26,WI,41
2012-04-27,CA,175
2012-04-27,TX,71
2012-04-27,WI,49
2012-04-28,CA,218
2012-04-28,TX,81
2012-04-28,WI,71
2012-04-29,CA,249
2012-04-29,TX,148
2012-04-29,WI,73
2012-04-30,CA,159
2012-04-30,TX,59
2012-04-30,WI,45
2012-05-01,CA,168
2012-05-01,TX,119
2012-05-01,WI,70
2012-05-02,CA,182
2012-05-02,TX,50
2012-05-02,WI,36
2012-05-03,CA,190
2012-05-03,TX,78
2012-05-03,WI,55
2012-05-04,CA,172
2012-05-04,TX,57
2012-05-04,WI,57
2012-05-05,CA,171
2012-05-05,TX,59
2012-05-05,WI,62
2012-05-06,CA,261
2012-05-06,TX,113
2012-05-06,WI,51
2012-05-07,CA,194
2012-05-07,TX,113
2012-05-07,WI,52
2012-05-08,CA,158
2012-05-08,TX,73
2012-05-08,WI,29
2012-05-09,CA,129
2012-05-09,TX,81
2012-05-09,WI,33
2012-05-10,CA,157
2012-05-10,TX,55
2012-05-10,WI,47
2012-05-11,CA,176
2012-05-11,TX,75
2012-05-11,WI,55
2012-05-12,CA,436
2012-05-12,TX,91
2012-05-12,WI,66
2012-05-13,CA,185
2012-05-13,TX,109
2012-05-13,WI,33
2012-05-14,CA,158
2012-05-14,TX,72
2012-05-14,WI,37
2012-05-15,CA,163
2012-05-15,TX,74
2012-05-15,WI,47
2012-05-16,CA,194
2012-05-16,TX,75
2012-05-16,WI,62
2012-05-17,CA,163
2012-05-17,TX,57
2012-05-17,WI,33
2012-05-18,CA,147
2012-05-18,TX,70
2012-05-18,WI,33
2012-05-19,CA,238
2012-05-19,TX,84
2012-05-19,WI,64
2012-05-20,CA,221
2012-05-20,TX,91
2012-05-20,WI,54
2012-05-21,CA,143
2012-05-21,TX,68
2012-05-21,WI,37
2012-05-22,CA,152
2012-05-22,TX,64
2012-05-22,WI,96
2012-05-23,CA,165
2012-05-23,TX,66
2012-05-23,WI,47
2012-05-24,CA,192
2012-05-24,TX,51
2012-05-24,WI,39
2012-05-25,CA,403
2012-05-25,TX,55
2012-05-25,WI,43
2012-05-26,CA,178
2012-05-26,TX,83
2012-05-26,WI,62
2012-05-27,CA,183
2012-05-27,TX,79
2012-05-27,WI,56
2012-05-28,CA,259
2012-05-28,TX,76
2012-05-28,WI,55
2012-05-29,CA,104
2012-05-29,TX,54
2012-05-29,WI,52
2012-05-30,CA,144
2012-05-30,TX,66
2012-05-30,WI,45
2012-05-31,CA,138
2012-05-31,TX,52
2012-05-31,WI,46
2012-06-01,CA,154
2012-06-01,TX,98
2012-06-01,WI,76
2012-06-02,CA,231
2012-06-02,TX,76
2012-06-02,WI,67
2012-06-03,CA,235
2012-06-03,TX,121
2012-06-03,WI,63
2012-06-04,CA,153
2012-06-04,TX,84
2012-06-04,WI,42
2012-06-05,CA,232
2012-06-05,TX,65
2012-06-05,WI,50
2012-06-06,CA,147
2012-06-06,TX,95
2012-06-06,WI,56
2012-06-07,CA,151
2012-06-07,TX,86
2012-06-07,WI,38
2012-06-08,CA,168
2012-06-08,TX,99
2012-06-08,WI,44
2012-06-09,CA,251
2012-06-09,TX,103
2012-06-09,WI,70
2012-06-10,CA,234
2012-06-10,TX,83
2012-06-10,WI,46
2012-06-11,CA,194
2012-06-11,TX,70
2012-06-11,WI,40
2012-06-12,CA,173
2012-06-12,TX,106
2012-06-12,WI,46
2012-06-13,CA,219
2012-06-13,TX,51
2012-06-13,WI,42
2012-06-14,CA,178
2012-06-14,TX,52
2012-06-14,WI,49
2012-06-15,CA,204
2012-06-15,TX,74
2012-06-15,WI,63
2012-06-16,CA,200
2012-06-16,TX,84
2012-06-16,WI,54
2012-06-17,CA,229
2012-06-17,TX,83
2012-06-17,WI,43
2012-06-18,CA,190
2012-06-18,TX,80
2012-06-18,WI,49
2012-06-19,CA,149
2012-06-19,TX,52
2012-06-19,WI,36
2012-06-20,CA,202
2012-06-20,TX,59
2012-06-20,WI,38
2012-06-21,CA,173
2012-06-21,TX,59
2012-06-21,WI,39
2012-06-22,CA,837
2012-06-22,TX,57
2012-06-22,WI,58
2012-06-23,CA,234
2012-06-23,TX,68
2012-06-23,WI,59
2012-06-24,CA,191
2012-06-24,TX,84
2012-06-24,WI,39
2012-06-25,CA,143
2012-06-25,TX,73
2012-06-25,WI,78
2012-06-26,CA,157
2012-06-26,TX,78
2012-06-26,WI,47
2012-06-27,CA,152
2012-06-27,TX,46
2012-06-27,WI,49
2012-06-28,CA,156
2012-06-28,TX,69
2012-06-28,WI,38
2012-06-29,CA,194
2012-06-29,TX,83
2012-06-29,WI,51
2012-06-30,CA,244
2012-06-30,TX,62
2012-06-30,WI,52
2012-07-01,CA,231
2012-07-01,TX,89
2012-07-01,WI,62
2012-07-02,CA,174
2012-07-02,TX,64
2012-07-02,WI,78
2012-07-03,CA,150
2012-07-03,TX,78
2012-07-03,WI,66
2012-07-04,CA,158
2012-07-04,TX,87
2012-07-04,WI,49
2012-07-05,CA,200
2012-07-05,TX,86
2012-07-05,WI,90
2012-07-06,CA,173
2012-07-06,TX,123
2012-07-06,WI,92
2012-07-07,CA,181
2012-07-07,TX,114
2012-07-07,WI,72
2012-07-08,CA,219
2012-07-08,TX,128
2012-07-08,WI,70
2012-07-09,CA,180
2012-07-09,TX,75
2012-07-09,WI,63
2012-07-10,CA,135
2012-07-10,TX,81
2012-07-10,WI,46
2012-07-11,CA,194
2012-07-11,TX,134
2012-07-11,WI,64
2012-07-12,CA,134
2012-07-12,TX,71
2012-07-12,WI,50
2012-07-13,CA,143
2012-07-13,TX,99
2012-07-13,WI,70
2012-07-14,CA,220
2012-07-14,TX,117
2012-07-14,WI,101
2012-07-15,CA,226
2012-07-15,TX,104
2012-07-15,WI,70
2012-07-16,CA,137
2012-07-16,TX,75
2012-07-16,WI,41
2012-07-17,CA,180
2012-07-17,TX,91
2012-07-17,WI,48
2012-07-18,CA,163
2012-07-18,TX,69
2012-07-18,WI,53
2012-07-19,CA,170
2012-07-19,TX,98
2012-07-19,WI,51
2012-07-20,CA,195
2012-07-20,TX,93
2012-07-20,WI,55
2012-07-21,CA,195
2012-07-21,TX,103
2012-07-21,WI,57
2012-07-22,CA,165
2012-07-22,TX,79
2012-07-22,WI,58
2012-07-23,CA,162
2012-07-23,TX,68
2012-07-23,WI,60
2012-07-24,CA,126
2012-07-24,TX,95
2012-07-24,WI,65
2012-07-25,CA,164
2012-07-25,TX,48
2012-07-25,WI,38
2012-07-26,CA,152
2012-07-26,TX,44
2012-07-26,WI,53
2012-07-27,CA,108
2012-07-27,TX,63
2012-07-27,WI,50
2012-07-28,CA,199
2012-07-28,TX,83
2012-07-28,WI,48
2012-07-29,CA,206
2012-07-29,TX,82
2012-07-29,WI,58
2012-07-30,CA,123
2012-07-30,TX,57
2012-07-30,WI,39
2012-07-31,CA,137
2012-07-31,TX,76
2012-07-31,WI,58
2012-08-01,CA,145
2012-08-01,TX,71
2012-08-01,WI,61
2012-08-02,CA,193
2012-08-02,TX,64
2012-08-02,WI,42
2012-08-03,CA,157
2012-08-03,TX,76
2012-08-03,WI,62
2012-08-04,CA,225
2012-08-04,TX,97
2012-08-04,WI,60
2012-08-05,CA,206
2012-08-05,TX,89
2012-08-05,WI,62
2012-08-06,CA,191
2012-08-06,TX,99
2012-08-06,WI,51
2012-08-07,CA,161
2012-08-07,TX,88
2012-08-07,WI,35
2012-08-08,CA,156
2012-08-08,TX,73
2012-08-08,WI,55
2012-08-09,CA,190
2012-08-09,TX,71
2012-08-09,WI,53
2012-08-10,CA,202
2012-08-10,TX,80
2012-08-10,WI,71
2012-08-11,CA,266
2012-08-11,TX,132
2012-08-11,WI,56
2012-08-12,CA,276
2012-08-12,TX,146
2012-08-12,WI,64
2012-08-13,CA,192
2012-08-13,TX,102
2012-08-13,WI,47
2012-08-14,CA,169
2012-08-14,TX,104
2012-08-14,WI,77
2012-08-15,CA,182
2012-08-15,TX,88
2012-08-15,WI,70
2012-08-16,CA,189
2012-08-16,TX,88
2012-08-16,WI,51
2012-08-17,CA,210
2012-08-17,TX,94
2012-08-17,WI,74
2012-08-18,CA,510
2012-08-18,TX,114
2012-08-18,WI,83
2012-08-19,CA,245
2012-08-19,TX,117
2012-08-19,WI,59
2012-08-20,CA,170
2012-08-20,TX,66
2012-08-20,WI,54
2012-08-21,CA,183
2012-08-21,TX,115
2012-08-21,WI,61
2012-08-22,CA,156
2012-08-22,TX,103
2012-08-22,WI,44
2012-08-23,CA,193
2012-08-23,TX,124
2012-08-23,WI,61
2012-08-24,CA,176
2012-08-24,TX,95
2012-08-24,WI,63
2012-08-25,CA,247
2012-08-25,TX,139
2012-08-25,WI,61
2012-08-26,CA,195
2012-08-26,TX,78
2012-08-26,WI,56
2012-08-27,CA,145
2012-08-27,TX,57
2012-08-27,WI,48
2012-08-28,CA,138
2012-08-28,TX,83
2012-08-28,WI,46
2012-08-29,CA,151
2012-08-29,TX,85
2012-08-29,WI,45
2012-08-30,CA,173
2012-08-30,TX,98
2012-08-30,WI,44
2012-08-31,CA,197
2012-08-31,TX,88
2012-08-31,WI,55
2012-09-01,CA,622
2012-09-01,TX,120
2012-09-01,WI,50
2012-09-02,CA,226
2012-09-02,TX,111
2012-09-02,WI,66
2012-09-03,CA,268
2012-09-03,TX,137
2012-09-03,WI,71
2012-09-04,CA,172
2012-09-04,TX,72
2012-09-04,WI,48
2012-09-05,CA,179
2012-09-05,TX,107
2012-09-05,WI,56
2012-09-06,CA,189
2012-09-06,TX,88
2012-09-06,WI,60
2012-09-07,CA,207
2012-09-07,TX,105
2012-09-07,WI,63
2012-09-08,CA,250
2012-09-08,TX,118
2012-09-08,WI,94
2012-09-09,CA,237
2012-09-09,TX,140
2012-09-09,WI,69
2012-09-10,CA,203
2012-09-10,TX,74
2012-09-10,WI,50
2012-09-11,CA,164
2012-09-11,TX,82
2012-09-11,WI,53
2012-09-12,CA,153
2012-09-12,TX,67
2012-09-12,WI,49
2012-09-13,CA,233
2012-09-13,TX,81
2012-09-13,WI,59
2012-09-14,CA,201
2012-09-14,TX,90
2012-09-14,WI,97
2012-09-15,CA,243
2012-09-15,TX,93
2012-09-15,WI,77
2012-09-16,CA,242
2012-09-16,TX,122
2012-09-16,WI,82
2012-09-17,CA,188
2012-09-17,TX,91
2012-09-17,WI,74
2012-09-18,CA,185
2012-09-18,TX,71
2012-09-18,WI,77
2012-09-19,CA,150
2012-09-19,TX,55
2012-09-19,WI,48
2012-09-20,CA,146
2012-09-20,TX,66
2012-09-20,WI,46
2012-09-21,CA,147
2012-09-21,TX,84
2012-09-21,WI,82
2012-09-22,CA,262
2012-09-22,TX,105
2012-09-22,WI,78
2012-09-23,CA,220
2012-09-23,TX,82
2012-09-23,WI,84
2012-09-24,CA,192
2012-09-24,TX,56
2012-09-24,WI,52
2012-09-25,CA,143
2012-09-25,TX,63
2012-09-25,WI,47
2012-09-26,CA,125
2012-09-26,TX,63
2012-09-26,WI,63
2012-09-27,CA,207
2012-09-27,TX,50
2012-09-27,WI,52
2012-09-28,CA,163
2012-09-28,TX,51
2012-09-28,WI,55
2012-09-29,CA,254
2012-09-29,TX,136
2012-09-29,WI,64
2012-09-30,CA,263
2012-09-30,TX,101
2012-09-30,WI,59
2012-10-01,CA,193
2012-10-01,TX,105
2012-10-01,WI,49
2012-10-02,CA,143
2012-10-02,TX,56
2012-10-02,WI,36
2012-10-03,CA,171
2012-10-03,TX,56
2012-10-03,WI,59
2012-10-04,CA,188
2012-10-04,TX,75
2012-10-04,WI,51
2012-10-05,CA,198
2012-10-05,TX,79
2012-10-05,WI,47
2012-10-06,CA,229
2012-10-06,TX,80
2012-10-06,WI,57
2012-10-07,CA,230
2012-10-07,TX,86
2012-10-07,WI,43
2012-10-08,CA,191
2012-10-08,TX,68
2012-10-08,WI,47
2012-10-09,CA,154
2012-10-09,TX,83
2012-10-09,WI,52
2012-10-10,CA,117
2012-10-10,TX,71
2012-10-10,WI,42
2012-10-11,CA,159
2012-10-11,TX,32
2012-10-11,WI,31
2012-10-12,CA,184
2012-10-12,TX,53
2012-10-12,WI,42
2012-10-13,CA,176
2012-10-13,TX,119
2012-10-13,WI,62
2012-10-14,CA,203
2012-10-14,TX,70
2012-10-14,WI,38
2012-10-15,CA,152
2012-10-15,TX,49
2012-10-15,WI,33
2012-10-16,CA,126
2012-10-16,TX,52
2012-10-16,WI,33
2012-10-17,CA,167
2012-10-17,TX,45
2012-10-17,WI,28
2012-10-18,CA,132
2012-10-18,TX,49
2012-10-18,WI,18
2012-10-19,CA,178
2012-10-19,TX,85
2012-10-19,WI,30
2012-10-20,CA,218
2012-10-20,TX,64
2012-10-20,WI,35
2012-10-21,CA,215
2012-10-21,TX,68
2012-10-21,WI,42
2012-10-22,CA,177
2012-10-22,TX,47
2012-10-22,WI,26
2012-10-23,CA,133
2012-10-23,TX,55
2012-10-23,WI,29
2012-10-24,CA,154
2012-10-24,TX,57
2012-10-24,WI,28
2012-10-25,CA,127
2012-10-25,TX,43
2012-10-25,WI,25
2012-10-26,CA,143
2012-10-26,TX,59
2012-10-26,WI,72
2012-10-27,CA,166
2012-10-27,TX,69
2012-10-27,WI,68
2012-10-28,CA,214
2012-10-28,TX,54
2012-10-28,WI,62
2012-10-29,CA,143
2012-10-29,TX,68
2012-10-29,WI,56
2012-10-30,CA,134
2012-10-30,TX,73
2012-10-30,WI,53
2012-10-31,CA,135
2012-10-31,TX,50
2012-10-31,WI,44
2012-11-01,CA,145
2012-11-01,TX,56
2012-11-01,WI,68
2012-11-02,CA,171
2012-11-02,TX,78
2012-11-02,WI,83
2012-11-03,CA,188
2012-11-03,TX,85
2012-11-03,WI,94
2012-11-04,CA,207
2012-11-04,TX,89
2012-11-04,WI,66
2012-11-05,CA,134
2012-11-05,TX,74
2012-11-05,WI,57
2012-11-06,CA,127
2012-11-06,TX,65
2012-11-06,WI,61
2012-11-07,CA,174
2012-11-07,TX,58
2012-11-07,WI,44
2012-11-08,CA,137
2012-11-08,TX,71
2012-11-08,WI,56
2012-11-09,CA,155
2012-11-09,TX,56
2012-11-09,WI,60
2012-11-10,CA,215
2012-11-10,TX,81
2012-11-10,WI,74
2012-11-11,CA,186
2012-11-11,TX,92
2012-11-11,WI,87
2012-11-12,CA,132
2012-11-12,TX,50
2012-11-12,WI,70
2012-11-13,CA,111
2012-11-13,TX,97
2012-11-13,WI,50
2012-11-14,CA,111
2012-11-14,TX,44
2012-11-14,WI,51
2012-11-15,CA,132
2012-11-15,TX,67
2012-11-15,WI,59
2012-11-16,CA,145
2012-11-16,TX,55
2012-11-16,WI,67
2012-11-17,CA,369
2012-11-17,TX,79
2012-11-17,WI,77
2012-11-18,CA,194
2012-11-18,TX,67
2012-11-18,WI,68
2012-11-19,CA,93
2012-11-19,TX,49
2012-11-19,WI,52
2012-11-20,CA,126
2012-11-20,TX,84
2012-11-20,WI,51
2012-11-21,CA,182
2012-11-21,TX,71
2012-11-21,WI,72
2012-11-22,CA,83
2012-11-22,TX,46
2012-11-22,WI,24
2012-11-23,CA,136
2012-11-23,TX,51
2012-11-23,WI,48
2012-11-24,CA,122
2012-11-24,TX,53
2012-11-24,WI,103
2012-11-25,CA,196
2012-11-25,TX,56
2012-11-25,WI,60
2012-11-26,CA,115
2012-11-26,TX,51
2012-11-26,WI,36
2012-11-27,CA,117
2012-11-27,TX,54
2012-11-27,WI,39
2012-11-28,CA,102
2012-11-28,TX,57
2012-11-28,WI,30
2012-11-29,CA,104
2012-11-29,TX,59
2012-11-29,WI,48
2012-11-30,CA,115
2012-11-30,TX,69
2012-11-30,WI,76
2012-12-01,CA,187
2012-12-01,TX,70
2012-12-01,WI,76
2012-12-02,CA,142
2012-12-02,TX,70
2012-12-02,WI,81
2012-12-03,CA,166
2012-12-03,TX,69
2012-12-03,WI,79
2012-12-04,CA,163
2012-12-04,TX,54
2012-12-04,WI,56
2012-12-05,CA,131
2012-12-05,TX,67
2012-12-05,WI,63
2012-12-06,CA,151
2012-12-06,TX,67
2012-12-06,WI,81
2012-12-07,CA,183
2012-12-07,TX,82
2012-12-07,WI,62
2012-12-08,CA,192
2012-12-08,TX,68
2012-12-08,WI,106
2012-12-09,CA,164
2012-12-09,TX,56
2012-12-09,WI,77
2012-12-10,CA,154
2012-12-10,TX,53
2012-12-10,WI,51
2012-12-11,CA,144
2012-12-11,TX,25
2012-12-11,WI,37
2012-12-12,CA,140
2012-12-12,TX,58
2012-12-12,WI,73
2012-12-13,CA,138
2012-12-13,TX,66
2012-12-13,WI,53
2012-12-14,CA,126
2012-12-14,TX,69
2012-12-14,WI,97
2012-12-15,CA,204
2012-12-15,TX,79
2012-12-15,WI,91
2012-12-16,CA,221
2012-12-16,TX,59
2012-12-16,WI,49
2012-12-17,CA,113
2012-12-17,TX,81
2012-12-17,WI,71
2012-12-18,CA,179
2012-12-18,TX,82
2012-12-18,WI,68
2012-12-19,CA,168
2012-12-19,TX,80
2012-12-19,WI,74
2012-12-20,CA,185
2012-12-20,TX,74
2012-12-20,WI,55
2012-12-21,CA,172
2012-12-21,TX,66
2012-12-21,WI,81
2012-12-22,CA,190
2012-12-22,TX,64
2012-12-22,WI,107
2012-12-23,CA,188
2012-12-23,TX,86
2012-12-23,WI,91
2012-12-24,CA,136
2012-12-24,TX,63
2012-12-24,WI,56
2012-12-25,CA,0
2012-12-25,TX,0
2012-12-25,WI,0
2012-12-26,CA,114
2012-12-26,TX,95
2012-12-26,WI,65
2012-12-27,CA,123
2012-12-27,TX,85
2012-12-27,WI,73
2012-12-28,CA,146
2012-12-28,TX,109
2012-12-28,WI,65
2012-12-29,CA,236
2012-12-29,TX,78
2012-12-29,WI,89
2012-12-30,CA,213
2012-12-30,TX,114
2012-12-30,WI,66
2012-12-31,CA,181
2012-12-31,TX,88
2012-12-31,WI,56
2013-01-01,CA,129
2013-01-01,TX,76
2013-01-01,WI,40
2013-01-02,CA,186
2013-01-02,TX,75
2013-01-02,WI,79
2013-01-03,CA,176
2013-01-03,TX,68
2013-01-03,WI,72
2013-01-04,CA,176
2013-01-04,TX,96
2013-01-04,WI,67
2013-01-05,CA,230
2013-01-05,TX,73
2013-01-05,WI,151
2013-01-06,CA,248
2013-01-06,TX,93
2013-01-06,WI,84
2013-01-07,CA,181
2013-01-07,TX,76
2013-01-07,WI,81
2013-01-08,CA,155
2013-01-08,TX,43
2013-01-08,WI,68
2013-01-09,CA,158
2013-01-09,TX,60
2013-01-09,WI,104
2013-01-10,CA,180
2013-01-10,TX,77
2013-01-10,WI,73
2013-01-11,CA,208
2013-01-11,TX,99
2013-01-11,WI,82
2013-01-12,CA,228
2013-01-12,TX,99
2013-01-12,WI,142
2013-01-13,CA,280
2013-01-13,TX,97
2013-01-13,WI,97
2013-01-14,CA,153
2013-01-14,TX,59
2013-01-14,WI,102
2013-01-15,CA,177
2013-01-15,TX,53
2013-01-15,WI,80
2013-01-16,CA,144
2013-01-16,TX,69
2013-01-16,WI,64
2013-01-17,CA,145
2013-01-17,TX,54
2013-01-17,WI,71
2013-01-18,CA,173
2013-01-18,TX,103
2013-01-18,WI,85
2013-01-19,CA,192
2013-01-19,TX,105
2013-01-19,WI,133
2013-01-20,CA,241
2013-01-20,TX,117
2013-01-20,WI,115
2013-01-21,CA,199
2013-01-21,TX,79
2013-01-21,WI,85
2013-01-22,CA,166
2013-01-22,TX,69
2013-01-22,WI,56
2013-01-23,CA,144
2013-01-23,TX,80
2013-01-23,WI,81
2013-01-24,CA,162
2013-01-24,TX,92
2013-01-24,WI,87
2013-01-25,CA,208
2013-01-25,TX,71
2013-01-25,WI,60
2013-01-26,CA,240
2013-01-26,TX,104
2013-01-26,WI,92
2013-01-27,CA,217
2013-01-27,TX,92
2013-01-27,WI,63
2013-01-28,CA,213
2013-01-28,TX,57
2013-01-28,WI,69
2013-01-29,CA,175
2013-01-29,TX,70
2013-01-29,WI,63
2013-01-30,CA,130
2013-01-30,TX,57
2013-01-30,WI,44
2013-01-31,CA,160
2013-01-31,TX,91
2013-01-31,WI,66
2013-02-01,CA,169
2013-02-01,TX,126
2013-02-01,WI,98
2013-02-02,CA,234
2013-02-02,TX,154
2013-02-02,WI,131
2013-02-03,CA,147
2013-02-03,TX,102
2013-02-03,WI,96
2013-02-04,CA,109
2013-02-04,TX,88
2013-02-04,WI,73
2013-02-05,CA,169
2013-02-05,TX,94
2013-02-05,WI,80
2013-02-06,CA,159
2013-02-06,TX,64
2013-02-06,WI,72
2013-02-07,CA,172
2013-02-07,TX,78
2013-02-07,WI,46
2013-02-08,CA,155
2013-02-08,TX,96
2013-02-08,WI,78
2013-02-09,CA,206
2013-02-09,TX,155
2013-02-09,WI,141
2013-02-10,CA,228
2013-02-10,TX,152
2013-02-10,WI,127
2013-02-11,CA,158
2013-02-11,TX,89
2013-02-11,WI,52
2013-02-12,CA,127
2013-02-12,TX,90
2013-02-12,WI,98
2013-02-13,CA,201
2013-02-13,TX,100
2013-02-13,WI,111
2013-02-14,CA,124
2013-02-14,TX,76
2013-02-14,WI,87
2013-02-15,CA,210
2013-02-15,TX,106
2013-02-15,WI,124
2013-02-16,CA,247
2013-02-16,TX,101
2013-02-16,WI,107
2013-02-17,CA,252
2013-02-17,TX,103
2013-02-17,WI,61
2013-02-18,CA,159
2013-02-18,TX,122
2013-02-18,WI,50
2013-02-19,CA,162
2013-02-19,TX,69
2013-02-19,WI,42
2013-02-20,CA,160
2013-02-20,TX,99
2013-02-20,WI,78
2013-02-21,CA,175
2013-02-21,TX,147
2013-02-21,WI,90
2013-02-22,CA,189
2013-02-22,TX,126
2013-02-22,WI,72
2013-02-23,CA,229
2013-02-23,TX,205
2013-02-23,WI,119
2013-02-24,CA,231
2013-02-24,TX,222
2013-02-24,WI,125
2013-02-25,CA,204
2013-02-25,TX,149
2013-02-25,WI,69
2013-02-26,CA,151
2013-02-26,TX,101
2013-02-26,WI,91
2013-02-27,CA,196
2013-02-27,TX,125
2013-02-27,WI,80
2013-02-28,CA,174
2013-02-28,TX,82
2013-02-28,WI,99
2013-03-01,CA,220
2013-03-01,TX,115
2013-03-01,WI,122
2013-03-02,CA,309
2013-03-02,TX,110
2013-03-02,WI,113
2013-03-03,CA,247
2013-03-03,TX,131
2013-03-03,WI,106
2013-03-04,CA,154
2013-03-04,TX,90
2013-03-04,WI,102
2013-03-05,CA,149
2013-03-05,TX,115
2013-03-05,WI,52
2013-03-06,CA,152
2013-03-06,TX,78
2013-03-06,WI,96
2013-03-07,CA,155
2013-03-07,TX,80
2013-03-07,WI,63
2013-03-08,CA,199
2013-03-08,TX,108
2013-03-08,WI,69
2013-03-09,CA,208
2013-03-09,TX,109
2013-03-09,WI,110
2013-03-10,CA,250
2013-03-10,TX,94
2013-03-10,WI,131
2013-03-11,CA,142
2013-03-11,TX,125
2013-03-11,WI,65
2013-03-12,CA,174
2013-03-12,TX,81
2013-03-12,WI,91
2013-03-13,CA,110
2013-03-13,TX,105
2013-03-13,WI,75
2013-03-14,CA,150
2013-03-14,TX,125
2013-03-14,WI,83
2013-03-15,CA,202
2013-03-15,TX,117
2013-03-15,WI,104
2013-03-16,CA,211
2013-03-16,TX,168
2013-03-16,WI,139
2013-03-17,CA,223
2013-03-17,TX,177
2013-03-17,WI,93
2013-03-18,CA,156
2013-03-18,TX,99
2013-03-18,WI,50
2013-03-19,CA,130
2013-03-19,TX,111
2013-03-19,WI,69
2013-03-20,CA,174
2013-03-20,TX,103
2013-03-20,WI,60
2013-03-21,CA,144
2013-03-21,TX,117
2013-03-21,WI,68
2013-03-22,CA,200
2013-03-22,TX,131
2013-03-22,WI,98
2013-03-23,CA,230
2013-03-23,TX,142
2013-03-23,WI,83
2013-03-24,CA,234
2013-03-24,TX,157
2013-03-24,WI,69
2013-03-25,CA,207
2013-03-25,TX,117
2013-03-25,WI,62
2013-03-26,CA,166
2013-03-26,TX,134
2013-03-26,WI,56
2013-03-27,CA,147
2013-03-27,TX,110
2013-03-27,WI,70
2013-03-28,CA,189
2013-03-28,TX,103
2013-03-28,WI,93
2013-03-29,CA,204
2013-03-29,TX,111
2013-03-29,WI,99
2013-03-30,CA,265
2013-03-30,TX,146
2013-03-30,WI,85
2013-03-31,CA,173
2013-03-31,TX,131
2013-03-31,WI,45
2013-04-01,CA,201
2013-04-01,TX,81
2013-04-01,WI,58
2013-04-02,CA,173
2013-04-02,TX,91
2013-04-02,WI,109
2013-04-03,CA,230
2013-04-03,TX,76
2013-04-03,WI,87
2013-04-04,CA,208
2013-04-04,TX,106
2013-04-04,WI,77
2013-04-05,CA,202
2013-04-05,TX,126
2013-04-05,WI,116
2013-04-06,CA,219
2013-04-06,TX,123
2013-04-06,WI,139
2013-04-07,CA,286
2013-04-07,TX,157
2013-04-07,WI,128
2013-04-08,CA,217
2013-04-08,TX,88
2013-04-08,WI,85
2013-04-09,CA,250
2013-04-09,TX,114
2013-04-09,WI,69
2013-04-10,CA,199
2013-04-10,TX,122
2013-04-10,WI,62
2013-04-11,CA,193
2013-04-11,TX,120
2013-04-11,WI,87
2013-04-12,CA,219
2013-04-12,TX,118
2013-04-12,WI,104
2013-04-13,CA,286
2013-04-13,TX,131
2013-04-13,WI,111
2013-04-14,CA,264
2013-04-14,TX,144
2013-04-14,WI,95
2013-04-15,CA,184
2013-04-15,TX,126
2013-04-15,WI,55
2013-04-16,CA,175
2013-04-16,TX,131
2013-04-16,WI,90
2013-04-17,CA,166
2013-04-17,TX,93
2013-04-17,WI,57
2013-04-18,CA,136
2013-04-18,TX,146
2013-04-18,WI,83
2013-04-19,CA,172
2013-04-19,TX,143
2013-04-19,WI,70
2013-04-20,CA,251
2013-04-20,TX,127
2013-04-20,WI,79
2013-04-21,CA,231
2013-04-21,TX,129
2013-04-21,WI,108
2013-04-22,CA,235
2013-04-22,TX,102
2013-04-22,WI,59
2013-04-23,CA,174
2013-04-23,TX,92
2013-04-23,WI,55
2013-04-24,CA,189
2013-04-24,TX,106
2013-04-24,WI,58
2013-04-25,CA,164
2013-04-25,TX,113
2013-04-25,WI,65
2013-04-26,CA,163
2013-04-26,TX,139
2013-04-26,WI,67
2013-04-27,CA,238
2013-04-27,TX,109
2013-04-27,WI,103
2013-04-28,CA,239
2013-04-28,TX,243
2013-04-28,WI,90
2013-04-29,CA,179
2013-04-29,TX,117
2013-04-29,WI,71
2013-04-30,CA,195
2013-04-30,TX,135
2013-04-30,WI,58
2013-05-01,CA,195
2013-05-01,TX,139
2013-05-01,WI,76
2013-05-02,CA,247
2013-05-02,TX,123
2013-05-02,WI,67
2013-05-03,CA,243
2013-05-03,TX,160
2013-05-03,WI,84
2013-05-04,CA,265
2013-05-04,TX,177
2013-05-04,WI,108
2013-05-05,CA,240
2013-05-05,TX,162
2013-05-05,WI,119
2013-05-06,CA,250
2013-05-06,TX,124
2013-05-06,WI,59
2013-05-07,CA,182
2013-05-07,TX,102
2013-05-07,WI,73
2013-05-08,CA,177
2013-05-08,TX,96
2013-05-08,WI,64
2013-05-09,CA,160
2013-05-09,TX,113
2013-05-09,WI,78
2013-05-10,CA,217
2013-05-10,TX,118
2013-05-10,WI,101
2013-05-11,CA,236
2013-05-11,TX,146
2013-05-11,WI,93
2013-05-12,CA,228
2013-05-12,TX,140
2013-05-12,WI,97
2013-05-13,CA,183
2013-05-13,TX,141
2013-05-13,WI,62
2013-05-14,CA,180
2013-05-14,TX,118
2013-05-14,WI,59
2013-05-15,CA,197
2013-05-15,TX,113
2013-05-15,WI,77
2013-05-16,CA,229
2013-05-16,TX,131
2013-05-16,WI,70
2013-05-17,CA,203
2013-05-17,TX,149
2013-05-17,WI,84
2013-05-18,CA,247
2013-05-18,TX,167
2013-05-18,WI,71
2013-05-19,CA,268
2013-05-19,TX,149
2013-05-19,WI,93
2013-05-20,CA,206
2013-05-20,TX,109
2013-05-20,WI,65
2013-05-21,CA,205
2013-05-21,TX,115
2013-05-21,WI,88
2013-05-22,CA,189
2013-05-22,TX,98
2013-05-22,WI,61
2013-05-23,CA,209
2013-05-23,TX,122
2013-05-23,WI,77
2013-05-24,CA,259
2013-05-24,TX,119
2013-05-24,WI,95
2013-05-25,CA,253
2013-05-25,TX,117
2013-05-25,WI,107
2013-05-26,CA,259
2013-05-26,TX,165
2013-05-26,WI,82
2013-05-27,CA,212
2013-05-27,TX,130
2013-05-27,WI,90
2013-05-28,CA,192
2013-05-28,TX,123
2013-05-28,WI,40
2013-05-29,CA,175
2013-05-29,TX,117
2013-05-29,WI,79
2013-05-30,CA,164
2013-05-30,TX,129
2013-05-30,WI,60
2013-05-31,CA,211
2013-05-31,TX,136
2013-05-31,WI,98
2013-06-01,CA,255
2013-06-01,TX,126
2013-06-01,WI,133
2013-06-02,CA,224
2013-06-02,TX,130
2013-06-02,WI,99
2013-06-03,CA,195
2013-06-03,TX,109
2013-06-03,WI,76
2013-06-04,CA,173
2013-06-04,TX,129
2013-06-04,WI,83
2013-06-05,CA,181
2013-06-05,TX,123
2013-06-05,WI,81
2013-06-06,CA,151
2013-06-06,TX,100
2013-06-06,WI,70
2013-06-07,CA,234
2013-06-07,TX,125
2013-06-07,WI,80
2013-06-08,CA,310
2013-06-08,TX,140
2013-06-08,WI,108
2013-06-09,CA,258
2013-06-09,TX,136
2013-06-09,WI,101
2013-06-10,CA,255
2013-06-10,TX,109
2013-06-10,WI,75
2013-06-11,CA,175
2013-06-11,TX,104
2013-06-11,WI,90
2013-06-12,CA,199
2013-06-12,TX,114
2013-06-12,WI,95
2013-06-13,CA,203
2013-06-13,TX,88
2013-06-13,WI,80
2013-06-14,CA,272
2013-06-14,TX,89
2013-06-14,WI,99
2013-06-15,CA,327
2013-06-15,TX,137
2013-06-15,WI,114
2013-06-16,CA,294
2013-06-16,TX,244
2013-06-16,WI,65
2013-06-17,CA,183
2013-06-17,TX,96
2013-06-17,WI,84
2013-06-18,CA,182
2013-06-18,TX,96
2013-06-18,WI,66
2013-06-19,CA,227
2013-06-19,TX,115
2013-06-19,WI,84
2013-06-20,CA,229
2013-06-20,TX,80
2013-06-20,WI,83
2013-06-21,CA,235
2013-06-21,TX,109
2013-06-21,WI,93
2013-06-22,CA,263
2013-06-22,TX,141
2013-06-22,WI,122
2013-06-23,CA,223
2013-06-23,TX,141
2013-06-23,WI,79
2013-06-24,CA,241
2013-06-24,TX,124
2013-06-24,WI,80
2013-06-25,CA,267
2013-06-25,TX,97
2013-06-25,WI,58
2013-06-26,CA,190
2013-06-26,TX,107
2013-06-26,WI,77
2013-06-27,CA,214
2013-06-27,TX,138
2013-06-27,WI,66
2013-06-28,CA,212
2013-06-28,TX,141
2013-06-28,WI,89
2013-06-29,CA,272
2013-06-29,TX,155
2013-06-29,WI,90
2013-06-30,CA,312
2013-06-30,TX,184
2013-06-30,WI,115
2013-07-01,CA,326
2013-07-01,TX,134
2013-07-01,WI,102
2013-07-02,CA,371
2013-07-02,TX,176
2013-07-02,WI,115
2013-07-03,CA,324
2013-07-03,TX,137
2013-07-03,WI,130
2013-07-04,CA,306
2013-07-04,TX,84
2013-07-04,WI,92
2013-07-05,CA,574
2013-07-05,TX,153
2013-07-05,WI,112
2013-07-06,CA,283
2013-07-06,TX,186
2013-07-06,WI,107
2013-07-07,CA,280
2013-07-07,TX,141
2013-07-07,WI,94
2013-07-08,CA,234
2013-07-08,TX,140
2013-07-08,WI,71
2013-07-09,CA,177
2013-07-09,TX,111
2013-07-09,WI,100
2013-07-10,CA,230
2013-07-10,TX,141
2013-07-10,WI,133
2013-07-11,CA,242
2013-07-11,TX,122
2013-07-11,WI,115
2013-07-12,CA,335
2013-07-12,TX,128
2013-07-12,WI,143
2013-07-13,CA,311
2013-07-13,TX,166
2013-07-13,WI,108
2013-07-14,CA,288
2013-07-14,TX,186
2013-07-14,WI,96
2013-07-15,CA,223
2013-07-15,TX,142
2013-07-15,WI,98
2013-07-16,CA,226
2013-07-16,TX,136
2013-07-16,WI,80
2013-07-17,CA,191
2013-07-17,TX,131
2013-07-17,WI,71
2013-07-18,CA,220
2013-07-18,TX,107
2013-07-18,WI,84
2013-07-19,CA,235
2013-07-19,TX,112
2013-07-19,WI,96
2013-07-20,CA,335
2013-07-20,TX,127
2013-07-20,WI,120
2013-07-21,CA,315
2013-07-21,TX,146
2013-07-21,WI,103
2013-07-22,CA,253
2013-07-22,TX,107
2013-07-22,WI,105
2013-07-23,CA,160
2013-07-23,TX,89
2013-07-23,WI,77
2013-07-24,CA,246
2013-07-24,TX,101
2013-07-24,WI,86
2013-07-25,CA,172
2013-07-25,TX,125
2013-07-25,WI,79
2013-07-26,CA,236
2013-07-26,TX,131
2013-07-26,WI,94
2013-07-27,CA,273
2013-07-27,TX,148
2013-07-27,WI,110
2013-07-28,CA,294
2013-07-28,TX,140
2013-07-28,WI,116
2013-07-29,CA,263
2013-07-29,TX,116
2013-07-29,WI,66
2013-07-30,CA,273
2013-07-30,TX,136
2013-07-30,WI,64
2013-07-31,CA,271
2013-07-31,TX,90
2013-07-31,WI,74
2013-08-01,CA,246
2013-08-01,TX,122
2013-08-01,WI,102
2013-08-02,CA,344
2013-08-02,TX,121
2013-08-02,WI,102
2013-08-03,CA,317
2013-08-03,TX,141
2013-08-03,WI,168
2013-08-04,CA,301
2013-08-04,TX,156
2013-08-04,WI,104
2013-08-05,CA,322
2013-08-05,TX,138
2013-08-05,WI,106
2013-08-06,CA,204
2013-08-06,TX,138
2013-08-06,WI,83
2013-08-07,CA,233
2013-08-07,TX,111
2013-08-07,WI,48
2013-08-08,CA,223
2013-08-08,TX,92
2013-08-08,WI,98
2013-08-09,CA,234
2013-08-09,TX,151
2013-08-09,WI,75
2013-08-10,CA,306
2013-08-10,TX,167
2013-08-10,WI,116
2013-08-11,CA,264
2013-08-11,TX,131
2013-08-11,WI,109
2013-08-12,CA,213
2013-08-12,TX,128
2013-08-12,WI,85
2013-08-13,CA,175
2013-08-13,TX,87
2013-08-13,WI,78
2013-08-14,CA,181
2013-08-14,TX,95
2013-08-14,WI,82
2013-08-15,CA,240
2013-08-15,TX,112
2013-08-15,WI,99
2013-08-16,CA,224
2013-08-16,TX,135
2013-08-16,WI,85
2013-08-17,CA,314
2013-08-17,TX,137
2013-08-17,WI,112
2013-08-18,CA,263
2013-08-18,TX,114
2013-08-18,WI,85
2013-08-19,CA,300
2013-08-19,TX,134
2013-08-19,WI,79
2013-08-20,CA,255
2013-08-20,TX,99
2013-08-20,WI,65
2013-08-21,CA,237
2013-08-21,TX,98
2013-08-21,WI,88
2013-08-22,CA,268
2013-08-22,TX,67
2013-08-22,WI,87
2013-08-23,CA,231
2013-08-23,TX,67
2013-08-23,WI,82
2013-08-24,CA,313
2013-08-24,TX,98
2013-08-24,WI,93
2013-08-25,CA,349
2013-08-25,TX,108
2013-08-25,WI,103
2013-08-26,CA,303
2013-08-26,TX,74
2013-08-26,WI,91
2013-08-27,CA,189
2013-08-27,TX,78
2013-08-27,WI,69
2013-08-28,CA,270
2013-08-28,TX,75
2013-08-28,WI,78
2013-08-29,CA,287
2013-08-29,TX,88
2013-08-29,WI,84
2013-08-30,CA,217
2013-08-30,TX,119
2013-08-30,WI,110
2013-08-31,CA,316
2013-08-31,TX,115
2013-08-31,WI,115
2013-09-01,CA,330
2013-09-01,TX,135
2013-09-01,WI,97
2013-09-02,CA,302
2013-09-02,TX,86
2013-09-02,WI,115
2013-09-03,CA,248
2013-09-03,TX,103
2013-09-03,WI,104
2013-09-04,CA,228
2013-09-04,TX,75
2013-09-04,WI,102
2013-09-05,CA,210
2013-09-05,TX,62
2013-09-05,WI,74
2013-09-06,CA,208
2013-09-06,TX,89
2013-09-06,WI,119
2013-09-07,CA,248
2013-09-07,TX,121
2013-09-07,WI,118
2013-09-08,CA,344
2013-09-08,TX,126
2013-09-08,WI,117
2013-09-09,CA,256
2013-09-09,TX,76
2013-09-09,WI,65
2013-09-10,CA,257
2013-09-10,TX,108
2013-09-10,WI,89
2013-09-11,CA,224
2013-09-11,TX,80
2013-09-11,WI,82
2013-09-12,CA,224
2013-09-12,TX,101
2013-09-12,WI,88
2013-09-13,CA,203
2013-09-13,TX,103
2013-09-13,WI,125
2013-09-14,CA,267
2013-09-14,TX,127
2013-09-14,WI,134
2013-09-15,CA,300
2013-09-15,TX,131
2013-09-15,WI,106
2013-09-16,CA,250
2013-09-16,TX,57
2013-09-16,WI,78
2013-09-17,CA,198
2013-09-17,TX,101
2013-09-17,WI,81
2013-09-18,CA,216
2013-09-18,TX,90
2013-09-18,WI,78
2013-09-19,CA,163
2013-09-19,TX,80
2013-09-19,WI,91
2013-09-20,CA,202
2013-09-20,TX,77
2013-09-20,WI,90
2013-09-21,CA,291
2013-09-21,TX,107
2013-09-21,WI,124
2013-09-22,CA,309
2013-09-22,TX,108
2013-09-22,WI,97
2013-09-23,CA,230
2013-09-23,TX,70
2013-09-23,WI,83
2013-09-24,CA,228
2013-09-24,TX,72
2013-09-24,WI,77
2013-09-25,CA,167
2013-09-25,TX,90
2013-09-25,WI,65
2013-09-26,CA,242
2013-09-26,TX,82
2013-09-26,WI,85
2013-09-27,CA,240
2013-09-27,TX,85
2013-09-27,WI,94
2013-09-28,CA,302
2013-09-28,TX,127
2013-09-28,WI,132
2013-09-29,CA,306
2013-09-29,TX,131
2013-09-29,WI,107
2013-09-30,CA,194
2013-09-30,TX,92
2013-09-30,WI,75
2013-10-01,CA,216
2013-10-01,TX,77
2013-10-01,WI,105
2013-10-02,CA,194
2013-10-02,TX,78
2013-10-02,WI,78
2013-10-03,CA,237
2013-10-03,TX,81
2013-10-03,WI,102
2013-10-04,CA,288
2013-10-04,TX,85
2013-10-04,WI,97
2013-10-05,CA,366
2013-10-05,TX,146
2013-10-05,WI,125
2013-10-06,CA,351
2013-10-06,TX,130
2013-10-06,WI,92
2013-10-07,CA,277
2013-10-07,TX,97
2013-10-07,WI,89
2013-10-08,CA,248
2013-10-08,TX,104
2013-10-08,WI,75
2013-10-09,CA,272
2013-10-09,TX,93
2013-10-09,WI,92
2013-10-10,CA,245
2013-10-10,TX,116
2013-10-10,WI,76
2013-10-11,CA,224
2013-10-11,TX,96
2013-10-11,WI,111
2013-10-12,CA,322
2013-10-12,TX,110
2013-10-12,WI,153
2013-10-13,CA,304
2013-10-13,TX,144
2013-10-13,WI,124
2013-10-14,CA,241
2013-10-14,TX,84
2013-10-14,WI,75
2013-10-15,CA,207
2013-10-15,TX,105
2013-10-15,WI,60
2013-10-16,CA,201
2013-10-16,TX,90
2013-10-16,WI,87
2013-10-17,CA,242
2013-10-17,TX,79
2013-10-17,WI,59
2013-10-18,CA,224
2013-10-18,TX,64
2013-10-18,WI,65
2013-10-19,CA,292
2013-10-19,TX,81
2013-10-19,WI,78
2013-10-20,CA,356
2013-10-20,TX,111
2013-10-20,WI,91
2013-10-21,CA,178
2013-10-21,TX,107
2013-10-21,WI,59
2013-10-22,CA,210
2013-10-22,TX,81
2013-10-22,WI,59
2013-10-23,CA,211
2013-10-23,TX,72
2013-10-23,WI,76
2013-10-24,CA,183
2013-10-24,TX,68
2013-10-24,WI,69
2013-10-25,CA,212
2013-10-25,TX,83
2013-10-25,WI,106
2013-10-26,CA,337
2013-10-26,TX,103
2013-10-26,WI,167
2013-10-27,CA,313
2013-10-27,TX,125
2013-10-27,WI,106
2013-10-28,CA,239
2013-10-28,TX,66
2013-10-28,WI,62
2013-10-29,CA,264
2013-10-29,TX,74
2013-10-29,WI,80
2013-10-30,CA,204
2013-10-30,TX,83
2013-10-30,WI,138
2013-10-31,CA,174
2013-10-31,TX,77
2013-10-31,WI,111
2013-11-01,CA,229
2013-11-01,TX,143
2013-11-01,WI,109
2013-11-02,CA,273
2013-11-02,TX,81
2013-11-02,WI,149
2013-11-03,CA,256
2013-11-03,TX,96
2013-11-03,WI,130
2013-11-04,CA,195
2013-11-04,TX,72
2013-11-04,WI,106
2013-11-05,CA,180
2013-11-05,TX,64
2013-11-05,WI,104
2013-11-06,CA,234
2013-11-06,TX,81
2013-11-06,WI,111
2013-11-07,CA,189
2013-11-07,TX,84
2013-11-07,WI,93
2013-11-08,CA,179
2013-11-08,TX,77
2013-11-08,WI,111
2013-11-09,CA,286
2013-11-09,TX,129
2013-11-09,WI,169
2013-11-10,CA,284
2013-11-10,TX,102
2013-11-10,WI,115
2013-11-11,CA,213
2013-11-11,TX,129
2013-11-11,WI,94
2013-11-12,CA,196
2013-11-12,TX,88
2013-11-12,WI,107
2013-11-13,CA,174
2013-11-13,TX,91
2013-11-13,WI,110
2013-11-14,CA,167
2013-11-14,TX,120
2013-11-14,WI,98
2013-11-15,CA,232
2013-11-15,TX,114
2013-11-15,WI,123
2013-11-16,CA,245
2013-11-16,TX,119
2013-11-16,WI,135
2013-11-17,CA,263
2013-11-17,TX,146
2013-11-17,WI,139
2013-11-18,CA,234
2013-11-18,TX,117
2013-11-18,WI,124
2013-11-19,CA,236
2013-11-19,TX,121
2013-11-19,WI,96
2013-11-20,CA,189
2013-11-20,TX,91
2013-11-20,WI,93
2013-11-21,CA,186
2013-11-21,TX,113
2013-11-21,WI,111
2013-11-22,CA,237
2013-11-22,TX,88
2013-11-22,WI,117
2013-11-23,CA,275
2013-11-23,TX,110
2013-11-23,WI,124
2013-11-24,CA,251
2013-11-24,TX,120
2013-11-24,WI,118
2013-11-25,CA,193
2013-11-25,TX,105
2013-11-25,WI,63
2013-11-26,CA,224
2013-11-26,TX,99
2013-11-26,WI,101
2013-11-27,CA,266
2013-11-27,TX,74
2013-11-27,WI,120
2013-11-28,CA,107
2013-11-28,TX,48
2013-11-28,WI,42
2013-11-29,CA,170
2013-11-29,TX,57
2013-11-29,WI,61
2013-11-30,CA,200
2013-11-30,TX,109
2013-11-30,WI,89
2013-12-01,CA,245
2013-12-01,TX,134
2013-12-01,WI,78
2013-12-02,CA,238
2013-12-02,TX,81
2013-12-02,WI,90
2013-12-03,CA,258
2013-12-03,TX,72
2013-12-03,WI,111
2013-12-04,CA,177
2013-12-04,TX,78
2013-12-04,WI,96
2013-12-05,CA,235
2013-12-05,TX,69
2013-12-05,WI,101
2013-12-06,CA,216
2013-12-06,TX,96
2013-12-06,WI,126
2013-12-07,CA,254
2013-12-07,TX,105
2013-12-07,WI,112
2013-12-08,CA,218
2013-12-08,TX,105
2013-12-08,WI,84
2013-12-09,CA,228
2013-12-09,TX,86
2013-12-09,WI,88
2013-12-10,CA,236
2013-12-10,TX,63
2013-12-10,WI,88
2013-12-11,CA,196
2013-12-11,TX,117
2013-12-11,WI,130
2013-12-12,CA,180
2013-12-12,TX,87
2013-12-12,WI,100
2013-12-13,CA,200
2013-12-13,TX,93
2013-12-13,WI,147
2013-12-14,CA,239
2013-12-14,TX,101
2013-12-14,WI,142
2013-12-15,CA,263
2013-12-15,TX,105
2013-12-15,WI,159
2013-12-16,CA,271
2013-12-16,TX,83
2013-12-16,WI,123
2013-12-17,CA,180
2013-12-17,TX,81
2013-12-17,WI,82
2013-12-18,CA,189
2013-12-18,TX,88
2013-12-18,WI,109
2013-12-19,CA,246
2013-12-19,TX,70
2013-12-19,WI,109
2013-12-20,CA,255
2013-12-20,TX,56
2013-12-20,WI,103
2013-12-21,CA,269
2013-12-21,TX,119
2013-12-21,WI,141
2013-12-22,CA,247
2013-12-22,TX,94
2013-12-22,WI,79
2013-12-23,CA,234
2013-12-23,TX,88
2013-12-23,WI,104
2013-12-24,CA,142
2013-12-24,TX,90
2013-12-24,WI,118
2013-12-25,CA,0
2013-12-25,TX,0
2013-12-25,WI,0
2013-12-26,CA,199
2013-12-26,TX,67
2013-12-26,WI,78
2013-12-27,CA,268
2013-12-27,TX,71
2013-12-27,WI,121
2013-12-28,CA,205
2013-12-28,TX,98
2013-12-28,WI,117
2013-12-29,CA,167
2013-12-29,TX,67
2013-12-29,WI,105
2013-12-30,CA,196
2013-12-30,TX,85
2013-12-30,WI,80
2013-12-31,CA,190
2013-12-31,TX,67
2013-12-31,WI,100
2014-01-01,CA,143
2014-01-01,TX,54
2014-01-01,WI,43
2014-01-02,CA,205
2014-01-02,TX,83
2014-01-02,WI,101
2014-01-03,CA,222
2014-01-03,TX,75
2014-01-03,WI,112
2014-01-04,CA,244
2014-01-04,TX,101
2014-01-04,WI,147
2014-01-05,CA,239
2014-01-05,TX,112
2014-01-05,WI,141
2014-01-06,CA,234
2014-01-06,TX,49
2014-01-06,WI,70
2014-01-07,CA,211
2014-01-07,TX,78
2014-01-07,WI,69
2014-01-08,CA,225
2014-01-08,TX,86
2014-01-08,WI,91
2014-01-09,CA,145
2014-01-09,TX,90
2014-01-09,WI,91
2014-01-10,CA,151
2014-01-10,TX,64
2014-01-10,WI,69
2014-01-11,CA,231
2014-01-11,TX,98
2014-01-11,WI,182
2014-01-12,CA,223
2014-01-12,TX,72
2014-01-12,WI,142
2014-01-13,CA,184
2014-01-13,TX,66
2014-01-13,WI,89
2014-01-14,CA,185
2014-01-14,TX,63
2014-01-14,WI,103
2014-01-15,CA,180
2014-01-15,TX,79
2014-01-15,WI,119
2014-01-16,CA,182
2014-01-16,TX,83
2014-01-16,WI,88
2014-01-17,CA,190
2014-01-17,TX,66
2014-01-17,WI,119
2014-01-18,CA,315
2014-01-18,TX,124
2014-01-18,WI,151
2014-01-19,CA,289
2014-01-19,TX,89
2014-01-19,WI,125
2014-01-20,CA,177
2014-01-20,TX,78
2014-01-20,WI,100
2014-01-21,CA,123
2014-01-21,TX,71
2014-01-21,WI,66
2014-01-22,CA,291
2014-01-22,TX,61
2014-01-22,WI,76
2014-01-23,CA,167
2014-01-23,TX,54
2014-01-23,WI,75
2014-01-24,CA,156
2014-01-24,TX,83
2014-01-24,WI,110
2014-01-25,CA,263
2014-01-25,TX,122
2014-01-25,WI,134
2014-01-26,CA,232
2014-01-26,TX,95
2014-01-26,WI,135
2014-01-27,CA,212
2014-01-27,TX,110
2014-01-27,WI,74
2014-01-28,CA,173
2014-01-28,TX,48
2014-01-28,WI,56
2014-01-29,CA,113
2014-01-29,TX,60
2014-01-29,WI,88
2014-01-30,CA,159
2014-01-30,TX,63
2014-01-30,WI,94
2014-01-31,CA,258
2014-01-31,TX,91
2014-01-31,WI,141
2014-02-01,CA,318
2014-02-01,TX,104
2014-02-01,WI,164
2014-02-02,CA,286
2014-02-02,TX,98
2014-02-02,WI,139
2014-02-03,CA,267
2014-02-03,TX,58
2014-02-03,WI,132
2014-02-04,CA,163
2014-02-04,TX,78
2014-02-04,WI,81
2014-02-05,CA,233
2014-02-05,TX,86
2014-02-05,WI,95
2014-02-06,CA,207
2014-02-06,TX,61
2014-02-06,WI,101
2014-02-07,CA,216
2014-02-07,TX,94
2014-02-07,WI,125
2014-02-08,CA,292
2014-02-08,TX,112
2014-02-08,WI,150
2014-02-09,CA,343
2014-02-09,TX,100
2014-02-09,WI,155
2014-02-10,CA,265
2014-02-10,TX,79
2014-02-10,WI,94
2014-02-11,CA,230
2014-02-11,TX,104
2014-02-11,WI,125
2014-02-12,CA,222
2014-02-12,TX,75
2014-02-12,WI,129
2014-02-13,CA,241
2014-02-13,TX,85
2014-02-13,WI,150
2014-02-14,CA,237
2014-02-14,TX,43
2014-02-14,WI,119
2014-02-15,CA,277
2014-02-15,TX,108
2014-02-15,WI,187
2014-02-16,CA,293
2014-02-16,TX,131
2014-02-16,WI,154
2014-02-17,CA,222
2014-02-17,TX,78
2014-02-17,WI,66
2014-02-18,CA,240
2014-02-18,TX,72
2014-02-18,WI,100
2014-02-19,CA,214
2014-02-19,TX,64
2014-02-19,WI,127
2014-02-20,CA,147
2014-02-20,TX,73
2014-02-20,WI,117
2014-02-21,CA,226
2014-02-21,TX,87
2014-02-21,WI,103
2014-02-22,CA,301
2014-02-22,TX,111
2014-02-22,WI,155
2014-02-23,CA,208
2014-02-23,TX,149
2014-02-23,WI,166
2014-02-24,CA,204
2014-02-24,TX,101
2014-02-24,WI,117
2014-02-25,CA,149
2014-02-25,TX,77
2014-02-25,WI,115
2014-02-26,CA,146
2014-02-26,TX,92
2014-02-26,WI,90
2014-02-27,CA,145
2014-02-27,TX,94
2014-02-27,WI,91
2014-02-28,CA,197
2014-02-28,TX,78
2014-02-28,WI,141
2014-03-01,CA,335
2014-03-01,TX,120
2014-03-01,WI,142
2014-03-02,CA,327
2014-03-02,TX,121
2014-03-02,WI,161
2014-03-03,CA,207
2014-03-03,TX,65
2014-03-03,WI,133
2014-03-04,CA,184
2014-03-04,TX,81
2014-03-04,WI,118
2014-03-05,CA,181
2014-03-05,TX,77
2014-03-05,WI,127
2014-03-06,CA,221
2014-03-06,TX,69
2014-03-06,WI,115
2014-03-07,CA,218
2014-03-07,TX,112
2014-03-07,WI,166
2014-03-08,CA,228
2014-03-08,TX,148
2014-03-08,WI,244
2014-03-09,CA,329
2014-03-09,TX,147
2014-03-09,WI,172
2014-03-10,CA,286
2014-03-10,TX,122
2014-03-10,WI,134
2014-03-11,CA,234
2014-03-11,TX,133
2014-03-11,WI,103
2014-03-12,CA,202
2014-03-12,TX,106
2014-03-12,WI,171
2014-03-13,CA,214
2014-03-13,TX,101
2014-03-13,WI,145
2014-03-14,CA,208
2014-03-14,TX,114
2014-03-14,WI,110
2014-03-15,CA,309
2014-03-15,TX,152
2014-03-15,WI,168
2014-03-16,CA,441
2014-03-16,TX,106
2014-03-16,WI,152
2014-03-17,CA,213
2014-03-17,TX,97
2014-03-17,WI,116
2014-03-18,CA,207
2014-03-18,TX,90
2014-03-18,WI,83
2014-03-19,CA,171
2014-03-19,TX,106
2014-03-19,WI,108
2014-03-20,CA,170
2014-03-20,TX,85
2014-03-20,WI,109
2014-03-21,CA,202
2014-03-21,TX,90
2014-03-21,WI,128
2014-03-22,CA,259
2014-03-22,TX,127
2014-03-22,WI,132
2014-03-23,CA,291
2014-03-23,TX,100
2014-03-23,WI,110
2014-03-24,CA,195
2014-03-24,TX,91
2014-03-24,WI,79
2014-03-25,CA,210
2014-03-25,TX,81
2014-03-25,WI,83
2014-03-26,CA,193
2014-03-26,TX,59
2014-03-26,WI,82
2014-03-27,CA,163
2014-03-27,TX,123
2014-03-27,WI,81
2014-03-28,CA,204
2014-03-28,TX,63
2014-03-28,WI,129
2014-03-29,CA,241
2014-03-29,TX,122
2014-03-29,WI,142
2014-03-30,CA,305
2014-03-30,TX,125
2014-03-30,WI,132
2014-03-31,CA,236
2014-03-31,TX,89
2014-03-31,WI,110
2014-04-01,CA,178
2014-04-01,TX,85
2014-04-01,WI,102
2014-04-02,CA,227
2014-04-02,TX,85
2014-04-02,WI,126
2014-04-03,CA,250
2014-04-03,TX,78
2014-04-03,WI,146
2014-04-04,CA,207
2014-04-04,TX,89
2014-04-04,WI,123
2014-04-05,CA,333
2014-04-05,TX,86
2014-04-05,WI,200
2014-04-06,CA,338
2014-04-06,TX,138
2014-04-06,WI,129
2014-04-07,CA,257
2014-04-07,TX,85
2014-04-07,WI,93
2014-04-08,CA,182
2014-04-08,TX,87
2014-04-08,WI,131
2014-04-09,CA,233
2014-04-09,TX,77
2014-04-09,WI,108
2014-04-10,CA,244
2014-04-10,TX,80
2014-04-10,WI,108
2014-04-11,CA,273
2014-04-11,TX,119
2014-04-11,WI,144
2014-04-12,CA,223
2014-04-12,TX,96
2014-04-12,WI,172
2014-04-13,CA,294
2014-04-13,TX,106
2014-04-13,WI,140
2014-04-14,CA,224
2014-04-14,TX,58
2014-04-14,WI,108
2014-04-15,CA,187
2014-04-15,TX,77
2014-04-15,WI,123
2014-04-16,CA,278
2014-04-16,TX,88
2014-04-16,WI,105
2014-04-17,CA,197
2014-04-17,TX,65
2014-04-17,WI,132
2014-04-18,CA,223
2014-04-18,TX,133
2014-04-18,WI,128
2014-04-19,CA,307
2014-04-19,TX,113
2014-04-19,WI,149
2014-04-20,CA,219
2014-04-20,TX,112
2014-04-20,WI,106
2014-04-21,CA,202
2014-04-21,TX,67
2014-04-21,WI,96
2014-04-22,CA,246
2014-04-22,TX,82
2014-04-22,WI,101
2014-04-23,CA,195
2014-04-23,TX,76
2014-04-23,WI,95
2014-04-24,CA,256
2014-04-24,TX,80
2014-04-24,WI,95
2014-04-25,CA,235
2014-04-25,TX,103
2014-04-25,WI,146
2014-04-26,CA,302
2014-04-26,TX,91
2014-04-26,WI,144
2014-04-27,CA,352
2014-04-27,TX,93
2014-04-27,WI,149
2014-04-28,CA,242
2014-04-28,TX,88
2014-04-28,WI,102
2014-04-29,CA,151
2014-04-29,TX,74
2014-04-29,WI,104
2014-04-30,CA,185
2014-04-30,TX,82
2014-04-30,WI,117
2014-05-01,CA,247
2014-05-01,TX,74
2014-05-01,WI,115
2014-05-02,CA,276
2014-05-02,TX,81
2014-05-02,WI,150
2014-05-03,CA,375
2014-05-03,TX,118
2014-05-03,WI,156
2014-05-04,CA,231
2014-05-04,TX,109
2014-05-04,WI,140
2014-05-05,CA,182
2014-05-05,TX,96
2014-05-05,WI,116
2014-05-06,CA,171
2014-05-06,TX,64
2014-05-06,WI,117
2014-05-07,CA,217
2014-05-07,TX,83
2014-05-07,WI,130
2014-05-08,CA,222
2014-05-08,TX,75
2014-05-08,WI,144
2014-05-09,CA,211
2014-05-09,TX,92
2014-05-09,WI,141
2014-05-10,CA,314
2014-05-10,TX,103
2014-05-10,WI,165
2014-05-11,CA,295
2014-05-11,TX,93
2014-05-11,WI,86
2014-05-12,CA,222
2014-05-12,TX,111
2014-05-12,WI,104
2014-05-13,CA,225
2014-05-13,TX,87
2014-05-13,WI,141
2014-05-14,CA,231
2014-05-14,TX,64
2014-05-14,WI,106
2014-05-15,CA,192
2014-05-15,TX,101
2014-05-15,WI,104
2014-05-16,CA,271
2014-05-16,TX,100
2014-05-16,WI,106
2014-05-17,CA,297
2014-05-17,TX,109
2014-05-17,WI,171
2014-05-18,CA,366
2014-05-18,TX,121
2014-05-18,WI,124
2014-05-19,CA,231
2014-05-19,TX,113
2014-05-19,WI,118
2014-05-20,CA,236
2014-05-20,TX,84
2014-05-20,WI,126
2014-05-21,CA,177
2014-05-21,TX,80
2014-05-21,WI,91
2014-05-22,CA,272
2014-05-22,TX,91
2014-05-22,WI,114
2014-05-23,CA,287
2014-05-23,TX,72
2014-05-23,WI,141
2014-05-24,CA,274
2014-05-24,TX,127
2014-05-24,WI,143
2014-05-25,CA,177
2014-05-25,TX,105
2014-05-25,WI,105
2014-05-26,CA,323
2014-05-26,TX,74
2014-05-26,WI,84
2014-05-27,CA,210
2014-05-27,TX,63
2014-05-27,WI,107
2014-05-28,CA,185
2014-05-28,TX,80
2014-05-28,WI,94
2014-05-29,CA,201
2014-05-29,TX,98
2014-05-29,WI,94
2014-05-30,CA,267
2014-05-30,TX,69
2014-05-30,WI,120
2014-05-31,CA,302
2014-05-31,TX,102
2014-05-31,WI,137
2014-06-01,CA,356
2014-06-01,TX,111
2014-06-01,WI,129
2014-06-02,CA,265
2014-06-02,TX,96
2014-06-02,WI,80
2014-06-03,CA,364
2014-06-03,TX,88
2014-06-03,WI,126
2014-06-04,CA,216
2014-06-04,TX,119
2014-06-04,WI,105
2014-06-05,CA,267
2014-06-05,TX,101
2014-06-05,WI,146
2014-06-06,CA,228
2014-06-06,TX,109
2014-06-06,WI,100
2014-06-07,CA,230
2014-06-07,TX,133
2014-06-07,WI,112
2014-06-08,CA,302
2014-06-08,TX,106
2014-06-08,WI,149
2014-06-09,CA,327
2014-06-09,TX,69
2014-06-09,WI,106
2014-06-10,CA,217
2014-06-10,TX,70
2014-06-10,WI,114
2014-06-11,CA,283
2014-06-11,TX,78
2014-06-11,WI,115
2014-06-12,CA,224
2014-06-12,TX,78
2014-06-12,WI,97
2014-06-13,CA,249
2014-06-13,TX,105
2014-06-13,WI,141
2014-06-14,CA,309
2014-06-14,TX,86
2014-06-14,WI,119
2014-06-15,CA,277
2014-06-15,TX,118
2014-06-15,WI,106
2014-06-16,CA,233
2014-06-16,TX,116
2014-06-16,WI,69
2014-06-17,CA,184
2014-06-17,TX,88
2014-06-17,WI,112
2014-06-18,CA,195
2014-06-18,TX,84
2014-06-18,WI,103
2014-06-19,CA,250
2014-06-19,TX,92
2014-06-19,WI,90
2014-06-20,CA,296
2014-06-20,TX,81
2014-06-20,WI,85
2014-06-21,CA,288
2014-06-21,TX,95
2014-06-21,WI,130
2014-06-22,CA,297
2014-06-22,TX,106
2014-06-22,WI,90
2014-06-23,CA,183
2014-06-23,TX,71
2014-06-23,WI,110
2014-06-24,CA,211
2014-06-24,TX,80
2014-06-24,WI,91
2014-06-25,CA,245
2014-06-25,TX,62
2014-06-25,WI,78
2014-06-26,CA,187
2014-06-26,TX,105
2014-06-26,WI,79
2014-06-27,CA,237
2014-06-27,TX,129
2014-06-27,WI,136
2014-06-28,CA,263
2014-06-28,TX,95
2014-06-28,WI,116
2014-06-29,CA,269
2014-06-29,TX,115
2014-06-29,WI,110
2014-06-30,CA,233
2014-06-30,TX,82
2014-06-30,WI,90
2014-07-01,CA,258
2014-07-01,TX,92
2014-07-01,WI,152
2014-07-02,CA,235
2014-07-02,TX,82
2014-07-02,WI,156
2014-07-03,CA,368
2014-07-03,TX,100
2014-07-03,WI,167
2014-07-04,CA,255
2014-07-04,TX,110
2014-07-04,WI,99
2014-07-05,CA,242
2014-07-05,TX,90
2014-07-05,WI,127
2014-07-06,CA,331
2014-07-06,TX,95
2014-07-06,WI,115
2014-07-07,CA,288
2014-07-07,TX,109
2014-07-07,WI,139
2014-07-08,CA,192
2014-07-08,TX,76
2014-07-08,WI,147
2014-07-09,CA,234
2014-07-09,TX,70
2014-07-09,WI,174
2014-07-10,CA,231
2014-07-10,TX,63
2014-07-10,WI,98
2014-07-11,CA,240
2014-07-11,TX,73
2014-07-11,WI,152
2014-07-12,CA,267
2014-07-12,TX,131
2014-07-12,WI,131
2014-07-13,CA,283
2014-07-13,TX,121
2014-07-13,WI,113
2014-07-14,CA,253
2014-07-14,TX,86
2014-07-14,WI,130
2014-07-15,CA,201
2014-07-15,TX,82
2014-07-15,WI,121
2014-07-16,CA,255
2014-07-16,TX,80
2014-07-16,WI,110
2014-07-17,CA,227
2014-07-17,TX,71
2014-07-17,WI,93
2014-07-18,CA,291
2014-07-18,TX,100
2014-07-18,WI,114
2014-07-19,CA,282
2014-07-19,TX,88
2014-07-19,WI,126
2014-07-20,CA,262
2014-07-20,TX,124
2014-07-20,WI,126
2014-07-21,CA,216
2014-07-21,TX,74
2014-07-21,WI,146
2014-07-22,CA,247
2014-07-22,TX,83
2014-07-22,WI,106
2014-07-23,CA,245
2014-07-23,TX,83
2014-07-23,WI,109
2014-07-24,CA,251
2014-07-24,TX,99
2014-07-24,WI,124
2014-07-25,CA,229
2014-07-25,TX,90
2014-07-25,WI,114
2014-07-26,CA,277
2014-07-26,TX,104
2014-07-26,WI,141
2014-07-27,CA,285
2014-07-27,TX,109
2014-07-27,WI,142
2014-07-28,CA,282
2014-07-28,TX,83
2014-07-28,WI,97
2014-07-29,CA,250
2014-07-29,TX,82
2014-07-29,WI,107
2014-07-30,CA,197
2014-07-30,TX,104
2014-07-30,WI,103
2014-07-31,CA,256
2014-07-31,TX,111
2014-07-31,WI,105
2014-08-01,CA,261
2014-08-01,TX,128
2014-08-01,WI,122
2014-08-02,CA,339
2014-08-02,TX,93
2014-08-02,WI,134
2014-08-03,CA,322
2014-08-03,TX,125
2014-08-03,WI,125
2014-08-04,CA,290
2014-08-04,TX,73
2014-08-04,WI,93
2014-08-05,CA,272
2014-08-05,TX,89
2014-08-05,WI,134
2014-08-06,CA,275
2014-08-06,TX,82
2014-08-06,WI,97
2014-08-07,CA,359
2014-08-07,TX,73
2014-08-07,WI,98
2014-08-08,CA,338
2014-08-08,TX,74
2014-08-08,WI,114
2014-08-09,CA,310
2014-08-09,TX,110
2014-08-09,WI,153
2014-08-10,CA,318
2014-08-10,TX,127
2014-08-10,WI,116
2014-08-11,CA,228
2014-08-11,TX,80
2014-08-11,WI,102
2014-08-12,CA,270
2014-08-12,TX,88
2014-08-12,WI,82
2014-08-13,CA,214
2014-08-13,TX,98
2014-08-13,WI,113
2014-08-14,CA,238
2014-08-14,TX,101
2014-08-14,WI,86
2014-08-15,CA,209
2014-08-15,TX,83
2014-08-15,WI,142
2014-08-16,CA,295
2014-08-16,TX,144
2014-08-16,WI,135
2014-08-17,CA,351
2014-08-17,TX,117
2014-08-17,WI,139
2014-08-18,CA,265
2014-08-18,TX,114
2014-08-18,WI,84
2014-08-19,CA,214
2014-08-19,TX,73
2014-08-19,WI,104
2014-08-20,CA,231
2014-08-20,TX,112
2014-08-20,WI,94
2014-08-21,CA,260
2014-08-21,TX,86
2014-08-21,WI,96
2014-08-22,CA,282
2014-08-22,TX,118
2014-08-22,WI,120
2014-08-23,CA,338
2014-08-23,TX,133
2014-08-23,WI,161
2014-08-24,CA,273
2014-08-24,TX,134
2014-08-24,WI,148
2014-08-25,CA,270
2014-08-25,TX,104
2014-08-25,WI,119
2014-08-26,CA,266
2014-08-26,TX,93
2014-08-26,WI,95
2014-08-27,CA,189
2014-08-27,TX,99
2014-08-27,WI,104
2014-08-28,CA,185
2014-08-28,TX,84
2014-08-28,WI,89
2014-08-29,CA,215
2014-08-29,TX,95
2014-08-29,WI,136
2014-08-30,CA,238
2014-08-30,TX,98
2014-08-30,WI,145
2014-08-31,CA,234
2014-08-31,TX,93
2014-08-31,WI,101
2014-09-01,CA,251
2014-09-01,TX,90
2014-09-01,WI,122
2014-09-02,CA,154
2014-09-02,TX,62
2014-09-02,WI,111
2014-09-03,CA,254
2014-09-03,TX,92
2014-09-03,WI,154
2014-09-04,CA,264
2014-09-04,TX,84
2014-09-04,WI,82
2014-09-05,CA,279
2014-09-05,TX,150
2014-09-05,WI,134
2014-09-06,CA,279
2014-09-06,TX,93
2014-09-06,WI,158
2014-09-07,CA,314
2014-09-07,TX,123
2014-09-07,WI,141
2014-09-08,CA,253
2014-09-08,TX,99
2014-09-08,WI,125
2014-09-09,CA,307
2014-09-09,TX,80
2014-09-09,WI,92
2014-09-10,CA,232
2014-09-10,TX,85
2014-09-10,WI,136
2014-09-11,CA,334
2014-09-11,TX,96
2014-09-11,WI,137
2014-09-12,CA,304
2014-09-12,TX,122
2014-09-12,WI,152
2014-09-13,CA,319
2014-09-13,TX,135
2014-09-13,WI,154
2014-09-14,CA,236
2014-09-14,TX,106
2014-09-14,WI,120
2014-09-15,CA,188
2014-09-15,TX,72
2014-09-15,WI,104
2014-09-16,CA,201
2014-09-16,TX,85
2014-09-16,WI,78
2014-09-17,CA,180
2014-09-17,TX,75
2014-09-17,WI,80
2014-09-18,CA,155
2014-09-18,TX,82
2014-09-18,WI,135
2014-09-19,CA,200
2014-09-19,TX,85
2014-09-19,WI,111
2014-09-20,CA,256
2014-09-20,TX,109
2014-09-20,WI,105
2014-09-21,CA,249
2014-09-21,TX,132
2014-09-21,WI,114
2014-09-22,CA,186
2014-09-22,TX,92
2014-09-22,WI,91
2014-09-23,CA,186
2014-09-23,TX,73
2014-09-23,WI,111
2014-09-24,CA,169
2014-09-24,TX,60
2014-09-24,WI,69
2014-09-25,CA,192
2014-09-25,TX,75
2014-09-25,WI,95
2014-09-26,CA,207
2014-09-26,TX,78
2014-09-26,WI,122
2014-09-27,CA,276
2014-09-27,TX,109
2014-09-27,WI,134
2014-09-28,CA,280
2014-09-28,TX,82
2014-09-28,WI,151
2014-09-29,CA,245
2014-09-29,TX,71
2014-09-29,WI,83
2014-09-30,CA,226
2014-09-30,TX,76
2014-09-30,WI,109
2014-10-01,CA,220
2014-10-01,TX,67
2014-10-01,WI,150
2014-10-02,CA,191
2014-10-02,TX,79
2014-10-02,WI,95
2014-10-03,CA,221
2014-10-03,TX,95
2014-10-03,WI,135
2014-10-04,CA,351
2014-10-04,TX,106
2014-10-04,WI,155
2014-10-05,CA,308
2014-10-05,TX,95
2014-10-05,WI,138
2014-10-06,CA,245
2014-10-06,TX,93
2014-10-06,WI,108
2014-10-07,CA,189
2014-10-07,TX,89
2014-10-07,WI,113
2014-10-08,CA,233
2014-10-08,TX,79
2014-10-08,WI,120
2014-10-09,CA,222
2014-10-09,TX,83
2014-10-09,WI,112
2014-10-10,CA,222
2014-10-10,TX,80
2014-10-10,WI,110
2014-10-11,CA,247
2014-10-11,TX,102
2014-10-11,WI,151
2014-10-12,CA,389
2014-10-12,TX,159
2014-10-12,WI,168
2014-10-13,CA,302
2014-10-13,TX,76
2014-10-13,WI,114
2014-10-14,CA,215
2014-10-14,TX,114
2014-10-14,WI,111
2014-10-15,CA,239
2014-10-15,TX,91
2014-10-15,WI,130
2014-10-16,CA,174
2014-10-16,TX,77
2014-10-16,WI,134
2014-10-17,CA,303
2014-10-17,TX,89
2014-10-17,WI,131
2014-10-18,CA,338
2014-10-18,TX,115
2014-10-18,WI,152
2014-10-19,CA,423
2014-10-19,TX,129
2014-10-19,WI,126
2014-10-20,CA,319
2014-10-20,TX,103
2014-10-20,WI,87
2014-10-21,CA,214
2014-10-21,TX,89
2014-10-21,WI,113
2014-10-22,CA,288
2014-10-22,TX,101
2014-10-22,WI,100
2014-10-23,CA,236
2014-10-23,TX,108
2014-10-23,WI,107
2014-10-24,CA,278
2014-10-24,TX,121
2014-10-24,WI,164
2014-10-25,CA,334
2014-10-25,TX,96
2014-10-25,WI,175
2014-10-26,CA,307
2014-10-26,TX,133
2014-10-26,WI,144
2014-10-27,CA,310
2014-10-27,TX,91
2014-10-27,WI,84
2014-10-28,CA,290
2014-10-28,TX,79
2014-10-28,WI,100
2014-10-29,CA,195
2014-10-29,TX,89
2014-10-29,WI,108
2014-10-30,CA,245
2014-10-30,TX,82
2014-10-30,WI,123
2014-10-31,CA,308
2014-10-31,TX,104
2014-10-31,WI,129
2014-11-01,CA,352
2014-11-01,TX,144
2014-11-01,WI,157
2014-11-02,CA,393
2014-11-02,TX,112
2014-11-02,WI,154
2014-11-03,CA,372
2014-11-03,TX,115
2014-11-03,WI,86
2014-11-04,CA,199
2014-11-04,TX,105
2014-11-04,WI,125
2014-11-05,CA,197
2014-11-05,TX,88
2014-11-05,WI,101
2014-11-06,CA,237
2014-11-06,TX,94
2014-11-06,WI,101
2014-11-07,CA,344
2014-11-07,TX,97
2014-11-07,WI,102
2014-11-08,CA,381
2014-11-08,TX,84
2014-11-08,WI,124
2014-11-09,CA,400
2014-11-09,TX,128
2014-11-09,WI,118
2014-11-10,CA,281
2014-11-10,TX,98
2014-11-10,WI,75
2014-11-11,CA,277
2014-11-11,TX,77
2014-11-11,WI,79
2014-11-12,CA,197
2014-11-12,TX,96
2014-11-12,WI,85
2014-11-13,CA,214
2014-11-13,TX,102
2014-11-13,WI,94
2014-11-14,CA,260
2014-11-14,TX,119
2014-11-14,WI,134
2014-11-15,CA,286
2014-11-15,TX,130
2014-11-15,WI,101
2014-11-16,CA,354
2014-11-16,TX,133
2014-11-16,WI,142
2014-11-17,CA,241
2014-11-17,TX,100
2014-11-17,WI,115
2014-11-18,CA,166
2014-11-18,TX,97
2014-11-18,WI,91
2014-11-19,CA,245
2014-11-19,TX,110
2014-11-19,WI,100
2014-11-20,CA,188
2014-11-20,TX,124
2014-11-20,WI,123
2014-11-21,CA,261
2014-11-21,TX,96
2014-11-21,WI,118
2014-11-22,CA,348
2014-11-22,TX,126
2014-11-22,WI,150
2014-11-23,CA,446
2014-11-23,TX,134
2014-11-23,WI,146
2014-11-24,CA,242
2014-11-24,TX,127
2014-11-24,WI,112
2014-11-25,CA,276
2014-11-25,TX,106
2014-11-25,WI,114
2014-11-26,CA,253
2014-11-26,TX,121
2014-11-26,WI,127
2014-11-27,CA,134
2014-11-27,TX,118
2014-11-27,WI,47
2014-11-28,CA,232
2014-11-28,TX,138
2014-11-28,WI,116
2014-11-29,CA,326
2014-11-29,TX,120
2014-11-29,WI,155
2014-11-30,CA,339
2014-11-30,TX,138
2014-11-30,WI,137
2014-12-01,CA,361
2014-12-01,TX,172
2014-12-01,WI,123
2014-12-02,CA,254
2014-12-02,TX,130
2014-12-02,WI,125
2014-12-03,CA,302
2014-12-03,TX,121
2014-12-03,WI,132
2014-12-04,CA,327
2014-12-04,TX,140
2014-12-04,WI,156
2014-12-05,CA,311
2014-12-05,TX,118
2014-12-05,WI,179
2014-12-06,CA,383
2014-12-06,TX,188
2014-12-06,WI,207
2014-12-07,CA,407
2014-12-07,TX,165
2014-12-07,WI,138
2014-12-08,CA,262
2014-12-08,TX,102
2014-12-08,WI,126
2014-12-09,CA,342
2014-12-09,TX,84
2014-12-09,WI,139
2014-12-10,CA,310
2014-12-10,TX,125
2014-12-10,WI,135
2014-12-11,CA,142
2014-12-11,TX,131
2014-12-11,WI,161
2014-12-12,CA,274
2014-12-12,TX,106
2014-12-12,WI,161
2014-12-13,CA,289
2014-12-13,TX,123
2014-12-13,WI,166
2014-12-14,CA,358
2014-12-14,TX,116
2014-12-14,WI,172
2014-12-15,CA,290
2014-12-15,TX,82
2014-12-15,WI,166
2014-12-16,CA,253
2014-12-16,TX,107
2014-12-16,WI,124
2014-12-17,CA,253
2014-12-17,TX,113
2014-12-17,WI,111
2014-12-18,CA,301
2014-12-18,TX,124
2014-12-18,WI,144
2014-12-19,CA,262
2014-12-19,TX,89
2014-12-19,WI,137
2014-12-20,CA,360
2014-12-20,TX,234
2014-12-20,WI,192
2014-12-21,CA,289
2014-12-21,TX,122
2014-12-21,WI,161
2014-12-22,CA,310
2014-12-22,TX,131
2014-12-22,WI,129
2014-12-23,CA,270
2014-12-23,TX,113
2014-12-23,WI,178
2014-12-24,CA,256
2014-12-24,TX,110
2014-12-24,WI,160
2014-12-25,CA,0
2014-12-25,TX,0
2014-12-25,WI,0
2014-12-26,CA,260
2014-12-26,TX,166
2014-12-26,WI,153
2014-12-27,CA,260
2014-12-27,TX,109
2014-12-27,WI,164
2014-12-28,CA,284
2014-12-28,TX,103
2014-12-28,WI,87
2014-12-29,CA,243
2014-12-29,TX,99
2014-12-29,WI,116
2014-12-30,CA,179
2014-12-30,TX,95
2014-12-30,WI,141
2014-12-31,CA,195
2014-12-31,TX,119
2014-12-31,WI,121
2015-01-01,CA,264
2015-01-01,TX,108
2015-01-01,WI,81
2015-01-02,CA,280
2015-01-02,TX,131
2015-01-02,WI,160
2015-01-03,CA,349
2015-01-03,TX,136
2015-01-03,WI,184
2015-01-04,CA,272
2015-01-04,TX,115
2015-01-04,WI,127
2015-01-05,CA,209
2015-01-05,TX,100
2015-01-05,WI,126
2015-01-06,CA,208
2015-01-06,TX,122
2015-01-06,WI,116
2015-01-07,CA,204
2015-01-07,TX,90
2015-01-07,WI,114
2015-01-08,CA,254
2015-01-08,TX,105
2015-01-08,WI,88
2015-01-09,CA,301
2015-01-09,TX,115
2015-01-09,WI,122
2015-01-10,CA,344
2015-01-10,TX,109
2015-01-10,WI,173
2015-01-11,CA,272
2015-01-11,TX,132
2015-01-11,WI,140
2015-01-12,CA,223
2015-01-12,TX,114
2015-01-12,WI,132
2015-01-13,CA,316
2015-01-13,TX,100
2015-01-13,WI,122
2015-01-14,CA,154
2015-01-14,TX,104
2015-01-14,WI,137
2015-01-15,CA,173
2015-01-15,TX,81
2015-01-15,WI,139
2015-01-16,CA,232
2015-01-16,TX,94
2015-01-16,WI,107
2015-01-17,CA,316
2015-01-17,TX,122
2015-01-17,WI,210
2015-01-18,CA,321
2015-01-18,TX,151
2015-01-18,WI,133
2015-01-19,CA,248
2015-01-19,TX,105
2015-01-19,WI,95
2015-01-20,CA,205
2015-01-20,TX,131
2015-01-20,WI,112
2015-01-21,CA,212
2015-01-21,TX,96
2015-01-21,WI,89
2015-01-22,CA,240
2015-01-22,TX,115
2015-01-22,WI,87
2015-01-23,CA,235
2015-01-23,TX,122
2015-01-23,WI,122
2015-01-24,CA,283
2015-01-24,TX,141
2015-01-24,WI,113
2015-01-25,CA,282
2015-01-25,TX,147
2015-01-25,WI,135
2015-01-26,CA,258
2015-01-26,TX,156
2015-01-26,WI,158
2015-01-27,CA,199
2015-01-27,TX,104
2015-01-27,WI,99
2015-01-28,CA,253
2015-01-28,TX,84
2015-01-28,WI,127
2015-01-29,CA,252
2015-01-29,TX,103
2015-01-29,WI,108
2015-01-30,CA,263
2015-01-30,TX,199
2015-01-30,WI,190
2015-01-31,CA,440
2015-01-31,TX,195
2015-01-31,WI,221
2015-02-01,CA,388
2015-02-01,TX,175
2015-02-01,WI,91
2015-02-02,CA,243
2015-02-02,TX,126
2015-02-02,WI,108
2015-02-03,CA,292
2015-02-03,TX,134
2015-02-03,WI,144
2015-02-04,CA,273
2015-02-04,TX,143
2015-02-04,WI,117
2015-02-05,CA,229
2015-02-05,TX,124
2015-02-05,WI,129
2015-02-06,CA,214
2015-02-06,TX,149
2015-02-06,WI,167
2015-02-07,CA,386
2015-02-07,TX,162
2015-02-07,WI,211
2015-02-08,CA,384
2015-02-08,TX,156
2015-02-08,WI,205
2015-02-09,CA,385
2015-02-09,TX,112
2015-02-09,WI,136
2015-02-10,CA,277
2015-02-10,TX,153
2015-02-10,WI,132
2015-02-11,CA,219
2015-02-11,TX,142
2015-02-11,WI,161
2015-02-12,CA,318
2015-02-12,TX,128
2015-02-12,WI,139
2015-02-13,CA,277
2015-02-13,TX,137
2015-02-13,WI,137
2015-02-14,CA,294
2015-02-14,TX,151
2015-02-14,WI,168
2015-02-15,CA,373
2015-02-15,TX,149
2015-02-15,WI,145
2015-02-16,CA,304
2015-02-16,TX,116
2015-02-16,WI,147
2015-02-17,CA,286
2015-02-17,TX,120
2015-02-17,WI,130
2015-02-18,CA,247
2015-02-18,TX,143
2015-02-18,WI,108
2015-02-19,CA,242
2015-02-19,TX,125
2015-02-19,WI,100
2015-02-20,CA,302
2015-02-20,TX,177
2015-02-20,WI,131
2015-02-21,CA,324
2015-02-21,TX,175
2015-02-21,WI,145
2015-02-22,CA,291
2015-02-22,TX,147
2015-02-22,WI,148
2015-02-23,CA,290
2015-02-23,TX,97
2015-02-23,WI,108
2015-02-24,CA,219
2015-02-24,TX,118
2015-02-24,WI,119
2015-02-25,CA,191
2015-02-25,TX,114
2015-02-25,WI,114
2015-02-26,CA,260
2015-02-26,TX,145
2015-02-26,WI,116
2015-02-27,CA,279
2015-02-27,TX,129
2015-02-27,WI,118
2015-02-28,CA,302
2015-02-28,TX,185
2015-02-28,WI,196
2015-03-01,CA,331
2015-03-01,TX,140
2015-03-01,WI,151
2015-03-02,CA,281
2015-03-02,TX,143
2015-03-02,WI,124
2015-03-03,CA,268
2015-03-03,TX,116
2015-03-03,WI,87
2015-03-04,CA,252
2015-03-04,TX,131
2015-03-04,WI,142
2015-03-05,CA,215
2015-03-05,TX,134
2015-03-05,WI,105
2015-03-06,CA,240
2015-03-06,TX,115
2015-03-06,WI,137
2015-03-07,CA,353
2015-03-07,TX,167
2015-03-07,WI,173
2015-03-08,CA,342
2015-03-08,TX,138
2015-03-08,WI,147
2015-03-09,CA,252
2015-03-09,TX,133
2015-03-09,WI,122
2015-03-10,CA,227
2015-03-10,TX,150
2015-03-10,WI,92
2015-03-11,CA,194
2015-03-11,TX,129
2015-03-11,WI,110
2015-03-12,CA,197
2015-03-12,TX,108
2015-03-12,WI,117
2015-03-13,CA,254
2015-03-13,TX,185
2015-03-13,WI,150
2015-03-14,CA,301
2015-03-14,TX,132
2015-03-14,WI,198
2015-03-15,CA,387
2015-03-15,TX,148
2015-03-15,WI,133
2015-03-16,CA,288
2015-03-16,TX,148
2015-03-16,WI,93
2015-03-17,CA,205
2015-03-17,TX,136
2015-03-17,WI,107
2015-03-18,CA,217
2015-03-18,TX,94
2015-03-18,WI,89
2015-03-19,CA,200
2015-03-19,TX,134
2015-03-19,WI,89
2015-03-20,CA,230
2015-03-20,TX,150
2015-03-20,WI,101
2015-03-21,CA,246
2015-03-21,TX,108
2015-03-21,WI,127
2015-03-22,CA,400
2015-03-22,TX,126
2015-03-22,WI,137
2015-03-23,CA,228
2015-03-23,TX,115
2015-03-23,WI,100
2015-03-24,CA,230
2015-03-24,TX,116
2015-03-24,WI,113
2015-03-25,CA,204
2015-03-25,TX,174
2015-03-25,WI,90
2015-03-26,CA,216
2015-03-26,TX,109
2015-03-26,WI,121
2015-03-27,CA,222
2015-03-27,TX,107
2015-03-27,WI,124
2015-03-28,CA,262
2015-03-28,TX,153
2015-03-28,WI,138
2015-03-29,CA,352
2015-03-29,TX,152
2015-03-29,WI,137
2015-03-30,CA,263
2015-03-30,TX,99
2015-03-30,WI,98
2015-03-31,CA,285
2015-03-31,TX,120
2015-03-31,WI,132
2015-04-01,CA,263
2015-04-01,TX,110
2015-04-01,WI,118
2015-04-02,CA,237
2015-04-02,TX,80
2015-04-02,WI,113
2015-04-03,CA,328
2015-04-03,TX,146
2015-04-03,WI,149
2015-04-04,CA,345
2015-04-04,TX,131
2015-04-04,WI,206
2015-04-05,CA,324
2015-04-05,TX,163
2015-04-05,WI,100
2015-04-06,CA,268
2015-04-06,TX,121
2015-04-06,WI,108
2015-04-07,CA,227
2015-04-07,TX,130
2015-04-07,WI,103
2015-04-08,CA,215
2015-04-08,TX,104
2015-04-08,WI,93
2015-04-09,CA,162
2015-04-09,TX,152
2015-04-09,WI,102
2015-04-10,CA,231
2015-04-10,TX,137
2015-04-10,WI,128
2015-04-11,CA,336
2015-04-11,TX,137
2015-04-11,WI,241
2015-04-12,CA,317
2015-04-12,TX,144
2015-04-12,WI,174
2015-04-13,CA,186
2015-04-13,TX,136
2015-04-13,WI,114
2015-04-14,CA,226
2015-04-14,TX,101
2015-04-14,WI,113
2015-04-15,CA,218
2015-04-15,TX,164
2015-04-15,WI,124
2015-04-16,CA,185
2015-04-16,TX,76
2015-04-16,WI,94
2015-04-17,CA,192
2015-04-17,TX,98
2015-04-17,WI,98
2015-04-18,CA,219
2015-04-18,TX,168
2015-04-18,WI,129
2015-04-19,CA,245
2015-04-19,TX,99
2015-04-19,WI,125
2015-04-20,CA,200
2015-04-20,TX,100
2015-04-20,WI,91
2015-04-21,CA,183
2015-04-21,TX,78
2015-04-21,WI,78
2015-04-22,CA,240
2015-04-22,TX,100
2015-04-22,WI,62
2015-04-23,CA,220
2015-04-23,TX,103
2015-04-23,WI,91
2015-04-24,CA,186
2015-04-24,TX,93
2015-04-24,WI,102
2015-04-25,CA,293
2015-04-25,TX,136
2015-04-25,WI,142
2015-04-26,CA,245
2015-04-26,TX,103
2015-04-26,WI,108
2015-04-27,CA,175
2015-04-27,TX,94
2015-04-27,WI,92
2015-04-28,CA,162
2015-04-28,TX,93
2015-04-28,WI,83
2015-04-29,CA,175
2015-04-29,TX,91
2015-04-29,WI,85
2015-04-30,CA,189
2015-04-30,TX,95
2015-04-30,WI,107
2015-05-01,CA,237
2015-05-01,TX,120
2015-05-01,WI,112
2015-05-02,CA,251
2015-05-02,TX,130
2015-05-02,WI,124
2015-05-03,CA,236
2015-05-03,TX,140
2015-05-03,WI,138
2015-05-04,CA,256
2015-05-04,TX,80
2015-05-04,WI,107
2015-05-05,CA,165
2015-05-05,TX,96
2015-05-05,WI,96
2015-05-06,CA,157
2015-05-06,TX,103
2015-05-06,WI,64
2015-05-07,CA,171
2015-05-07,TX,93
2015-05-07,WI,82
2015-05-08,CA,176
2015-05-08,TX,110
2015-05-08,WI,99
2015-05-09,CA,234
2015-05-09,TX,114
2015-05-09,WI,124
2015-05-10,CA,273
2015-05-10,TX,102
2015-05-10,WI,109
2015-05-11,CA,204
2015-05-11,TX,74
2015-05-11,WI,86
2015-05-12,CA,188
2015-05-12,TX,100
2015-05-12,WI,99
2015-05-13,CA,247
2015-05-13,TX,129
2015-05-13,WI,99
2015-05-14,CA,196
2015-05-14,TX,101
2015-05-14,WI,128
2015-05-15,CA,285
2015-05-15,TX,137
2015-05-15,WI,130
2015-05-16,CA,328
2015-05-16,TX,141
2015-05-16,WI,138
2015-05-17,CA,323
2015-05-17,TX,161
2015-05-17,WI,127
2015-05-18,CA,207
2015-05-18,TX,103
2015-05-18,WI,93
2015-05-19,CA,242
2015-05-19,TX,118
2015-05-19,WI,109
2015-05-20,CA,202
2015-05-20,TX,111
2015-05-20,WI,101
2015-05-21,CA,197
2015-05-21,TX,89
2015-05-21,WI,87
2015-05-22,CA,252
2015-05-22,TX,123
2015-05-22,WI,146
2015-05-23,CA,306
2015-05-23,TX,170
2015-05-23,WI,147
2015-05-24,CA,284
2015-05-24,TX,136
2015-05-24,WI,101
2015-05-25,CA,268
2015-05-25,TX,116
2015-05-25,WI,111
2015-05-26,CA,210
2015-05-26,TX,104
2015-05-26,WI,99
2015-05-27,CA,251
2015-05-27,TX,118
2015-05-27,WI,88
2015-05-28,CA,240
2015-05-28,TX,111
2015-05-28,WI,79
2015-05-29,CA,258
2015-05-29,TX,106
2015-05-29,WI,122
2015-05-30,CA,353
2015-05-30,TX,109
2015-05-30,WI,159
2015-05-31,CA,316
2015-05-31,TX,164
2015-05-31,WI,159
2015-06-01,CA,321
2015-06-01,TX,128
2015-06-01,WI,112
2015-06-02,CA,241
2015-06-02,TX,164
2015-06-02,WI,125
2015-06-03,CA,269
2015-06-03,TX,120
2015-06-03,WI,144
2015-06-04,CA,229
2015-06-04,TX,113
2015-06-04,WI,136
2015-06-05,CA,321
2015-06-05,TX,115
2015-06-05,WI,160
2015-06-06,CA,319
2015-06-06,TX,186
2015-06-06,WI,167
2015-06-07,CA,306
2015-06-07,TX,162
2015-06-07,WI,134
2015-06-08,CA,270
2015-06-08,TX,129
2015-06-08,WI,129
2015-06-09,CA,255
2015-06-09,TX,108
2015-06-09,WI,136
2015-06-10,CA,246
2015-06-10,TX,100
2015-06-10,WI,125
2015-06-11,CA,246
2015-06-11,TX,123
2015-06-11,WI,121
2015-06-12,CA,233
2015-06-12,TX,123
2015-06-12,WI,149
2015-06-13,CA,361
2015-06-13,TX,156
2015-06-13,WI,171
2015-06-14,CA,257
2015-06-14,TX,174
2015-06-14,WI,133
2015-06-15,CA,257
2015-06-15,TX,227
2015-06-15,WI,117
2015-06-16,CA,234
2015-06-16,TX,89
2015-06-16,WI,114
2015-06-17,CA,267
2015-06-17,TX,93
2015-06-17,WI,89
2015-06-18,CA,201
2015-06-18,TX,107
2015-06-18,WI,119
2015-06-19,CA,271
2015-06-19,TX,132
2015-06-19,WI,108
2015-06-20,CA,324
2015-06-20,TX,121
2015-06-20,WI,163
2015-06-21,CA,292
2015-06-21,TX,147
2015-06-21,WI,115
2015-06-22,CA,320
2015-06-22,TX,134
2015-06-22,WI,96
2015-06-23,CA,260
2015-06-23,TX,104
2015-06-23,WI,89
2015-06-24,CA,238
2015-06-24,TX,116
2015-06-24,WI,106
2015-06-25,CA,214
2015-06-25,TX,135
2015-06-25,WI,94
2015-06-26,CA,307
2015-06-26,TX,122
2015-06-26,WI,108
2015-06-27,CA,332
2015-06-27,TX,133
2015-06-27,WI,145
2015-06-28,CA,329
2015-06-28,TX,155
2015-06-28,WI,121
2015-06-29,CA,271
2015-06-29,TX,132
2015-06-29,WI,86
2015-06-30,CA,309
2015-06-30,TX,97
2015-06-30,WI,104
2015-07-01,CA,287
2015-07-01,TX,171
2015-07-01,WI,130
2015-07-02,CA,285
2015-07-02,TX,133
2015-07-02,WI,158
2015-07-03,CA,333
2015-07-03,TX,125
2015-07-03,WI,157
2015-07-04,CA,304
2015-07-04,TX,110
2015-07-04,WI,141
2015-07-05,CA,315
2015-07-05,TX,108
2015-07-05,WI,95
2015-07-06,CA,288
2015-07-06,TX,133
2015-07-06,WI,120
2015-07-07,CA,172
2015-07-07,TX,111
2015-07-07,WI,82
2015-07-08,CA,175
2015-07-08,TX,117
2015-07-08,WI,127
2015-07-09,CA,184
2015-07-09,TX,127
2015-07-09,WI,114
2015-07-10,CA,304
2015-07-10,TX,105
2015-07-10,WI,125
2015-07-11,CA,330
2015-07-11,TX,133
2015-07-11,WI,122
2015-07-12,CA,317
2015-07-12,TX,120
2015-07-12,WI,104
2015-07-13,CA,237
2015-07-13,TX,99
2015-07-13,WI,70
2015-07-14,CA,165
2015-07-14,TX,108
2015-07-14,WI,113
2015-07-15,CA,168
2015-07-15,TX,99
2015-07-15,WI,108
2015-07-16,CA,204
2015-07-16,TX,119
2015-07-16,WI,107
2015-07-17,CA,223
2015-07-17,TX,113
2015-07-17,WI,114
2015-07-18,CA,292
2015-07-18,TX,159
2015-07-18,WI,143
2015-07-19,CA,309
2015-07-19,TX,134
2015-07-19,WI,135
2015-07-20,CA,198
2015-07-20,TX,149
2015-07-20,WI,97
2015-07-21,CA,212
2015-07-21,TX,162
2015-07-21,WI,96
2015-07-22,CA,189
2015-07-22,TX,87
2015-07-22,WI,102
2015-07-23,CA,203
2015-07-23,TX,91
2015-07-23,WI,105
2015-07-24,CA,240
2015-07-24,TX,80
2015-07-24,WI,153
2015-07-25,CA,305
2015-07-25,TX,143
2015-07-25,WI,120
2015-07-26,CA,279
2015-07-26,TX,153
2015-07-26,WI,124
2015-07-27,CA,278
2015-07-27,TX,135
2015-07-27,WI,104
2015-07-28,CA,218
2015-07-28,TX,110
2015-07-28,WI,88
2015-07-29,CA,199
2015-07-29,TX,111
2015-07-29,WI,76
2015-07-30,CA,215
2015-07-30,TX,107
2015-07-30,WI,80
2015-07-31,CA,213
2015-07-31,TX,118
2015-07-31,WI,148
2015-08-01,CA,267
2015-08-01,TX,166
2015-08-01,WI,160
2015-08-02,CA,365
2015-08-02,TX,124
2015-08-02,WI,141
2015-08-03,CA,209
2015-08-03,TX,133
2015-08-03,WI,103
2015-08-04,CA,281
2015-08-04,TX,141
2015-08-04,WI,137
2015-08-05,CA,248
2015-08-05,TX,162
2015-08-05,WI,164
2015-08-06,CA,308
2015-08-06,TX,170
2015-08-06,WI,157
2015-08-07,CA,322
2015-08-07,TX,184
2015-08-07,WI,159
2015-08-08,CA,409
2015-08-08,TX,220
2015-08-08,WI,183
2015-08-09,CA,363
2015-08-09,TX,214
2015-08-09,WI,193
2015-08-10,CA,280
2015-08-10,TX,128
2015-08-10,WI,140
2015-08-11,CA,219
2015-08-11,TX,127
2015-08-11,WI,128
2015-08-12,CA,243
2015-08-12,TX,133
2015-08-12,WI,102
2015-08-13,CA,281
2015-08-13,TX,155
2015-08-13,WI,157
2015-08-14,CA,267
2015-08-14,TX,172
2015-08-14,WI,141
2015-08-15,CA,300
2015-08-15,TX,178
2015-08-15,WI,165
2015-08-16,CA,336
2015-08-16,TX,171
2015-08-16,WI,177
2015-08-17,CA,306
2015-08-17,TX,130
2015-08-17,WI,120
2015-08-18,CA,241
2015-08-18,TX,125
2015-08-18,WI,128
2015-08-19,CA,236
2015-08-19,TX,113
2015-08-19,WI,100
2015-08-20,CA,273
2015-08-20,TX,97
2015-08-20,WI,138
2015-08-21,CA,263
2015-08-21,TX,122
2015-08-21,WI,112
2015-08-22,CA,296
2015-08-22,TX,160
2015-08-22,WI,154
2015-08-23,CA,322
2015-08-23,TX,181
2015-08-23,WI,157
2015-08-24,CA,240
2015-08-24,TX,154
2015-08-24,WI,138
2015-08-25,CA,237
2015-08-25,TX,77
2015-08-25,WI,141
2015-08-26,CA,263
2015-08-26,TX,123
2015-08-26,WI,135
2015-08-27,CA,240
2015-08-27,TX,96
2015-08-27,WI,123
2015-08-28,CA,270
2015-08-28,TX,141
2015-08-28,WI,185
2015-08-29,CA,362
2015-08-29,TX,133
2015-08-29,WI,189
2015-08-30,CA,367
2015-08-30,TX,169
2015-08-30,WI,176
2015-08-31,CA,257
2015-08-31,TX,140
2015-08-31,WI,140
2015-09-01,CA,272
2015-09-01,TX,116
2015-09-01,WI,150
2015-09-02,CA,236
2015-09-02,TX,106
2015-09-02,WI,167
2015-09-03,CA,278
2015-09-03,TX,107
2015-09-03,WI,174
2015-09-04,CA,293
2015-09-04,TX,142
2015-09-04,WI,192
2015-09-05,CA,310
2015-09-05,TX,112
2015-09-05,WI,169
2015-09-06,CA,312
2015-09-06,TX,138
2015-09-06,WI,132
2015-09-07,CA,325
2015-09-07,TX,151
2015-09-07,WI,125
2015-09-08,CA,302
2015-09-08,TX,91
2015-09-08,WI,134
2015-09-09,CA,257
2015-09-09,TX,106
2015-09-09,WI,145
2015-09-10,CA,257
2015-09-10,TX,99
2015-09-10,WI,148
2015-09-11,CA,264
2015-09-11,TX,144
2015-09-11,WI,182
2015-09-12,CA,372
2015-09-12,TX,125
2015-09-12,WI,190
2015-09-13,CA,412
2015-09-13,TX,182
2015-09-13,WI,154
2015-09-14,CA,330
2015-09-14,TX,106
2015-09-14,WI,104
2015-09-15,CA,316
2015-09-15,TX,130
2015-09-15,WI,147
2015-09-16,CA,256
2015-09-16,TX,101
2015-09-16,WI,115
2015-09-17,CA,194
2015-09-17,TX,81
2015-09-17,WI,114
2015-09-18,CA,226
2015-09-18,TX,106
2015-09-18,WI,104
2015-09-19,CA,292
2015-09-19,TX,155
2015-09-19,WI,155
2015-09-20,CA,274
2015-09-20,TX,112
2015-09-20,WI,143
2015-09-21,CA,175
2015-09-21,TX,92
2015-09-21,WI,108
2015-09-22,CA,181
2015-09-22,TX,97
2015-09-22,WI,78
2015-09-23,CA,267
2015-09-23,TX,87
2015-09-23,WI,123
2015-09-24,CA,199
2015-09-24,TX,73
2015-09-24,WI,92
2015-09-25,CA,246
2015-09-25,TX,79
2015-09-25,WI,122
2015-09-26,CA,269
2015-09-26,TX,93
2015-09-26,WI,149
2015-09-27,CA,319
2015-09-27,TX,126
2015-09-27,WI,133
2015-09-28,CA,234
2015-09-28,TX,90
2015-09-28,WI,93
2015-09-29,CA,182
2015-09-29,TX,80
2015-09-29,WI,109
2015-09-30,CA,199
2015-09-30,TX,66
2015-09-30,WI,123
2015-10-01,CA,208
2015-10-01,TX,87
2015-10-01,WI,127
2015-10-02,CA,299
2015-10-02,TX,98
2015-10-02,WI,145
2015-10-03,CA,316
2015-10-03,TX,128
2015-10-03,WI,131
2015-10-04,CA,324
2015-10-04,TX,133
2015-10-04,WI,162
2015-10-05,CA,256
2015-10-05,TX,81
2015-10-05,WI,119
2015-10-06,CA,260
2015-10-06,TX,99
2015-10-06,WI,118
2015-10-07,CA,252
2015-10-07,TX,99
2015-10-07,WI,122
2015-10-08,CA,208
2015-10-08,TX,55
2015-10-08,WI,117
2015-10-09,CA,270
2015-10-09,TX,100
2015-10-09,WI,149
2015-10-10,CA,324
2015-10-10,TX,122
2015-10-10,WI,170
2015-10-11,CA,275
2015-10-11,TX,107
2015-10-11,WI,146
2015-10-12,CA,254
2015-10-12,TX,114
2015-10-12,WI,127
2015-10-13,CA,185
2015-10-13,TX,100
2015-10-13,WI,110
2015-10-14,CA,181
2015-10-14,TX,107
2015-10-14,WI,110
2015-10-15,CA,271
2015-10-15,TX,138
2015-10-15,WI,120
2015-10-16,CA,256
2015-10-16,TX,142
2015-10-16,WI,189
2015-10-17,CA,448
2015-10-17,TX,144
2015-10-17,WI,186
2015-10-18,CA,394
2015-10-18,TX,193
2015-10-18,WI,157
2015-10-19,CA,229
2015-10-19,TX,125
2015-10-19,WI,95
2015-10-20,CA,301
2015-10-20,TX,110
2015-10-20,WI,117
2015-10-21,CA,219
2015-10-21,TX,164
2015-10-21,WI,181
2015-10-22,CA,219
2015-10-22,TX,129
2015-10-22,WI,132
2015-10-23,CA,264
2015-10-23,TX,176
2015-10-23,WI,137
2015-10-24,CA,364
2015-10-24,TX,135
2015-10-24,WI,192
2015-10-25,CA,425
2015-10-25,TX,188
2015-10-25,WI,191
2015-10-26,CA,268
2015-10-26,TX,189
2015-10-26,WI,139
2015-10-27,CA,286
2015-10-27,TX,176
2015-10-27,WI,141
2015-10-28,CA,318
2015-10-28,TX,130
2015-10-28,WI,113
2015-10-29,CA,243
2015-10-29,TX,151
2015-10-29,WI,150
2015-10-30,CA,360
2015-10-30,TX,137
2015-10-30,WI,194
2015-10-31,CA,379
2015-10-31,TX,136
2015-10-31,WI,182
2015-11-01,CA,462
2015-11-01,TX,188
2015-11-01,WI,192
2015-11-02,CA,272
2015-11-02,TX,117
2015-11-02,WI,130
2015-11-03,CA,231
2015-11-03,TX,137
2015-11-03,WI,142
2015-11-04,CA,230
2015-11-04,TX,154
2015-11-04,WI,127
2015-11-05,CA,265
2015-11-05,TX,115
2015-11-05,WI,173
2015-11-06,CA,318
2015-11-06,TX,139
2015-11-06,WI,157
2015-11-07,CA,320
2015-11-07,TX,214
2015-11-07,WI,237
2015-11-08,CA,399
2015-11-08,TX,156
2015-11-08,WI,177
2015-11-09,CA,245
2015-11-09,TX,136
2015-11-09,WI,147
2015-11-10,CA,255
2015-11-10,TX,163
2015-11-10,WI,111
2015-11-11,CA,226
2015-11-11,TX,129
2015-11-11,WI,121
2015-11-12,CA,267
2015-11-12,TX,111
2015-11-12,WI,119
2015-11-13,CA,253
2015-11-13,TX,116
2015-11-13,WI,165
2015-11-14,CA,353
2015-11-14,TX,143
2015-11-14,WI,140
2015-11-15,CA,385
2015-11-15,TX,148
2015-11-15,WI,155
2015-11-16,CA,245
2015-11-16,TX,107
2015-11-16,WI,119
2015-11-17,CA,210
2015-11-17,TX,90
2015-11-17,WI,82
2015-11-18,CA,296
2015-11-18,TX,123
2015-11-18,WI,113
2015-11-19,CA,268
2015-11-19,TX,108
2015-11-19,WI,135
2015-11-20,CA,248
2015-11-20,TX,108
2015-11-20,WI,181
2015-11-21,CA,333
2015-11-21,TX,145
2015-11-21,WI,107
2015-11-22,CA,286
2015-11-22,TX,139
2015-11-22,WI,158
2015-11-23,CA,298
2015-11-23,TX,87
2015-11-23,WI,108
2015-11-24,CA,244
2015-11-24,TX,124
2015-11-24,WI,123
2015-11-25,CA,253
2015-11-25,TX,116
2015-11-25,WI,128
2015-11-26,CA,122
2015-11-26,TX,100
2015-11-26,WI,50
2015-11-27,CA,209
2015-11-27,TX,118
2015-11-27,WI,114
2015-11-28,CA,284
2015-11-28,TX,59
2015-11-28,WI,111
2015-11-29,CA,266
2015-11-29,TX,96
2015-11-29,WI,136
2015-11-30,CA,257
2015-11-30,TX,92
2015-11-30,WI,97
2015-12-01,CA,247
2015-12-01,TX,142
2015-12-01,WI,137
2015-12-02,CA,267
2015-12-02,TX,78
2015-12-02,WI,117
2015-12-03,CA,317
2015-12-03,TX,135
2015-12-03,WI,146
2015-12-04,CA,336
2015-12-04,TX,106
2015-12-04,WI,165
2015-12-05,CA,351
2015-12-05,TX,132
2015-12-05,WI,189
2015-12-06,CA,349
2015-12-06,TX,143
2015-12-06,WI,163
2015-12-07,CA,236
2015-12-07,TX,92
2015-12-07,WI,147
2015-12-08,CA,193
2015-12-08,TX,110
2015-12-08,WI,136
2015-12-09,CA,208
2015-12-09,TX,132
2015-12-09,WI,78
2015-12-10,CA,279
2015-12-10,TX,120
2015-12-10,WI,148
2015-12-11,CA,330
2015-12-11,TX,148
2015-12-11,WI,172
2015-12-12,CA,371
2015-12-12,TX,141
2015-12-12,WI,248
2015-12-13,CA,376
2015-12-13,TX,151
2015-12-13,WI,167
2015-12-14,CA,318
2015-12-14,TX,140
2015-12-14,WI,130
2015-12-15,CA,251
2015-12-15,TX,139
2015-12-15,WI,183
2015-12-16,CA,316
2015-12-16,TX,137
2015-12-16,WI,136
2015-12-17,CA,251
2015-12-17,TX,101
2015-12-17,WI,180
2015-12-18,CA,232
2015-12-18,TX,121
2015-12-18,WI,161
2015-12-19,CA,424
2015-12-19,TX,145
2015-12-19,WI,180
2015-12-20,CA,410
2015-12-20,TX,147
2015-12-20,WI,189
2015-12-21,CA,276
2015-12-21,TX,124
2015-12-21,WI,151
2015-12-22,CA,316
2015-12-22,TX,108
2015-12-22,WI,177
2015-12-23,CA,286
2015-12-23,TX,112
2015-12-23,WI,156
2015-12-24,CA,270
2015-12-24,TX,127
2015-12-24,WI,163
2015-12-25,CA,0
2015-12-25,TX,0
2015-12-25,WI,1
2015-12-26,CA,294
2015-12-26,TX,123
2015-12-26,WI,95
2015-12-27,CA,267
2015-12-27,TX,98
2015-12-27,WI,119
2015-12-28,CA,234
2015-12-28,TX,120
2015-12-28,WI,84
2015-12-29,CA,278
2015-12-29,TX,137
2015-12-29,WI,116
2015-12-30,CA,245
2015-12-30,TX,107
2015-12-30,WI,152
2015-12-31,CA,271
2015-12-31,TX,126
2015-12-31,WI,225
2016-01-01,CA,197
2016-01-01,TX,92
2016-01-01,WI,117
2016-01-02,CA,276
2016-01-02,TX,129
2016-01-02,WI,153
2016-01-03,CA,306
2016-01-03,TX,150
2016-01-03,WI,138
2016-01-04,CA,227
2016-01-04,TX,130
2016-01-04,WI,110
2016-01-05,CA,228
2016-01-05,TX,128
2016-01-05,WI,129
2016-01-06,CA,187
2016-01-06,TX,113
2016-01-06,WI,147
2016-01-07,CA,236
2016-01-07,TX,134
2016-01-07,WI,86
2016-01-08,CA,268
2016-01-08,TX,125
2016-01-08,WI,139
2016-01-09,CA,343
2016-01-09,TX,178
2016-01-09,WI,219
2016-01-10,CA,342
2016-01-10,TX,170
2016-01-10,WI,135
2016-01-11,CA,241
2016-01-11,TX,143
2016-01-11,WI,110
2016-01-12,CA,182
2016-01-12,TX,109
2016-01-12,WI,128
2016-01-13,CA,189
2016-01-13,TX,81
2016-01-13,WI,99
2016-01-14,CA,211
2016-01-14,TX,113
2016-01-14,WI,161
2016-01-15,CA,285
2016-01-15,TX,104
2016-01-15,WI,206
2016-01-16,CA,327
2016-01-16,TX,94
2016-01-16,WI,223
2016-01-17,CA,316
2016-01-17,TX,142
2016-01-17,WI,132
2016-01-18,CA,291
2016-01-18,TX,86
2016-01-18,WI,98
2016-01-19,CA,209
2016-01-19,TX,113
2016-01-19,WI,120
2016-01-20,CA,311
2016-01-20,TX,95
2016-01-20,WI,154
2016-01-21,CA,234
2016-01-21,TX,74
2016-01-21,WI,87
2016-01-22,CA,194
2016-01-22,TX,81
2016-01-22,WI,93
2016-01-23,CA,303
2016-01-23,TX,97
2016-01-23,WI,138
2016-01-24,CA,296
2016-01-24,TX,121
2016-01-24,WI,137
2016-01-25,CA,247
2016-01-25,TX,97
2016-01-25,WI,91
2016-01-26,CA,202
2016-01-26,TX,53
2016-01-26,WI,90
2016-01-27,CA,232
2016-01-27,TX,95
2016-01-27,WI,121
2016-01-28,CA,199
2016-01-28,TX,79
2016-01-28,WI,106
2016-01-29,CA,225
2016-01-29,TX,117
2016-01-29,WI,147
2016-01-30,CA,351
2016-01-30,TX,121
2016-01-30,WI,120
2016-01-31,CA,333
2016-01-31,TX,125
2016-01-31,WI,138
2016-02-01,CA,224
2016-02-01,TX,100
2016-02-01,WI,114
2016-02-02,CA,228
2016-02-02,TX,89
2016-02-02,WI,73
2016-02-03,CA,265
2016-02-03,TX,115
2016-02-03,WI,100
2016-02-04,CA,230
2016-02-04,TX,87
2016-02-04,WI,119
2016-02-05,CA,239
2016-02-05,TX,121
2016-02-05,WI,121
2016-02-06,CA,405
2016-02-06,TX,141
2016-02-06,WI,143
2016-02-07,CA,273
2016-02-07,TX,168
2016-02-07,WI,168
2016-02-08,CA,209
2016-02-08,TX,75
2016-02-08,WI,93
2016-02-09,CA,188
2016-02-09,TX,105
2016-02-09,WI,130
2016-02-10,CA,221
2016-02-10,TX,135
2016-02-10,WI,123
2016-02-11,CA,290
2016-02-11,TX,118
2016-02-11,WI,162
2016-02-12,CA,271
2016-02-12,TX,97
2016-02-12,WI,160
2016-02-13,CA,325
2016-02-13,TX,149
2016-02-13,WI,167
2016-02-14,CA,293
2016-02-14,TX,162
2016-02-14,WI,150
2016-02-15,CA,302
2016-02-15,TX,96
2016-02-15,WI,145
2016-02-16,CA,269
2016-02-16,TX,90
2016-02-16,WI,99
2016-02-17,CA,241
2016-02-17,TX,103
2016-02-17,WI,139
2016-02-18,CA,213
2016-02-18,TX,100
2016-02-18,WI,123
2016-02-19,CA,276
2016-02-19,TX,125
2016-02-19,WI,103
2016-02-20,CA,306
2016-02-20,TX,103
2016-02-20,WI,160
2016-02-21,CA,345
2016-02-21,TX,149
2016-02-21,WI,116
2016-02-22,CA,244
2016-02-22,TX,122
2016-02-22,WI,105
2016-02-23,CA,177
2016-02-23,TX,105
2016-02-23,WI,92
2016-02-24,CA,195
2016-02-24,TX,119
2016-02-24,WI,92
2016-02-25,CA,223
2016-02-25,TX,104
2016-02-25,WI,116
2016-02-26,CA,243
2016-02-26,TX,109
2016-02-26,WI,115
2016-02-27,CA,310
2016-02-27,TX,82
2016-02-27,WI,154
2016-02-28,CA,364
2016-02-28,TX,117
2016-02-28,WI,135
2016-02-29,CA,228
2016-02-29,TX,90
2016-02-29,WI,132
2016-03-01,CA,245
2016-03-01,TX,86
2016-03-01,WI,70
2016-03-02,CA,239
2016-03-02,TX,86
2016-03-02,WI,124
2016-03-03,CA,233
2016-03-03,TX,105
2016-03-03,WI,107
2016-03-04,CA,281
2016-03-04,TX,94
2016-03-04,WI,99
2016-03-05,CA,350
2016-03-05,TX,103
2016-03-05,WI,148
2016-03-06,CA,390
2016-03-06,TX,140
2016-03-06,WI,146
2016-03-07,CA,259
2016-03-07,TX,92
2016-03-07,WI,105
2016-03-08,CA,235
2016-03-08,TX,77
2016-03-08,WI,83
2016-03-09,CA,238
2016-03-09,TX,92
2016-03-09,WI,101
2016-03-10,CA,261
2016-03-10,TX,133
2016-03-10,WI,104
2016-03-11,CA,270
2016-03-11,TX,98
2016-03-11,WI,101
2016-03-12,CA,347
2016-03-12,TX,121
2016-03-12,WI,113
2016-03-13,CA,280
2016-03-13,TX,113
2016-03-13,WI,113
2016-03-14,CA,282
2016-03-14,TX,90
2016-03-14,WI,98
2016-03-15,CA,210
2016-03-15,TX,99
2016-03-15,WI,87
2016-03-16,CA,194
2016-03-16,TX,68
2016-03-16,WI,77
2016-03-17,CA,216
2016-03-17,TX,71
2016-03-17,WI,93
2016-03-18,CA,277
2016-03-18,TX,108
2016-03-18,WI,71
2016-03-19,CA,291
2016-03-19,TX,94
2016-03-19,WI,105
2016-03-20,CA,290
2016-03-20,TX,105
2016-03-20,WI,89
2016-03-21,CA,249
2016-03-21,TX,71
2016-03-21,WI,101
2016-03-22,CA,177
2016-03-22,TX,82
2016-03-22,WI,71
2016-03-23,CA,248
2016-03-23,TX,94
2016-03-23,WI,105
2016-03-24,CA,197
2016-03-24,TX,66
2016-03-24,WI,61
2016-03-25,CA,251
2016-03-25,TX,78
2016-03-25,WI,119
2016-03-26,CA,341
2016-03-26,TX,101
2016-03-26,WI,130
2016-03-27,CA,291
2016-03-27,TX,135
2016-03-27,WI,87
2016-03-28,CA,228
2016-03-28,TX,87
2016-03-28,WI,61
2016-03-29,CA,181
2016-03-29,TX,62
2016-03-29,WI,98
2016-03-30,CA,213
2016-03-30,TX,63
2016-03-30,WI,73
2016-03-31,CA,216
2016-03-31,TX,86
2016-03-31,WI,106
2016-04-01,CA,317
2016-04-01,TX,117
2016-04-01,WI,96
2016-04-02,CA,267
2016-04-02,TX,112
2016-04-02,WI,143
2016-04-03,CA,340
2016-04-03,TX,112
2016-04-03,WI,136
2016-04-04,CA,236
2016-04-04,TX,53
2016-04-04,WI,83
2016-04-05,CA,232
2016-04-05,TX,52
2016-04-05,WI,85
2016-04-06,CA,246
2016-04-06,TX,106
2016-04-06,WI,126
2016-04-07,CA,232
2016-04-07,TX,93
2016-04-07,WI,99
2016-04-08,CA,257
2016-04-08,TX,91
2016-04-08,WI,96
2016-04-09,CA,345
2016-04-09,TX,133
2016-04-09,WI,149
2016-04-10,CA,343
2016-04-10,TX,124
2016-04-10,WI,126
2016-04-11,CA,253
2016-04-11,TX,96
2016-04-11,WI,104
2016-04-12,CA,234
2016-04-12,TX,106
2016-04-12,WI,108
2016-04-13,CA,203
2016-04-13,TX,93
2016-04-13,WI,69
2016-04-14,CA,222
2016-04-14,TX,91
2016-04-14,WI,72
2016-04-15,CA,232
2016-04-15,TX,92
2016-04-15,WI,83
2016-04-16,CA,353
2016-04-16,TX,107
2016-04-16,WI,92
2016-04-17,CA,318
2016-04-17,TX,129
2016-04-17,WI,130
2016-04-18,CA,251
2016-04-18,TX,97
2016-04-18,WI,88
2016-04-19,CA,174
2016-04-19,TX,99
2016-04-19,WI,74
2016-04-20,CA,216
2016-04-20,TX,112
2016-04-20,WI,97
2016-04-21,CA,213
2016-04-21,TX,108
2016-04-21,WI,102
2016-04-22,CA,239
2016-04-22,TX,136
2016-04-22,WI,141
2016-04-23,CA,437
2016-04-23,TX,156
2016-04-23,WI,123
2016-04-24,CA,421
2016-04-24,TX,128
2016-04-24,WI,129
