date,store_id,state_id,units_sold
2011-01-29,CA_1,CA,78
2011-01-29,CA_2,CA,65
2011-01-29,CA_3,CA,79
2011-01-29,TX_1,TX,32
2011-01-29,TX_2,TX,43
2011-01-29,WI_1,WI,23
2011-01-29,WI_2,WI,25
2011-01-30,CA_1,CA,85
2011-01-30,CA_2,CA,62
2011-01-30,CA_3,CA,81
2011-01-30,TX_1,TX,30
2011-01-30,TX_2,TX,61
2011-01-30,WI_1,WI,31
2011-01-30,WI_2,WI,11
2011-01-31,CA_1,CA,57
2011-01-31,CA_2,CA,35
2011-01-31,CA_3,CA,50
2011-01-31,TX_1,TX,23
2011-01-31,TX_2,TX,29
2011-01-31,WI_1,WI,29
2011-01-31,WI_2,WI,23
2011-02-01,CA_1,CA,48
2011-02-01,CA_2,CA,47
2011-02-01,CA_3,CA,68
2011-02-01,TX_1,TX,26
2011-02-01,TX_2,TX,40
2011-02-01,WI_1,WI,13
2011-02-01,WI_2,WI,16
2011-02-02,CA_1,CA,37
2011-02-02,CA_2,CA,31
2011-02-02,CA_3,CA,56
2011-02-02,TX_1,TX,32
2011-02-02,TX_2,TX,47
2011-02-02,WI_1,WI,0
2011-02-02,WI_2,WI,7
2011-02-03,CA_1,CA,65
2011-02-03,CA_2,CA,42
2011-02-03,CA_3,CA,50
2011-02-03,TX_1,TX,36
2011-02-03,TX_2,TX,59
2011-02-03,WI_1,WI,18
2011-02-03,WI_2,WI,18
2011-02-04,CA_1,CA,93
2011-02-04,CA_2,CA,64
2011-02-04,CA_3,CA,103
2011-02-04,TX_1,TX,34
2011-02-04,TX_2,TX,48
2011-02-04,WI_1,WI,39
2011-02-04,WI_2,WI,26
2011-02-05,CA_1,CA,79
2011-02-05,CA_2,CA,82
2011-02-05,CA_3,CA,100
2011-02-05,TX_1,TX,36
2011-02-05,TX_2,TX,52
2011-02-05,WI_1,WI,39
2011-02-05,WI_2,WI,22
2011-02-06,CA_1,CA,84
2011-02-06,CA_2,CA,48
2011-02-06,CA_3,CA,73
2011-02-06,TX_1,TX,41
2011-02-06,TX_2,TX,40
2011-02-06,WI_1,WI,17
2011-02-06,WI_2,WI,24
2011-02-07,CA_1,CA,50
2011-02-07,CA_2,CA,40
2011-02-07,CA_3,CA,59
2011-02-07,TX_1,TX,27
2011-02-07,TX_2,TX,54
2011-02-07,WI_1,WI,28
2011-02-07,WI_2,WI,20
2011-02-08,CA_1,CA,42
2011-02-08,CA_2,CA,30
2011-02-08,CA_3,CA,59
2011-02-08,TX_1,TX,10
2011-02-08,TX_2,TX,59
2011-02-08,WI_1,WI,30
2011-02-08,WI_2,WI,10
2011-02-09,CA_1,CA,36
2011-02-09,CA_2,CA,23
2011-02-09,CA_3,CA,50
2011-02-09,TX_1,TX,25
2011-02-09,TX_2,TX,61
2011-02-09,WI_1,WI,18
2011-02-09,WI_2,WI,15
2011-02-10,CA_1,CA,35
2011-02-10,CA_2,CA,33
2011-02-10,CA_3,CA,40
2011-02-10,TX_1,TX,31
2011-02-10,TX_2,TX,52
2011-02-10,WI_1,WI,30
2011-02-10,WI_2,WI,10
2011-02-11,CA_1,CA,64
2011-02-11,CA_2,CA,47
2011-02-11,CA_3,CA,38
2011-02-11,TX_1,TX,25
2011-02-11,TX_2,TX,54
2011-02-11,WI_1,WI,55
2011-02-11,WI_2,WI,35
2011-02-12,CA_1,CA,115
2011-02-12,CA_2,CA,70
2011-02-12,CA_3,CA,97
2011-02-12,TX_1,TX,54
2011-02-12,TX_2,TX,84
2011-02-12,WI_1,WI,34
2011-02-12,WI_2,WI,13
2011-02-13,CA_1,CA,84
2011-02-13,CA_2,CA,72
2011-02-13,CA_3,CA,79
2011-02-13,TX_1,TX,97
2011-02-13,TX_2,TX,94
2011-02-13,WI_1,WI,28
2011-02-13,WI_2,WI,31
2011-02-14,CA_1,CA,73
2011-02-14,CA_2,CA,66
2011-02-14,CA_3,CA,45
2011-02-14,TX_1,TX,37
2011-02-14,TX_2,TX,55
2011-02-14,WI_1,WI,21
2011-02-14,WI_2,WI,28
2011-02-15,CA_1,CA,72
2011-02-15,CA_2,CA,42
2011-02-15,CA_3,CA,66
2011-02-15,TX_1,TX,45
2011-02-15,TX_2,TX,117
2011-02-15,WI_1,WI,27
2011-02-15,WI_2,WI,12
2011-02-16,CA_1,CA,25
2011-02-16,CA_2,CA,66
2011-02-16,CA_3,CA,27
2011-02-16,TX_1,TX,33
2011-02-16,TX_2,TX,38
2011-02-16,WI_1,WI,15
2011-02-16,WI_2,WI,9
2011-02-17,CA_1,CA,35
2011-02-17,CA_2,CA,23
2011-02-17,CA_3,CA,26
2011-02-17,TX_1,TX,31
2011-02-17,TX_2,TX,58
2011-02-17,WI_1,WI,20
2011-02-17,WI_2,WI,14
2011-02-18,CA_1,CA,65
2011-02-18,CA_2,CA,36
2011-02-18,CA_3,CA,25
2011-02-18,TX_1,TX,48
2011-02-18,TX_2,TX,42
2011-02-18,WI_1,WI,31
2011-02-18,WI_2,WI,18
2011-02-19,CA_1,CA,99
2011-02-19,CA_2,CA,47
2011-02-19,CA_3,CA,50
2011-02-19,TX_1,TX,60
2011-02-19,TX_2,TX,107
2011-02-19,WI_1,WI,43
2011-02-19,WI_2,WI,16
2011-02-20,CA_1,CA,91
2011-02-20,CA_2,CA,45
2011-02-20,CA_3,CA,52
2011-02-20,TX_1,TX,38
2011-02-20,TX_2,TX,63
2011-02-20,WI_1,WI,22
2011-02-20,WI_2,WI,22
2011-02-21,CA_1,CA,73
2011-02-21,CA_2,CA,42
2011-02-21,CA_3,CA,59
2011-02-21,TX_1,TX,28
2011-02-21,TX_2,TX,48
2011-02-21,WI_1,WI,22
2011-02-21,WI_2,WI,16
2011-02-22,CA_1,CA,51
2011-02-22,CA_2,CA,20
2011-02-22,CA_3,CA,69
2011-02-22,TX_1,TX,32
2011-02-22,TX_2,TX,57
2011-02-22,WI_1,WI,11
2011-02-22,WI_2,WI,9
2011-02-23,CA_1,CA,33
2011-02-23,CA_2,CA,46
2011-02-23,CA_3,CA,48
2011-02-23,TX_1,TX,25
2011-02-23,TX_2,TX,66
2011-02-23,WI_1,WI,17
2011-02-23,WI_2,WI,11
2011-02-24,CA_1,CA,58
2011-02-24,CA_2,CA,19
2011-02-24,CA_3,CA,52
2011-02-24,TX_1,TX,23
2011-02-24,TX_2,TX,54
2011-02-24,WI_1,WI,22
2011-02-24,WI_2,WI,16
2011-02-25,CA_1,CA,61
2011-02-25,CA_2,CA,37
2011-02-25,CA_3,CA,42
2011-02-25,TX_1,TX,21
2011-02-25,TX_2,TX,65
2011-02-25,WI_1,WI,23
2011-02-25,WI_2,WI,19
2011-02-26,CA_1,CA,61
2011-02-26,CA_2,CA,36
2011-02-26,CA_3,CA,77
2011-02-26,TX_1,TX,62
2011-02-26,TX_2,TX,59
2011-02-26,WI_1,WI,25
2011-02-26,WI_2,WI,23
2011-02-27,CA_1,CA,67
2011-02-27,CA_2,CA,50
2011-02-27,CA_3,CA,60
2011-02-27,TX_1,TX,30
2011-02-27,TX_2,TX,53
2011-02-27,WI_1,WI,41
2011-02-27,WI_2,WI,17
2011-02-28,CA_1,CA,35
2011-02-28,CA_2,CA,88
2011-02-28,CA_3,CA,54
2011-02-28,TX_1,TX,23
2011-02-28,TX_2,TX,55
2011-02-28,WI_1,WI,33
2011-02-28,WI_2,WI,21
2011-03-01,CA_1,CA,44
2011-03-01,CA_2,CA,38
2011-03-01,CA_3,CA,36
2011-03-01,TX_1,TX,19
2011-03-01,TX_2,TX,98
2011-03-01,WI_1,WI,17
2011-03-01,WI_2,WI,23
2011-03-02,CA_1,CA,52
2011-03-02,CA_2,CA,22
2011-03-02,CA_3,CA,41
2011-03-02,TX_1,TX,23
2011-03-02,TX_2,TX,69
2011-03-02,WI_1,WI,31
2011-03-02,WI_2,WI,10
2011-03-03,CA_1,CA,49
2011-03-03,CA_2,CA,37
2011-03-03,CA_3,CA,58
2011-03-03,TX_1,TX,33
2011-03-03,TX_2,TX,50
2011-03-03,WI_1,WI,27
2011-03-03,WI_2,WI,22
2011-03-04,CA_1,CA,57
2011-03-04,CA_2,CA,35
2011-03-04,CA_3,CA,80
2011-03-04,TX_1,TX,19
2011-03-04,TX_2,TX,56
2011-03-04,WI_1,WI,17
2011-03-04,WI_2,WI,13
2011-03-05,CA_1,CA,72
2011-03-05,CA_2,CA,46
2011-03-05,CA_3,CA,88
2011-03-05,TX_1,TX,35
2011-03-05,TX_2,TX,89
2011-03-05,WI_1,WI,30
2011-03-05,WI_2,WI,14
2011-03-06,CA_1,CA,76
2011-03-06,CA_2,CA,50
2011-03-06,CA_3,CA,75
2011-03-06,TX_1,TX,23
2011-03-06,TX_2,TX,75
2011-03-06,WI_1,WI,16
2011-03-06,WI_2,WI,14
2011-03-07,CA_1,CA,47
2011-03-07,CA_2,CA,19
2011-03-07,CA_3,CA,53
2011-03-07,TX_1,TX,16
2011-03-07,TX_2,TX,51
2011-03-07,WI_1,WI,17
2011-03-07,WI_2,WI,19
2011-03-08,CA_1,CA,45
2011-03-08,CA_2,CA,41
2011-03-08,CA_3,CA,46
2011-03-08,TX_1,TX,16
2011-03-08,TX_2,TX,18
2011-03-08,WI_1,WI,16
2011-03-08,WI_2,WI,17
2011-03-09,CA_1,CA,46
2011-03-09,CA_2,CA,30
2011-03-09,CA_3,CA,69
2011-03-09,TX_1,TX,17
2011-03-09,TX_2,TX,63
2011-03-09,WI_1,WI,8
2011-03-09,WI_2,WI,26
2011-03-10,CA_1,CA,45
2011-03-10,CA_2,CA,96
2011-03-10,CA_3,CA,91
2011-03-10,TX_1,TX,16
2011-03-10,TX_2,TX,85
2011-03-10,WI_1,WI,27
2011-03-10,WI_2,WI,19
2011-03-11,CA_1,CA,41
2011-03-11,CA_2,CA,46
2011-03-11,CA_3,CA,35
2011-03-11,TX_1,TX,21
2011-03-11,TX_2,TX,46
2011-03-11,WI_1,WI,29
2011-03-11,WI_2,WI,15
2011-03-12,CA_1,CA,43
2011-03-12,CA_2,CA,56
2011-03-12,CA_3,CA,65
2011-03-12,TX_1,TX,46
2011-03-12,TX_2,TX,49
2011-03-12,WI_1,WI,30
2011-03-12,WI_2,WI,23
2011-03-13,CA_1,CA,64
2011-03-13,CA_2,CA,48
2011-03-13,CA_3,CA,75
2011-03-13,TX_1,TX,28
2011-03-13,TX_2,TX,69
2011-03-13,WI_1,WI,33
2011-03-13,WI_2,WI,16
2011-03-14,CA_1,CA,57
2011-03-14,CA_2,CA,34
2011-03-14,CA_3,CA,49
2011-03-14,TX_1,TX,33
2011-03-14,TX_2,TX,57
2011-03-14,WI_1,WI,18
2011-03-14,WI_2,WI,12
2011-03-15,CA_1,CA,35
2011-03-15,CA_2,CA,41
2011-03-15,CA_3,CA,56
2011-03-15,TX_1,TX,24
2011-03-15,TX_2,TX,42
2011-03-15,WI_1,WI,33
2011-03-15,WI_2,WI,17
2011-03-16,CA_1,CA,58
2011-03-16,CA_2,CA,42
2011-03-16,CA_3,CA,58
2011-03-16,TX_1,TX,26
2011-03-16,TX_2,TX,51
2011-03-16,WI_1,WI,10
2011-03-16,WI_2,WI,13
2011-03-17,CA_1,CA,52
2011-03-17,CA_2,CA,27
2011-03-17,CA_3,CA,77
2011-03-17,TX_1,TX,28
2011-03-17,TX_2,TX,42
2011-03-17,WI_1,WI,19
2011-03-17,WI_2,WI,9
2011-03-18,CA_1,CA,44
2011-03-18,CA_2,CA,27
2011-03-18,CA_3,CA,41
2011-03-18,TX_1,TX,17
2011-03-18,TX_2,TX,41
2011-03-18,WI_1,WI,22
2011-03-18,WI_2,WI,10
2011-03-19,CA_1,CA,55
2011-03-19,CA_2,CA,53
2011-03-19,CA_3,CA,70
2011-03-19,TX_1,TX,31
2011-03-19,TX_2,TX,125
2011-03-19,WI_1,WI,37
2011-03-19,WI_2,WI,20
2011-03-20,CA_1,CA,73
2011-03-20,CA_2,CA,39
2011-03-20,CA_3,CA,65
2011-03-20,TX_1,TX,46
2011-03-20,TX_2,TX,44
2011-03-20,WI_1,WI,25
2011-03-20,WI_2,WI,12
2011-03-21,CA_1,CA,44
2011-03-21,CA_2,CA,28
2011-03-21,CA_3,CA,94
2011-03-21,TX_1,TX,21
2011-03-21,TX_2,TX,40
2011-03-21,WI_1,WI,22
2011-03-21,WI_2,WI,15
2011-03-22,CA_1,CA,47
2011-03-22,CA_2,CA,9
2011-03-22,CA_3,CA,70
2011-03-22,TX_1,TX,20
2011-03-22,TX_2,TX,46
2011-03-22,WI_1,WI,23
2011-03-22,WI_2,WI,11
2011-03-23,CA_1,CA,25
2011-03-23,CA_2,CA,31
2011-03-23,CA_3,CA,46
2011-03-23,TX_1,TX,22
2011-03-23,TX_2,TX,40
2011-03-23,WI_1,WI,14
2011-03-23,WI_2,WI,23
2011-03-24,CA_1,CA,54
2011-03-24,CA_2,CA,33
2011-03-24,CA_3,CA,25
2011-03-24,TX_1,TX,23
2011-03-24,TX_2,TX,63
2011-03-24,WI_1,WI,34
2011-03-24,WI_2,WI,15
2011-03-25,CA_1,CA,43
2011-03-25,CA_2,CA,47
2011-03-25,CA_3,CA,78
2011-03-25,TX_1,TX,27
2011-03-25,TX_2,TX,57
2011-03-25,WI_1,WI,19
2011-03-25,WI_2,WI,22
2011-03-26,CA_1,CA,55
2011-03-26,CA_2,CA,50
2011-03-26,CA_3,CA,55
2011-03-26,TX_1,TX,30
2011-03-26,TX_2,TX,58
2011-03-26,WI_1,WI,36
2011-03-26,WI_2,WI,8
2011-03-27,CA_1,CA,62
2011-03-27,CA_2,CA,48
2011-03-27,CA_3,CA,50
2011-03-27,TX_1,TX,28
2011-03-27,TX_2,TX,80
2011-03-27,WI_1,WI,29
2011-03-27,WI_2,WI,22
2011-03-28,CA_1,CA,44
2011-03-28,CA_2,CA,31
2011-03-28,CA_3,CA,58
2011-03-28,TX_1,TX,22
2011-03-28,TX_2,TX,45
2011-03-28,WI_1,WI,13
2011-03-28,WI_2,WI,11
2011-03-29,CA_1,CA,37
2011-03-29,CA_2,CA,39
2011-03-29,CA_3,CA,47
2011-03-29,TX_1,TX,16
2011-03-29,TX_2,TX,65
2011-03-29,WI_1,WI,23
2011-03-29,WI_2,WI,11
2011-03-30,CA_1,CA,31
2011-03-30,CA_2,CA,31
2011-03-30,CA_3,CA,64
2011-03-30,TX_1,TX,22
2011-03-30,TX_2,TX,40
2011-03-30,WI_1,WI,24
2011-03-30,WI_2,WI,6
2011-03-31,CA_1,CA,84
2011-03-31,CA_2,CA,36
2011-03-31,CA_3,CA,56
2011-03-31,TX_1,TX,20
2011-03-31,TX_2,TX,41
2011-03-31,WI_1,WI,29
2011-03-31,WI_2,WI,9
2011-04-01,CA_1,CA,49
2011-04-01,CA_2,CA,42
2011-04-01,CA_3,CA,55
2011-04-01,TX_1,TX,44
2011-04-01,TX_2,TX,58
2011-04-01,WI_1,WI,34
2011-04-01,WI_2,WI,33
2011-04-02,CA_1,CA,68
2011-04-02,CA_2,CA,36
2011-04-02,CA_3,CA,53
2011-04-02,TX_1,TX,23
2011-04-02,TX_2,TX,65
2011-04-02,WI_1,WI,20
2011-04-02,WI_2,WI,23
2011-04-03,CA_1,CA,81
2011-04-03,CA_2,CA,51
2011-04-03,CA_3,CA,79
2011-04-03,TX_1,TX,26
2011-04-03,TX_2,TX,56
2011-04-03,WI_1,WI,20
2011-04-03,WI_2,WI,8
2011-04-04,CA_1,CA,64
2011-04-04,CA_2,CA,23
2011-04-04,CA_3,CA,83
2011-04-04,TX_1,TX,9
2011-04-04,TX_2,TX,33
2011-04-04,WI_1,WI,20
2011-04-04,WI_2,WI,18
2011-04-05,CA_1,CA,50
2011-04-05,CA_2,CA,44
2011-04-05,CA_3,CA,74
2011-04-05,TX_1,TX,18
2011-04-05,TX_2,TX,61
2011-04-05,WI_1,WI,22
2011-04-05,WI_2,WI,17
2011-04-06,CA_1,CA,36
2011-04-06,CA_2,CA,26
2011-04-06,CA_3,CA,43
2011-04-06,TX_1,TX,17
2011-04-06,TX_2,TX,48
2011-04-06,WI_1,WI,15
2011-04-06,WI_2,WI,11
2011-04-07,CA_1,CA,61
2011-04-07,CA_2,CA,34
2011-04-07,CA_3,CA,70
2011-04-07,TX_1,TX,17
2011-04-07,TX_2,TX,44
2011-04-07,WI_1,WI,13
2011-04-07,WI_2,WI,20
2011-04-08,CA_1,CA,52
2011-04-08,CA_2,CA,38
2011-04-08,CA_3,CA,32
2011-04-08,TX_1,TX,18
2011-04-08,TX_2,TX,46
2011-04-08,WI_1,WI,24
2011-04-08,WI_2,WI,18
2011-04-09,CA_1,CA,63
2011-04-09,CA_2,CA,45
2011-04-09,CA_3,CA,55
2011-04-09,TX_1,TX,20
2011-04-09,TX_2,TX,43
2011-04-09,WI_1,WI,51
2011-04-09,WI_2,WI,32
2011-04-10,CA_1,CA,73
2011-04-10,CA_2,CA,49
2011-04-10,CA_3,CA,65
2011-04-10,TX_1,TX,31
2011-04-10,TX_2,TX,81
2011-04-10,WI_1,WI,15
2011-04-10,WI_2,WI,9
2011-04-11,CA_1,CA,45
2011-04-11,CA_2,CA,17
2011-04-11,CA_3,CA,40
2011-04-11,TX_1,TX,13
2011-04-11,TX_2,TX,37
2011-04-11,WI_1,WI,17
2011-04-11,WI_2,WI,9
2011-04-12,CA_1,CA,66
2011-04-12,CA_2,CA,25
2011-04-12,CA_3,CA,29
2011-04-12,TX_1,TX,9
2011-04-12,TX_2,TX,49
2011-04-12,WI_1,WI,34
2011-04-12,WI_2,WI,30
2011-04-13,CA_1,CA,55
2011-04-13,CA_2,CA,31
2011-04-13,CA_3,CA,27
2011-04-13,TX_1,TX,26
2011-04-13,TX_2,TX,45
2011-04-13,WI_1,WI,13
2011-04-13,WI_2,WI,15
2011-04-14,CA_1,CA,43
2011-04-14,CA_2,CA,37
2011-04-14,CA_3,CA,78
2011-04-14,TX_1,TX,9
2011-04-14,TX_2,TX,49
2011-04-14,WI_1,WI,17
2011-04-14,WI_2,WI,16
2011-04-15,CA_1,CA,49
2011-04-15,CA_2,CA,46
2011-04-15,CA_3,CA,91
2011-04-15,TX_1,TX,28
2011-04-15,TX_2,TX,48
2011-04-15,WI_1,WI,18
2011-04-15,WI_2,WI,9
2011-04-16,CA_1,CA,45
2011-04-16,CA_2,CA,51
2011-04-16,CA_3,CA,50
2011-04-16,TX_1,TX,9
2011-04-16,TX_2,TX,46
2011-04-16,WI_1,WI,30
2011-04-16,WI_2,WI,15
2011-04-17,CA_1,CA,54
2011-04-17,CA_2,CA,37
2011-04-17,CA_3,CA,41
2011-04-17,TX_1,TX,38
2011-04-17,TX_2,TX,46
2011-04-17,WI_1,WI,34
2011-04-17,WI_2,WI,14
2011-04-18,CA_1,CA,39
2011-04-18,CA_2,CA,22
2011-04-18,CA_3,CA,52
2011-04-18,TX_1,TX,19
2011-04-18,TX_2,TX,35
2011-04-18,WI_1,WI,11
2011-04-18,WI_2,WI,16
2011-04-19,CA_1,CA,36
2011-04-19,CA_2,CA,36
2011-04-19,CA_3,CA,93
2011-04-19,TX_1,TX,16
2011-04-19,TX_2,TX,32
2011-04-19,WI_1,WI,13
2011-04-19,WI_2,WI,17
2011-04-20,CA_1,CA,85
2011-04-20,CA_2,CA,33
2011-04-20,CA_3,CA,74
2011-04-20,TX_1,TX,20
2011-04-20,TX_2,TX,33
2011-04-20,WI_1,WI,19
2011-04-20,WI_2,WI,14
2011-04-21,CA_1,CA,73
2011-04-21,CA_2,CA,33
2011-04-21,CA_3,CA,42
2011-04-21,TX_1,TX,14
2011-04-21,TX_2,TX,52
2011-04-21,WI_1,WI,11
2011-04-21,WI_2,WI,9
2011-04-22,CA_1,CA,48
2011-04-22,CA_2,CA,51
2011-04-22,CA_3,CA,92
2011-04-22,TX_1,TX,22
2011-04-22,TX_2,TX,41
2011-04-22,WI_1,WI,42
2011-04-22,WI_2,WI,12
2011-04-23,CA_1,CA,64
2011-04-23,CA_2,CA,51
2011-04-23,CA_3,CA,31
2011-04-23,TX_1,TX,27
2011-04-23,TX_2,TX,70
2011-04-23,WI_1,WI,39
2011-04-23,WI_2,WI,20
2011-04-24,CA_1,CA,54
2011-04-24,CA_2,CA,56
2011-04-24,CA_3,CA,53
2011-04-24,TX_1,TX,18
2011-04-24,TX_2,TX,44
2011-04-24,WI_1,WI,18
2011-04-24,WI_2,WI,14
2011-04-25,CA_1,CA,58
2011-04-25,CA_2,CA,48
2011-04-25,CA_3,CA,35
2011-04-25,TX_1,TX,19
2011-04-25,TX_2,TX,44
2011-04-25,WI_1,WI,23
2011-04-25,WI_2,WI,15
2011-04-26,CA_1,CA,31
2011-04-26,CA_2,CA,21
2011-04-26,CA_3,CA,52
2011-04-26,TX_1,TX,22
2011-04-26,TX_2,TX,23
2011-04-26,WI_1,WI,15
2011-04-26,WI_2,WI,14
2011-04-27,CA_1,CA,28
2011-04-27,CA_2,CA,18
2011-04-27,CA_3,CA,48
2011-04-27,TX_1,TX,24
2011-04-27,TX_2,TX,37
2011-04-27,WI_1,WI,12
2011-04-27,WI_2,WI,14
2011-04-28,CA_1,CA,26
2011-04-28,CA_2,CA,30
2011-04-28,CA_3,CA,44
2011-04-28,TX_1,TX,15
2011-04-28,TX_2,TX,27
2011-04-28,WI_1,WI,9
2011-04-28,WI_2,WI,15
2011-04-29,CA_1,CA,42
2011-04-29,CA_2,CA,56
2011-04-29,CA_3,CA,51
2011-04-29,TX_1,TX,15
2011-04-29,TX_2,TX,46
2011-04-29,WI_1,WI,20
2011-04-29,WI_2,WI,16
2011-04-30,CA_1,CA,47
2011-04-30,CA_2,CA,47
2011-04-30,CA_3,CA,51
2011-04-30,TX_1,TX,24
2011-04-30,TX_2,TX,58
2011-04-30,WI_1,WI,21
2011-04-30,WI_2,WI,24
2011-05-01,CA_1,CA,58
2011-05-01,CA_2,CA,53
2011-05-01,CA_3,CA,53
2011-05-01,TX_1,TX,18
2011-05-01,TX_2,TX,55
2011-05-01,WI_1,WI,15
2011-05-01,WI_2,WI,26
2011-05-02,CA_1,CA,48
2011-05-02,CA_2,CA,49
2011-05-02,CA_3,CA,54
2011-05-02,TX_1,TX,20
2011-05-02,TX_2,TX,48
2011-05-02,WI_1,WI,22
2011-05-02,WI_2,WI,20
2011-05-03,CA_1,CA,57
2011-05-03,CA_2,CA,71
2011-05-03,CA_3,CA,78
2011-05-03,TX_1,TX,24
2011-05-03,TX_2,TX,35
2011-05-03,WI_1,WI,12
2011-05-03,WI_2,WI,24
2011-05-04,CA_1,CA,51
2011-05-04,CA_2,CA,33
2011-05-04,CA_3,CA,49
2011-05-04,TX_1,TX,24
2011-05-04,TX_2,TX,45
2011-05-04,WI_1,WI,10
2011-05-04,WI_2,WI,32
2011-05-05,CA_1,CA,25
2011-05-05,CA_2,CA,33
2011-05-05,CA_3,CA,53
2011-05-05,TX_1,TX,26
2011-05-05,TX_2,TX,40
2011-05-05,WI_1,WI,14
2011-05-05,WI_2,WI,17
2011-05-06,CA_1,CA,37
2011-05-06,CA_2,CA,44
2011-05-06,CA_3,CA,74
2011-05-06,TX_1,TX,20
2011-05-06,TX_2,TX,44
2011-05-06,WI_1,WI,29
2011-05-06,WI_2,WI,17
2011-05-07,CA_1,CA,60
2011-05-07,CA_2,CA,37
2011-05-07,CA_3,CA,98
2011-05-07,TX_1,TX,23
2011-05-07,TX_2,TX,38
2011-05-07,WI_1,WI,27
2011-05-07,WI_2,WI,15
2011-05-08,CA_1,CA,79
2011-05-08,CA_2,CA,55
2011-05-08,CA_3,CA,56
2011-05-08,TX_1,TX,23
2011-05-08,TX_2,TX,47
2011-05-08,WI_1,WI,29
2011-05-08,WI_2,WI,4
2011-05-09,CA_1,CA,65
2011-05-09,CA_2,CA,40
2011-05-09,CA_3,CA,94
2011-05-09,TX_1,TX,12
2011-05-09,TX_2,TX,50
2011-05-09,WI_1,WI,20
2011-05-09,WI_2,WI,9
2011-05-10,CA_1,CA,42
2011-05-10,CA_2,CA,31
2011-05-10,CA_3,CA,50
2011-05-10,TX_1,TX,15
2011-05-10,TX_2,TX,43
2011-05-10,WI_1,WI,17
2011-05-10,WI_2,WI,10
2011-05-11,CA_1,CA,48
2011-05-11,CA_2,CA,35
2011-05-11,CA_3,CA,67
2011-05-11,TX_1,TX,18
2011-05-11,TX_2,TX,54
2011-05-11,WI_1,WI,18
2011-05-11,WI_2,WI,16
2011-05-12,CA_1,CA,40
2011-05-12,CA_2,CA,29
2011-05-12,CA_3,CA,50
2011-05-12,TX_1,TX,23
2011-05-12,TX_2,TX,35
2011-05-12,WI_1,WI,21
2011-05-12,WI_2,WI,12
2011-05-13,CA_1,CA,35
2011-05-13,CA_2,CA,54
2011-05-13,CA_3,CA,48
2011-05-13,TX_1,TX,18
2011-05-13,TX_2,TX,40
2011-05-13,WI_1,WI,16
2011-05-13,WI_2,WI,16
2011-05-14,CA_1,CA,57
2011-05-14,CA_2,CA,38
2011-05-14,CA_3,CA,70
2011-05-14,TX_1,TX,13
2011-05-14,TX_2,TX,63
2011-05-14,WI_1,WI,30
2011-05-14,WI_2,WI,9
2011-05-15,CA_1,CA,54
2011-05-15,CA_2,CA,45
2011-05-15,CA_3,CA,64
2011-05-15,TX_1,TX,27
2011-05-15,TX_2,TX,52
2011-05-15,WI_1,WI,31
2011-05-15,WI_2,WI,15
2011-05-16,CA_1,CA,43
2011-05-16,CA_2,CA,28
2011-05-16,CA_3,CA,64
2011-05-16,TX_1,TX,25
2011-05-16,TX_2,TX,53
2011-05-16,WI_1,WI,22
2011-05-16,WI_2,WI,12
2011-05-17,CA_1,CA,36
2011-05-17,CA_2,CA,28
2011-05-17,CA_3,CA,55
2011-05-17,TX_1,TX,23
2011-05-17,TX_2,TX,45
2011-05-17,WI_1,WI,18
2011-05-17,WI_2,WI,14
2011-05-18,CA_1,CA,56
2011-05-18,CA_2,CA,25
2011-05-18,CA_3,CA,48
2011-05-18,TX_1,TX,14
2011-05-18,TX_2,TX,35
2011-05-18,WI_1,WI,28
2011-05-18,WI_2,WI,16
2011-05-19,CA_1,CA,54
2011-05-19,CA_2,CA,39
2011-05-19,CA_3,CA,43
2011-05-19,TX_1,TX,14
2011-05-19,TX_2,TX,46
2011-05-19,WI_1,WI,27
2011-05-19,WI_2,WI,12
2011-05-20,CA_1,CA,38
2011-05-20,CA_2,CA,46
2011-05-20,CA_3,CA,81
2011-05-20,TX_1,TX,13
2011-05-20,TX_2,TX,34
2011-05-20,WI_1,WI,23
2011-05-20,WI_2,WI,26
2011-05-21,CA_1,CA,46
2011-05-21,CA_2,CA,52
2011-05-21,CA_3,CA,109
2011-05-21,TX_1,TX,24
2011-05-21,TX_2,TX,52
2011-05-21,WI_1,WI,28
2011-05-21,WI_2,WI,13
2011-05-22,CA_1,CA,68
2011-05-22,CA_2,CA,38
2011-05-22,CA_3,CA,66
2011-05-22,TX_1,TX,20
2011-05-22,TX_2,TX,85
2011-05-22,WI_1,WI,23
2011-05-22,WI_2,WI,16
2011-05-23,CA_1,CA,50
2011-05-23,CA_2,CA,26
2011-05-23,CA_3,CA,52
2011-05-23,TX_1,TX,20
2011-05-23,TX_2,TX,42
2011-05-23,WI_1,WI,14
2011-05-23,WI_2,WI,16
2011-05-24,CA_1,CA,44
2011-05-24,CA_2,CA,31
2011-05-24,CA_3,CA,25
2011-05-24,TX_1,TX,21
2011-05-24,TX_2,TX,30
2011-05-24,WI_1,WI,16
2011-05-24,WI_2,WI,13
2011-05-25,CA_1,CA,45
2011-05-25,CA_2,CA,37
2011-05-25,CA_3,CA,50
2011-05-25,TX_1,TX,17
2011-05-25,TX_2,TX,43
2011-05-25,WI_1,WI,19
2011-05-25,WI_2,WI,16
2011-05-26,CA_1,CA,49
2011-05-26,CA_2,CA,37
2011-05-26,CA_3,CA,61
2011-05-26,TX_1,TX,24
2011-05-26,TX_2,TX,48
2011-05-26,WI_1,WI,25
2011-05-26,WI_2,WI,20
2011-05-27,CA_1,CA,30
2011-05-27,CA_2,CA,43
2011-05-27,CA_3,CA,74
2011-05-27,TX_1,TX,15
2011-05-27,TX_2,TX,39
2011-05-27,WI_1,WI,29
2011-05-27,WI_2,WI,19
2011-05-28,CA_1,CA,55
2011-05-28,CA_2,CA,46
2011-05-28,CA_3,CA,48
2011-05-28,TX_1,TX,21
2011-05-28,TX_2,TX,58
2011-05-28,WI_1,WI,15
2011-05-28,WI_2,WI,11
2011-05-29,CA_1,CA,95
2011-05-29,CA_2,CA,48
2011-05-29,CA_3,CA,34
2011-05-29,TX_1,TX,22
2011-05-29,TX_2,TX,31
2011-05-29,WI_1,WI,21
2011-05-29,WI_2,WI,5
2011-05-30,CA_1,CA,52
2011-05-30,CA_2,CA,37
2011-05-30,CA_3,CA,80
2011-05-30,TX_1,TX,25
2011-05-30,TX_2,TX,41
2011-05-30,WI_1,WI,18
2011-05-30,WI_2,WI,13
2011-05-31,CA_1,CA,25
2011-05-31,CA_2,CA,26
2011-05-31,CA_3,CA,53
2011-05-31,TX_1,TX,15
2011-05-31,TX_2,TX,31
2011-05-31,WI_1,WI,26
2011-05-31,WI_2,WI,8
2011-06-01,CA_1,CA,58
2011-06-01,CA_2,CA,38
2011-06-01,CA_3,CA,67
2011-06-01,TX_1,TX,37
2011-06-01,TX_2,TX,44
2011-06-01,WI_1,WI,16
2011-06-01,WI_2,WI,23
2011-06-02,CA_1,CA,124
2011-06-02,CA_2,CA,31
2011-06-02,CA_3,CA,36
2011-06-02,TX_1,TX,24
2011-06-02,TX_2,TX,36
2011-06-02,WI_1,WI,17
2011-06-02,WI_2,WI,5
2011-06-03,CA_1,CA,38
2011-06-03,CA_2,CA,48
2011-06-03,CA_3,CA,68
2011-06-03,TX_1,TX,31
2011-06-03,TX_2,TX,44
2011-06-03,WI_1,WI,30
2011-06-03,WI_2,WI,7
2011-06-04,CA_1,CA,64
2011-06-04,CA_2,CA,41
2011-06-04,CA_3,CA,74
2011-06-04,TX_1,TX,23
2011-06-04,TX_2,TX,38
2011-06-04,WI_1,WI,33
2011-06-04,WI_2,WI,16
2011-06-05,CA_1,CA,44
2011-06-05,CA_2,CA,45
2011-06-05,CA_3,CA,92
2011-06-05,TX_1,TX,26
2011-06-05,TX_2,TX,45
2011-06-05,WI_1,WI,33
2011-06-05,WI_2,WI,21
2011-06-06,CA_1,CA,34
2011-06-06,CA_2,CA,51
2011-06-06,CA_3,CA,73
2011-06-06,TX_1,TX,17
2011-06-06,TX_2,TX,45
2011-06-06,WI_1,WI,22
2011-06-06,WI_2,WI,15
2011-06-07,CA_1,CA,54
2011-06-07,CA_2,CA,25
2011-06-07,CA_3,CA,50
2011-06-07,TX_1,TX,22
2011-06-07,TX_2,TX,40
2011-06-07,WI_1,WI,15
2011-06-07,WI_2,WI,6
2011-06-08,CA_1,CA,88
2011-06-08,CA_2,CA,37
2011-06-08,CA_3,CA,25
2011-06-08,TX_1,TX,14
2011-06-08,TX_2,TX,41
2011-06-08,WI_1,WI,53
2011-06-08,WI_2,WI,15
2011-06-09,CA_1,CA,26
2011-06-09,CA_2,CA,54
2011-06-09,CA_3,CA,47
2011-06-09,TX_1,TX,18
2011-06-09,TX_2,TX,36
2011-06-09,WI_1,WI,19
2011-06-09,WI_2,WI,7
2011-06-10,CA_1,CA,41
2011-06-10,CA_2,CA,65
2011-06-10,CA_3,CA,65
2011-06-10,TX_1,TX,27
2011-06-10,TX_2,TX,48
2011-06-10,WI_1,WI,15
2011-06-10,WI_2,WI,15
2011-06-11,CA_1,CA,68
2011-06-11,CA_2,CA,49
2011-06-11,CA_3,CA,44
2011-06-11,TX_1,TX,29
2011-06-11,TX_2,TX,56
2011-06-11,WI_1,WI,29
2011-06-11,WI_2,WI,6
2011-06-12,CA_1,CA,49
2011-06-12,CA_2,CA,35
2011-06-12,CA_3,CA,51
2011-06-12,TX_1,TX,28
2011-06-12,TX_2,TX,49
2011-06-12,WI_1,WI,18
2011-06-12,WI_2,WI,23
2011-06-13,CA_1,CA,43
2011-06-13,CA_2,CA,30
2011-06-13,CA_3,CA,62
2011-06-13,TX_1,TX,25
2011-06-13,TX_2,TX,53
2011-06-13,WI_1,WI,22
2011-06-13,WI_2,WI,9
2011-06-14,CA_1,CA,35
2011-06-14,CA_2,CA,43
2011-06-14,CA_3,CA,53
2011-06-14,TX_1,TX,23
2011-06-14,TX_2,TX,37
2011-06-14,WI_1,WI,22
2011-06-14,WI_2,WI,9
2011-06-15,CA_1,CA,31
2011-06-15,CA_2,CA,50
2011-06-15,CA_3,CA,66
2011-06-15,TX_1,TX,16
2011-06-15,TX_2,TX,32
2011-06-15,WI_1,WI,18
2011-06-15,WI_2,WI,12
2011-06-16,CA_1,CA,23
2011-06-16,CA_2,CA,40
2011-06-16,CA_3,CA,81
2011-06-16,TX_1,TX,19
2011-06-16,TX_2,TX,48
2011-06-16,WI_1,WI,14
2011-06-16,WI_2,WI,16
2011-06-17,CA_1,CA,51
2011-06-17,CA_2,CA,50
2011-06-17,CA_3,CA,44
2011-06-17,TX_1,TX,17
2011-06-17,TX_2,TX,40
2011-06-17,WI_1,WI,18
2011-06-17,WI_2,WI,12
2011-06-18,CA_1,CA,65
2011-06-18,CA_2,CA,49
2011-06-18,CA_3,CA,89
2011-06-18,TX_1,TX,20
2011-06-18,TX_2,TX,50
2011-06-18,WI_1,WI,16
2011-06-18,WI_2,WI,7
2011-06-19,CA_1,CA,56
2011-06-19,CA_2,CA,61
2011-06-19,CA_3,CA,63
2011-06-19,TX_1,TX,32
2011-06-19,TX_2,TX,72
2011-06-19,WI_1,WI,28
2011-06-19,WI_2,WI,13
2011-06-20,CA_1,CA,22
2011-06-20,CA_2,CA,36
2011-06-20,CA_3,CA,42
2011-06-20,TX_1,TX,16
2011-06-20,TX_2,TX,32
2011-06-20,WI_1,WI,14
2011-06-20,WI_2,WI,13
2011-06-21,CA_1,CA,42
2011-06-21,CA_2,CA,34
2011-06-21,CA_3,CA,62
2011-06-21,TX_1,TX,14
2011-06-21,TX_2,TX,34
2011-06-21,WI_1,WI,12
2011-06-21,WI_2,WI,14
2011-06-22,CA_1,CA,38
2011-06-22,CA_2,CA,34
2011-06-22,CA_3,CA,53
2011-06-22,TX_1,TX,21
2011-06-22,TX_2,TX,33
2011-06-22,WI_1,WI,23
2011-06-22,WI_2,WI,4
2011-06-23,CA_1,CA,32
2011-06-23,CA_2,CA,38
2011-06-23,CA_3,CA,85
2011-06-23,TX_1,TX,19
2011-06-23,TX_2,TX,22
2011-06-23,WI_1,WI,14
2011-06-23,WI_2,WI,10
2011-06-24,CA_1,CA,50
2011-06-24,CA_2,CA,33
2011-06-24,CA_3,CA,54
2011-06-24,TX_1,TX,15
2011-06-24,TX_2,TX,55
2011-06-24,WI_1,WI,20
2011-06-24,WI_2,WI,17
2011-06-25,CA_1,CA,80
2011-06-25,CA_2,CA,59
2011-06-25,CA_3,CA,77
2011-06-25,TX_1,TX,23
2011-06-25,TX_2,TX,50
2011-06-25,WI_1,WI,22
2011-06-25,WI_2,WI,11
2011-06-26,CA_1,CA,55
2011-06-26,CA_2,CA,56
2011-06-26,CA_3,CA,88
2011-06-26,TX_1,TX,24
2011-06-26,TX_2,TX,33
2011-06-26,WI_1,WI,21
2011-06-26,WI_2,WI,16
2011-06-27,CA_1,CA,121
2011-06-27,CA_2,CA,33
2011-06-27,CA_3,CA,67
2011-06-27,TX_1,TX,14
2011-06-27,TX_2,TX,58
2011-06-27,WI_1,WI,15
2011-06-27,WI_2,WI,15
2011-06-28,CA_1,CA,36
2011-06-28,CA_2,CA,26
2011-06-28,CA_3,CA,52
2011-06-28,TX_1,TX,26
2011-06-28,TX_2,TX,21
2011-06-28,WI_1,WI,27
2011-06-28,WI_2,WI,10
2011-06-29,CA_1,CA,30
2011-06-29,CA_2,CA,28
2011-06-29,CA_3,CA,29
2011-06-29,TX_1,TX,14
2011-06-29,TX_2,TX,33
2011-06-29,WI_1,WI,10
2011-06-29,WI_2,WI,9
2011-06-30,CA_1,CA,35
2011-06-30,CA_2,CA,44
2011-06-30,CA_3,CA,108
2011-06-30,TX_1,TX,13
2011-06-30,TX_2,TX,44
2011-06-30,WI_1,WI,21
2011-06-30,WI_2,WI,10
2011-07-01,CA_1,CA,47
2011-07-01,CA_2,CA,44
2011-07-01,CA_3,CA,60
2011-07-01,TX_1,TX,18
2011-07-01,TX_2,TX,46
2011-07-01,WI_1,WI,21
2011-07-01,WI_2,WI,14
2011-07-02,CA_1,CA,88
2011-07-02,CA_2,CA,43
2011-07-02,CA_3,CA,113
2011-07-02,TX_1,TX,14
2011-07-02,TX_2,TX,54
2011-07-02,WI_1,WI,26
2011-07-02,WI_2,WI,8
2011-07-03,CA_1,CA,51
2011-07-03,CA_2,CA,45
2011-07-03,CA_3,CA,78
2011-07-03,TX_1,TX,15
2011-07-03,TX_2,TX,29
2011-07-03,WI_1,WI,25
2011-07-03,WI_2,WI,12
2011-07-04,CA_1,CA,21
2011-07-04,CA_2,CA,47
2011-07-04,CA_3,CA,77
2011-07-04,TX_1,TX,14
2011-07-04,TX_2,TX,58
2011-07-04,WI_1,WI,11
2011-07-04,WI_2,WI,9
2011-07-05,CA_1,CA,38
2011-07-05,CA_2,CA,36
2011-07-05,CA_3,CA,74
2011-07-05,TX_1,TX,23
2011-07-05,TX_2,TX,26
2011-07-05,WI_1,WI,17
2011-07-05,WI_2,WI,4
2011-07-06,CA_1,CA,51
2011-07-06,CA_2,CA,37
2011-07-06,CA_3,CA,53
2011-07-06,TX_1,TX,36
2011-07-06,TX_2,TX,32
2011-07-06,WI_1,WI,24
2011-07-06,WI_2,WI,13
2011-07-07,CA_1,CA,43
2011-07-07,CA_2,CA,28
2011-07-07,CA_3,CA,86
2011-07-07,TX_1,TX,29
2011-07-07,TX_2,TX,35
2011-07-07,WI_1,WI,17
2011-07-07,WI_2,WI,12
2011-07-08,CA_1,CA,33
2011-07-08,CA_2,CA,64
2011-07-08,CA_3,CA,92
2011-07-08,TX_1,TX,15
2011-07-08,TX_2,TX,53
2011-07-08,WI_1,WI,25
2011-07-08,WI_2,WI,14
2011-07-09,CA_1,CA,88
2011-07-09,CA_2,CA,53
2011-07-09,CA_3,CA,71
2011-07-09,TX_1,TX,32
2011-07-09,TX_2,TX,79
2011-07-09,WI_1,WI,29
2011-07-09,WI_2,WI,14
2011-07-10,CA_1,CA,40
2011-07-10,CA_2,CA,73
2011-07-10,CA_3,CA,76
2011-07-10,TX_1,TX,17
2011-07-10,TX_2,TX,54
2011-07-10,WI_1,WI,34
2011-07-10,WI_2,WI,11
2011-07-11,CA_1,CA,40
2011-07-11,CA_2,CA,30
2011-07-11,CA_3,CA,94
2011-07-11,TX_1,TX,32
2011-07-11,TX_2,TX,47
2011-07-11,WI_1,WI,15
2011-07-11,WI_2,WI,13
2011-07-12,CA_1,CA,36
2011-07-12,CA_2,CA,35
2011-07-12,CA_3,CA,73
2011-07-12,TX_1,TX,28
2011-07-12,TX_2,TX,38
2011-07-12,WI_1,WI,15
2011-07-12,WI_2,WI,14
2011-07-13,CA_1,CA,51
2011-07-13,CA_2,CA,50
2011-07-13,CA_3,CA,78
2011-07-13,TX_1,TX,18
2011-07-13,TX_2,TX,45
2011-07-13,WI_1,WI,13
2011-07-13,WI_2,WI,22
2011-07-14,CA_1,CA,25
2011-07-14,CA_2,CA,29
2011-07-14,CA_3,CA,86
2011-07-14,TX_1,TX,13
2011-07-14,TX_2,TX,38
2011-07-14,WI_1,WI,22
2011-07-14,WI_2,WI,7
2011-07-15,CA_1,CA,52
2011-07-15,CA_2,CA,78
2011-07-15,CA_3,CA,66
2011-07-15,TX_1,TX,16
2011-07-15,TX_2,TX,60
2011-07-15,WI_1,WI,21
2011-07-15,WI_2,WI,19
2011-07-16,CA_1,CA,86
2011-07-16,CA_2,CA,66
2011-07-16,CA_3,CA,72
2011-07-16,TX_1,TX,25
2011-07-16,TX_2,TX,49
2011-07-16,WI_1,WI,29
2011-07-16,WI_2,WI,22
2011-07-17,CA_1,CA,42
2011-07-17,CA_2,CA,64
2011-07-17,CA_3,CA,91
2011-07-17,TX_1,TX,28
2011-07-17,TX_2,TX,54
2011-07-17,WI_1,WI,22
2011-07-17,WI_2,WI,12
2011-07-18,CA_1,CA,71
2011-07-18,CA_2,CA,56
2011-07-18,CA_3,CA,102
2011-07-18,TX_1,TX,22
2011-07-18,TX_2,TX,42
2011-07-18,WI_1,WI,20
2011-07-18,WI_2,WI,14
2011-07-19,CA_1,CA,37
2011-07-19,CA_2,CA,52
2011-07-19,CA_3,CA,71
2011-07-19,TX_1,TX,22
2011-07-19,TX_2,TX,41
2011-07-19,WI_1,WI,16
2011-07-19,WI_2,WI,20
2011-07-20,CA_1,CA,37
2011-07-20,CA_2,CA,39
2011-07-20,CA_3,CA,55
2011-07-20,TX_1,TX,9
2011-07-20,TX_2,TX,48
2011-07-20,WI_1,WI,14
2011-07-20,WI_2,WI,11
2011-07-21,CA_1,CA,42
2011-07-21,CA_2,CA,39
2011-07-21,CA_3,CA,62
2011-07-21,TX_1,TX,23
2011-07-21,TX_2,TX,47
2011-07-21,WI_1,WI,16
2011-07-21,WI_2,WI,16
2011-07-22,CA_1,CA,57
2011-07-22,CA_2,CA,49
2011-07-22,CA_3,CA,116
2011-07-22,TX_1,TX,28
2011-07-22,TX_2,TX,47
2011-07-22,WI_1,WI,33
2011-07-22,WI_2,WI,19
2011-07-23,CA_1,CA,65
2011-07-23,CA_2,CA,70
2011-07-23,CA_3,CA,133
2011-07-23,TX_1,TX,17
2011-07-23,TX_2,TX,59
2011-07-23,WI_1,WI,24
2011-07-23,WI_2,WI,8
2011-07-24,CA_1,CA,58
2011-07-24,CA_2,CA,65
2011-07-24,CA_3,CA,95
2011-07-24,TX_1,TX,12
2011-07-24,TX_2,TX,58
2011-07-24,WI_1,WI,34
2011-07-24,WI_2,WI,16
2011-07-25,CA_1,CA,59
2011-07-25,CA_2,CA,49
2011-07-25,CA_3,CA,92
2011-07-25,TX_1,TX,15
2011-07-25,TX_2,TX,66
2011-07-25,WI_1,WI,20
2011-07-25,WI_2,WI,21
2011-07-26,CA_1,CA,60
2011-07-26,CA_2,CA,33
2011-07-26,CA_3,CA,51
2011-07-26,TX_1,TX,22
2011-07-26,TX_2,TX,34
2011-07-26,WI_1,WI,7
2011-07-26,WI_2,WI,8
2011-07-27,CA_1,CA,62
2011-07-27,CA_2,CA,39
2011-07-27,CA_3,CA,63
2011-07-27,TX_1,TX,37
2011-07-27,TX_2,TX,32
2011-07-27,WI_1,WI,18
2011-07-27,WI_2,WI,9
2011-07-28,CA_1,CA,34
2011-07-28,CA_2,CA,37
2011-07-28,CA_3,CA,66
2011-07-28,TX_1,TX,29
2011-07-28,TX_2,TX,32
2011-07-28,WI_1,WI,23
2011-07-28,WI_2,WI,11
2011-07-29,CA_1,CA,36
2011-07-29,CA_2,CA,58
2011-07-29,CA_3,CA,97
2011-07-29,TX_1,TX,15
2011-07-29,TX_2,TX,38
2011-07-29,WI_1,WI,23
2011-07-29,WI_2,WI,19
2011-07-30,CA_1,CA,31
2011-07-30,CA_2,CA,70
2011-07-30,CA_3,CA,87
2011-07-30,TX_1,TX,30
2011-07-30,TX_2,TX,59
2011-07-30,WI_1,WI,35
2011-07-30,WI_2,WI,27
2011-07-31,CA_1,CA,39
2011-07-31,CA_2,CA,68
2011-07-31,CA_3,CA,83
2011-07-31,TX_1,TX,22
2011-07-31,TX_2,TX,49
2011-07-31,WI_1,WI,25
2011-07-31,WI_2,WI,16
2011-08-01,CA_1,CA,30
2011-08-01,CA_2,CA,43
2011-08-01,CA_3,CA,95
2011-08-01,TX_1,TX,54
2011-08-01,TX_2,TX,39
2011-08-01,WI_1,WI,29
2011-08-01,WI_2,WI,18
2011-08-02,CA_1,CA,51
2011-08-02,CA_2,CA,67
2011-08-02,CA_3,CA,90
2011-08-02,TX_1,TX,17
2011-08-02,TX_2,TX,33
2011-08-02,WI_1,WI,33
2011-08-02,WI_2,WI,19
2011-08-03,CA_1,CA,47
2011-08-03,CA_2,CA,45
2011-08-03,CA_3,CA,66
2011-08-03,TX_1,TX,16
2011-08-03,TX_2,TX,30
2011-08-03,WI_1,WI,19
2011-08-03,WI_2,WI,30
2011-08-04,CA_1,CA,42
2011-08-04,CA_2,CA,36
2011-08-04,CA_3,CA,71
2011-08-04,TX_1,TX,25
2011-08-04,TX_2,TX,29
2011-08-04,WI_1,WI,9
2011-08-04,WI_2,WI,12
2011-08-05,CA_1,CA,154
2011-08-05,CA_2,CA,34
2011-08-05,CA_3,CA,45
2011-08-05,TX_1,TX,17
2011-08-05,TX_2,TX,29
2011-08-05,WI_1,WI,13
2011-08-05,WI_2,WI,16
2011-08-06,CA_1,CA,63
2011-08-06,CA_2,CA,65
2011-08-06,CA_3,CA,111
2011-08-06,TX_1,TX,28
2011-08-06,TX_2,TX,52
2011-08-06,WI_1,WI,16
2011-08-06,WI_2,WI,18
2011-08-07,CA_1,CA,53
2011-08-07,CA_2,CA,47
2011-08-07,CA_3,CA,115
2011-08-07,TX_1,TX,26
2011-08-07,TX_2,TX,52
2011-08-07,WI_1,WI,31
2011-08-07,WI_2,WI,13
2011-08-08,CA_1,CA,29
2011-08-08,CA_2,CA,27
2011-08-08,CA_3,CA,68
2011-08-08,TX_1,TX,28
2011-08-08,TX_2,TX,39
2011-08-08,WI_1,WI,22
2011-08-08,WI_2,WI,13
2011-08-09,CA_1,CA,46
2011-08-09,CA_2,CA,40
2011-08-09,CA_3,CA,61
2011-08-09,TX_1,TX,36
2011-08-09,TX_2,TX,32
2011-08-09,WI_1,WI,20
2011-08-09,WI_2,WI,7
2011-08-10,CA_1,CA,50
2011-08-10,CA_2,CA,36
2011-08-10,CA_3,CA,97
2011-08-10,TX_1,TX,21
2011-08-10,TX_2,TX,61
2011-08-10,WI_1,WI,41
2011-08-10,WI_2,WI,13
2011-08-11,CA_1,CA,57
2011-08-11,CA_2,CA,63
2011-08-11,CA_3,CA,87
2011-08-11,TX_1,TX,33
2011-08-11,TX_2,TX,30
2011-08-11,WI_1,WI,16
2011-08-11,WI_2,WI,12
2011-08-12,CA_1,CA,21
2011-08-12,CA_2,CA,62
2011-08-12,CA_3,CA,38
2011-08-12,TX_1,TX,20
2011-08-12,TX_2,TX,30
2011-08-12,WI_1,WI,20
2011-08-12,WI_2,WI,19
2011-08-13,CA_1,CA,86
2011-08-13,CA_2,CA,57
2011-08-13,CA_3,CA,100
2011-08-13,TX_1,TX,28
2011-08-13,TX_2,TX,54
2011-08-13,WI_1,WI,26
2011-08-13,WI_2,WI,18
2011-08-14,CA_1,CA,36
2011-08-14,CA_2,CA,92
2011-08-14,CA_3,CA,71
2011-08-14,TX_1,TX,42
2011-08-14,TX_2,TX,54
2011-08-14,WI_1,WI,24
2011-08-14,WI_2,WI,17
2011-08-15,CA_1,CA,33
2011-08-15,CA_2,CA,49
2011-08-15,CA_3,CA,82
2011-08-15,TX_1,TX,26
2011-08-15,TX_2,TX,50
2011-08-15,WI_1,WI,20
2011-08-15,WI_2,WI,13
2011-08-16,CA_1,CA,44
2011-08-16,CA_2,CA,54
2011-08-16,CA_3,CA,44
2011-08-16,TX_1,TX,25
2011-08-16,TX_2,TX,44
2011-08-16,WI_1,WI,24
2011-08-16,WI_2,WI,14
2011-08-17,CA_1,CA,27
2011-08-17,CA_2,CA,47
2011-08-17,CA_3,CA,50
2011-08-17,TX_1,TX,16
2011-08-17,TX_2,TX,54
2011-08-17,WI_1,WI,20
2011-08-17,WI_2,WI,23
2011-08-18,CA_1,CA,49
2011-08-18,CA_2,CA,49
2011-08-18,CA_3,CA,63
2011-08-18,TX_1,TX,22
2011-08-18,TX_2,TX,52
2011-08-18,WI_1,WI,17
2011-08-18,WI_2,WI,11
2011-08-19,CA_1,CA,44
2011-08-19,CA_2,CA,50
2011-08-19,CA_3,CA,68
2011-08-19,TX_1,TX,34
2011-08-19,TX_2,TX,36
2011-08-19,WI_1,WI,20
2011-08-19,WI_2,WI,19
2011-08-20,CA_1,CA,56
2011-08-20,CA_2,CA,97
2011-08-20,CA_3,CA,115
2011-08-20,TX_1,TX,23
2011-08-20,TX_2,TX,42
2011-08-20,WI_1,WI,20
2011-08-20,WI_2,WI,21
2011-08-21,CA_1,CA,37
2011-08-21,CA_2,CA,78
2011-08-21,CA_3,CA,74
2011-08-21,TX_1,TX,21
2011-08-21,TX_2,TX,67
2011-08-21,WI_1,WI,26
2011-08-21,WI_2,WI,10
2011-08-22,CA_1,CA,53
2011-08-22,CA_2,CA,37
2011-08-22,CA_3,CA,62
2011-08-22,TX_1,TX,17
2011-08-22,TX_2,TX,37
2011-08-22,WI_1,WI,15
2011-08-22,WI_2,WI,17
2011-08-23,CA_1,CA,29
2011-08-23,CA_2,CA,31
2011-08-23,CA_3,CA,58
2011-08-23,TX_1,TX,25
2011-08-23,TX_2,TX,36
2011-08-23,WI_1,WI,30
2011-08-23,WI_2,WI,18
2011-08-24,CA_1,CA,60
2011-08-24,CA_2,CA,40
2011-08-24,CA_3,CA,61
2011-08-24,TX_1,TX,25
2011-08-24,TX_2,TX,35
2011-08-24,WI_1,WI,26
2011-08-24,WI_2,WI,24
2011-08-25,CA_1,CA,33
2011-08-25,CA_2,CA,42
2011-08-25,CA_3,CA,57
2011-08-25,TX_1,TX,19
2011-08-25,TX_2,TX,46
2011-08-25,WI_1,WI,29
2011-08-25,WI_2,WI,22
2011-08-26,CA_1,CA,47
2011-08-26,CA_2,CA,62
2011-08-26,CA_3,CA,86
2011-08-26,TX_1,TX,22
2011-08-26,TX_2,TX,40
2011-08-26,WI_1,WI,42
2011-08-26,WI_2,WI,15
2011-08-27,CA_1,CA,125
2011-08-27,CA_2,CA,81
2011-08-27,CA_3,CA,80
2011-08-27,TX_1,TX,23
2011-08-27,TX_2,TX,62
2011-08-27,WI_1,WI,13
2011-08-27,WI_2,WI,20
2011-08-28,CA_1,CA,29
2011-08-28,CA_2,CA,80
2011-08-28,CA_3,CA,44
2011-08-28,TX_1,TX,26
2011-08-28,TX_2,TX,37
2011-08-28,WI_1,WI,21
2011-08-28,WI_2,WI,14
2011-08-29,CA_1,CA,49
2011-08-29,CA_2,CA,31
2011-08-29,CA_3,CA,45
2011-08-29,TX_1,TX,20
2011-08-29,TX_2,TX,37
2011-08-29,WI_1,WI,18
2011-08-29,WI_2,WI,12
2011-08-30,CA_1,CA,27
2011-08-30,CA_2,CA,33
2011-08-30,CA_3,CA,55
2011-08-30,TX_1,TX,20
2011-08-30,TX_2,TX,29
2011-08-30,WI_1,WI,23
2011-08-30,WI_2,WI,16
2011-08-31,CA_1,CA,32
2011-08-31,CA_2,CA,34
2011-08-31,CA_3,CA,39
2011-08-31,TX_1,TX,45
2011-08-31,TX_2,TX,83
2011-08-31,WI_1,WI,12
2011-08-31,WI_2,WI,18
2011-09-01,CA_1,CA,47
2011-09-01,CA_2,CA,62
2011-09-01,CA_3,CA,39
2011-09-01,TX_1,TX,37
2011-09-01,TX_2,TX,45
2011-09-01,WI_1,WI,16
2011-09-01,WI_2,WI,13
2011-09-02,CA_1,CA,33
2011-09-02,CA_2,CA,42
2011-09-02,CA_3,CA,62
2011-09-02,TX_1,TX,46
2011-09-02,TX_2,TX,47
2011-09-02,WI_1,WI,5
2011-09-02,WI_2,WI,25
2011-09-03,CA_1,CA,70
2011-09-03,CA_2,CA,52
2011-09-03,CA_3,CA,88
2011-09-03,TX_1,TX,35
2011-09-03,TX_2,TX,53
2011-09-03,WI_1,WI,22
2011-09-03,WI_2,WI,8
2011-09-04,CA_1,CA,52
2011-09-04,CA_2,CA,55
2011-09-04,CA_3,CA,68
2011-09-04,TX_1,TX,26
2011-09-04,TX_2,TX,41
2011-09-04,WI_1,WI,23
2011-09-04,WI_2,WI,15
2011-09-05,CA_1,CA,35
2011-09-05,CA_2,CA,63
2011-09-05,CA_3,CA,80
2011-09-05,TX_1,TX,31
2011-09-05,TX_2,TX,37
2011-09-05,WI_1,WI,19
2011-09-05,WI_2,WI,13
2011-09-06,CA_1,CA,48
2011-09-06,CA_2,CA,45
2011-09-06,CA_3,CA,80
2011-09-06,TX_1,TX,23
2011-09-06,TX_2,TX,25
2011-09-06,WI_1,WI,18
2011-09-06,WI_2,WI,12
2011-09-07,CA_1,CA,50
2011-09-07,CA_2,CA,42
2011-09-07,CA_3,CA,76
2011-09-07,TX_1,TX,20
2011-09-07,TX_2,TX,33
2011-09-07,WI_1,WI,11
2011-09-07,WI_2,WI,14
2011-09-08,CA_1,CA,129
2011-09-08,CA_2,CA,59
2011-09-08,CA_3,CA,101
2011-09-08,TX_1,TX,27
2011-09-08,TX_2,TX,31
2011-09-08,WI_1,WI,16
2011-09-08,WI_2,WI,15
2011-09-09,CA_1,CA,30
2011-09-09,CA_2,CA,48
2011-09-09,CA_3,CA,56
2011-09-09,TX_1,TX,14
2011-09-09,TX_2,TX,33
2011-09-09,WI_1,WI,17
2011-09-09,WI_2,WI,9
2011-09-10,CA_1,CA,59
2011-09-10,CA_2,CA,60
2011-09-10,CA_3,CA,89
2011-09-10,TX_1,TX,23
2011-09-10,TX_2,TX,51
2011-09-10,WI_1,WI,24
2011-09-10,WI_2,WI,22
2011-09-11,CA_1,CA,40
2011-09-11,CA_2,CA,73
2011-09-11,CA_3,CA,106
2011-09-11,TX_1,TX,24
2011-09-11,TX_2,TX,55
2011-09-11,WI_1,WI,18
2011-09-11,WI_2,WI,16
2011-09-12,CA_1,CA,30
2011-09-12,CA_2,CA,44
2011-09-12,CA_3,CA,68
2011-09-12,TX_1,TX,16
2011-09-12,TX_2,TX,43
2011-09-12,WI_1,WI,18
2011-09-12,WI_2,WI,7
2011-09-13,CA_1,CA,37
2011-09-13,CA_2,CA,40
2011-09-13,CA_3,CA,72
2011-09-13,TX_1,TX,24
2011-09-13,TX_2,TX,40
2011-09-13,WI_1,WI,12
2011-09-13,WI_2,WI,13
2011-09-14,CA_1,CA,29
2011-09-14,CA_2,CA,67
2011-09-14,CA_3,CA,62
2011-09-14,TX_1,TX,30
2011-09-14,TX_2,TX,38
2011-09-14,WI_1,WI,11
2011-09-14,WI_2,WI,18
2011-09-15,CA_1,CA,28
2011-09-15,CA_2,CA,25
2011-09-15,CA_3,CA,58
2011-09-15,TX_1,TX,32
2011-09-15,TX_2,TX,44
2011-09-15,WI_1,WI,18
2011-09-15,WI_2,WI,16
2011-09-16,CA_1,CA,46
2011-09-16,CA_2,CA,41
2011-09-16,CA_3,CA,102
2011-09-16,TX_1,TX,24
2011-09-16,TX_2,TX,37
2011-09-16,WI_1,WI,16
2011-09-16,WI_2,WI,29
2011-09-17,CA_1,CA,54
2011-09-17,CA_2,CA,55
2011-09-17,CA_3,CA,65
2011-09-17,TX_1,TX,38
2011-09-17,TX_2,TX,53
2011-09-17,WI_1,WI,32
2011-09-17,WI_2,WI,18
2011-09-18,CA_1,CA,36
2011-09-18,CA_2,CA,76
2011-09-18,CA_3,CA,88
2011-09-18,TX_1,TX,29
2011-09-18,TX_2,TX,51
2011-09-18,WI_1,WI,21
2011-09-18,WI_2,WI,13
2011-09-19,CA_1,CA,45
2011-09-19,CA_2,CA,51
2011-09-19,CA_3,CA,90
2011-09-19,TX_1,TX,14
2011-09-19,TX_2,TX,35
2011-09-19,WI_1,WI,24
2011-09-19,WI_2,WI,8
2011-09-20,CA_1,CA,42
2011-09-20,CA_2,CA,44
2011-09-20,CA_3,CA,57
2011-09-20,TX_1,TX,18
2011-09-20,TX_2,TX,33
2011-09-20,WI_1,WI,18
2011-09-20,WI_2,WI,11
2011-09-21,CA_1,CA,29
2011-09-21,CA_2,CA,44
2011-09-21,CA_3,CA,91
2011-09-21,TX_1,TX,23
2011-09-21,TX_2,TX,35
2011-09-21,WI_1,WI,16
2011-09-21,WI_2,WI,4
2011-09-22,CA_1,CA,31
2011-09-22,CA_2,CA,71
2011-09-22,CA_3,CA,90
2011-09-22,TX_1,TX,22
2011-09-22,TX_2,TX,26
2011-09-22,WI_1,WI,28
2011-09-22,WI_2,WI,11
2011-09-23,CA_1,CA,22
2011-09-23,CA_2,CA,47
2011-09-23,CA_3,CA,69
2011-09-23,TX_1,TX,25
2011-09-23,TX_2,TX,37
2011-09-23,WI_1,WI,14
2011-09-23,WI_2,WI,17
2011-09-24,CA_1,CA,42
2011-09-24,CA_2,CA,50
2011-09-24,CA_3,CA,74
2011-09-24,TX_1,TX,31
2011-09-24,TX_2,TX,52
2011-09-24,WI_1,WI,16
2011-09-24,WI_2,WI,16
2011-09-25,CA_1,CA,29
2011-09-25,CA_2,CA,51
2011-09-25,CA_3,CA,102
2011-09-25,TX_1,TX,32
2011-09-25,TX_2,TX,63
2011-09-25,WI_1,WI,14
2011-09-25,WI_2,WI,11
2011-09-26,CA_1,CA,33
2011-09-26,CA_2,CA,35
2011-09-26,CA_3,CA,73
2011-09-26,TX_1,TX,12
2011-09-26,TX_2,TX,35
2011-09-26,WI_1,WI,12
2011-09-26,WI_2,WI,13
2011-09-27,CA_1,CA,26
2011-09-27,CA_2,CA,53
2011-09-27,CA_3,CA,87
2011-09-27,TX_1,TX,15
2011-09-27,TX_2,TX,30
2011-09-27,WI_1,WI,20
2011-09-27,WI_2,WI,18
2011-09-28,CA_1,CA,38
2011-09-28,CA_2,CA,27
2011-09-28,CA_3,CA,53
2011-09-28,TX_1,TX,24
2011-09-28,TX_2,TX,42
2011-09-28,WI_1,WI,13
2011-09-28,WI_2,WI,13
2011-09-29,CA_1,CA,28
2011-09-29,CA_2,CA,24
2011-09-29,CA_3,CA,60
2011-09-29,TX_1,TX,17
2011-09-29,TX_2,TX,36
2011-09-29,WI_1,WI,31
2011-09-29,WI_2,WI,22
2011-09-30,CA_1,CA,37
2011-09-30,CA_2,CA,51
2011-09-30,CA_3,CA,77
2011-09-30,TX_1,TX,26
2011-09-30,TX_2,TX,52
2011-09-30,WI_1,WI,25
2011-09-30,WI_2,WI,16
2011-10-01,CA_1,CA,93
2011-10-01,CA_2,CA,82
2011-10-01,CA_3,CA,83
2011-10-01,TX_1,TX,42
2011-10-01,TX_2,TX,65
2011-10-01,WI_1,WI,19
2011-10-01,WI_2,WI,28
2011-10-02,CA_1,CA,44
2011-10-02,CA_2,CA,49
2011-10-02,CA_3,CA,89
2011-10-02,TX_1,TX,41
2011-10-02,TX_2,TX,66
2011-10-02,WI_1,WI,41
2011-10-02,WI_2,WI,26
2011-10-03,CA_1,CA,44
2011-10-03,CA_2,CA,30
2011-10-03,CA_3,CA,68
2011-10-03,TX_1,TX,19
2011-10-03,TX_2,TX,45
2011-10-03,WI_1,WI,23
2011-10-03,WI_2,WI,15
2011-10-04,CA_1,CA,28
2011-10-04,CA_2,CA,39
2011-10-04,CA_3,CA,86
2011-10-04,TX_1,TX,29
2011-10-04,TX_2,TX,47
2011-10-04,WI_1,WI,18
2011-10-04,WI_2,WI,28
2011-10-05,CA_1,CA,48
2011-10-05,CA_2,CA,38
2011-10-05,CA_3,CA,77
2011-10-05,TX_1,TX,27
2011-10-05,TX_2,TX,37
2011-10-05,WI_1,WI,21
2011-10-05,WI_2,WI,15
2011-10-06,CA_1,CA,37
2011-10-06,CA_2,CA,47
2011-10-06,CA_3,CA,55
2011-10-06,TX_1,TX,38
2011-10-06,TX_2,TX,42
2011-10-06,WI_1,WI,26
2011-10-06,WI_2,WI,15
2011-10-07,CA_1,CA,39
2011-10-07,CA_2,CA,57
2011-10-07,CA_3,CA,89
2011-10-07,TX_1,TX,28
2011-10-07,TX_2,TX,32
2011-10-07,WI_1,WI,14
2011-10-07,WI_2,WI,11
2011-10-08,CA_1,CA,69
2011-10-08,CA_2,CA,80
2011-10-08,CA_3,CA,81
2011-10-08,TX_1,TX,35
2011-10-08,TX_2,TX,66
2011-10-08,WI_1,WI,33
2011-10-08,WI_2,WI,23
2011-10-09,CA_1,CA,73
2011-10-09,CA_2,CA,79
2011-10-09,CA_3,CA,84
2011-10-09,TX_1,TX,53
2011-10-09,TX_2,TX,45
2011-10-09,WI_1,WI,43
2011-10-09,WI_2,WI,37
2011-10-10,CA_1,CA,47
2011-10-10,CA_2,CA,40
2011-10-10,CA_3,CA,60
2011-10-10,TX_1,TX,33
2011-10-10,TX_2,TX,38
2011-10-10,WI_1,WI,13
2011-10-10,WI_2,WI,18
2011-10-11,CA_1,CA,38
2011-10-11,CA_2,CA,32
2011-10-11,CA_3,CA,66
2011-10-11,TX_1,TX,39
2011-10-11,TX_2,TX,35
2011-10-11,WI_1,WI,18
2011-10-11,WI_2,WI,15
2011-10-12,CA_1,CA,34
2011-10-12,CA_2,CA,39
2011-10-12,CA_3,CA,71
2011-10-12,TX_1,TX,45
2011-10-12,TX_2,TX,43
2011-10-12,WI_1,WI,19
2011-10-12,WI_2,WI,20
2011-10-13,CA_1,CA,41
2011-10-13,CA_2,CA,58
2011-10-13,CA_3,CA,77
2011-10-13,TX_1,TX,39
2011-10-13,TX_2,TX,49
2011-10-13,WI_1,WI,9
2011-10-13,WI_2,WI,24
2011-10-14,CA_1,CA,68
2011-10-14,CA_2,CA,75
2011-10-14,CA_3,CA,96
2011-10-14,TX_1,TX,21
2011-10-14,TX_2,TX,42
2011-10-14,WI_1,WI,12
2011-10-14,WI_2,WI,17
2011-10-15,CA_1,CA,67
2011-10-15,CA_2,CA,66
2011-10-15,CA_3,CA,99
2011-10-15,TX_1,TX,34
2011-10-15,TX_2,TX,45
2011-10-15,WI_1,WI,28
2011-10-15,WI_2,WI,15
2011-10-16,CA_1,CA,52
2011-10-16,CA_2,CA,72
2011-10-16,CA_3,CA,84
2011-10-16,TX_1,TX,29
2011-10-16,TX_2,TX,77
2011-10-16,WI_1,WI,28
2011-10-16,WI_2,WI,21
2011-10-17,CA_1,CA,39
2011-10-17,CA_2,CA,52
2011-10-17,CA_3,CA,100
2011-10-17,TX_1,TX,27
2011-10-17,TX_2,TX,33
2011-10-17,WI_1,WI,33
2011-10-17,WI_2,WI,21
2011-10-18,CA_1,CA,25
2011-10-18,CA_2,CA,42
2011-10-18,CA_3,CA,102
2011-10-18,TX_1,TX,31
2011-10-18,TX_2,TX,35
2011-10-18,WI_1,WI,10
2011-10-18,WI_2,WI,17
2011-10-19,CA_1,CA,85
2011-10-19,CA_2,CA,54
2011-10-19,CA_3,CA,46
2011-10-19,TX_1,TX,37
2011-10-19,TX_2,TX,39
2011-10-19,WI_1,WI,24
2011-10-19,WI_2,WI,15
2011-10-20,CA_1,CA,18
2011-10-20,CA_2,CA,51
2011-10-20,CA_3,CA,57
2011-10-20,TX_1,TX,9
2011-10-20,TX_2,TX,26
2011-10-20,WI_1,WI,17
2011-10-20,WI_2,WI,16
2011-10-21,CA_1,CA,43
2011-10-21,CA_2,CA,50
2011-10-21,CA_3,CA,45
2011-10-21,TX_1,TX,35
2011-10-21,TX_2,TX,40
2011-10-21,WI_1,WI,19
2011-10-21,WI_2,WI,25
2011-10-22,CA_1,CA,50
2011-10-22,CA_2,CA,92
2011-10-22,CA_3,CA,70
2011-10-22,TX_1,TX,29
2011-10-22,TX_2,TX,44
2011-10-22,WI_1,WI,20
2011-10-22,WI_2,WI,21
2011-10-23,CA_1,CA,59
2011-10-23,CA_2,CA,70
2011-10-23,CA_3,CA,80
2011-10-23,TX_1,TX,49
2011-10-23,TX_2,TX,52
2011-10-23,WI_1,WI,37
2011-10-23,WI_2,WI,15
2011-10-24,CA_1,CA,61
2011-10-24,CA_2,CA,54
2011-10-24,CA_3,CA,58
2011-10-24,TX_1,TX,31
2011-10-24,TX_2,TX,42
2011-10-24,WI_1,WI,18
2011-10-24,WI_2,WI,9
2011-10-25,CA_1,CA,42
2011-10-25,CA_2,CA,36
2011-10-25,CA_3,CA,68
2011-10-25,TX_1,TX,60
2011-10-25,TX_2,TX,32
2011-10-25,WI_1,WI,21
2011-10-25,WI_2,WI,15
2011-10-26,CA_1,CA,39
2011-10-26,CA_2,CA,28
2011-10-26,CA_3,CA,45
2011-10-26,TX_1,TX,40
2011-10-26,TX_2,TX,33
2011-10-26,WI_1,WI,24
2011-10-26,WI_2,WI,15
2011-10-27,CA_1,CA,40
2011-10-27,CA_2,CA,37
2011-10-27,CA_3,CA,57
2011-10-27,TX_1,TX,29
2011-10-27,TX_2,TX,34
2011-10-27,WI_1,WI,26
2011-10-27,WI_2,WI,15
2011-10-28,CA_1,CA,44
2011-10-28,CA_2,CA,43
2011-10-28,CA_3,CA,79
2011-10-28,TX_1,TX,34
2011-10-28,TX_2,TX,40
2011-10-28,WI_1,WI,15
2011-10-28,WI_2,WI,17
2011-10-29,CA_1,CA,95
2011-10-29,CA_2,CA,78
2011-10-29,CA_3,CA,85
2011-10-29,TX_1,TX,24
2011-10-29,TX_2,TX,63
2011-10-29,WI_1,WI,16
2011-10-29,WI_2,WI,27
2011-10-30,CA_1,CA,56
2011-10-30,CA_2,CA,66
2011-10-30,CA_3,CA,83
2011-10-30,TX_1,TX,25
2011-10-30,TX_2,TX,40
2011-10-30,WI_1,WI,29
2011-10-30,WI_2,WI,17
2011-10-31,CA_1,CA,20
2011-10-31,CA_2,CA,60
2011-10-31,CA_3,CA,49
2011-10-31,TX_1,TX,30
2011-10-31,TX_2,TX,25
2011-10-31,WI_1,WI,15
2011-10-31,WI_2,WI,16
2011-11-01,CA_1,CA,49
2011-11-01,CA_2,CA,42
2011-11-01,CA_3,CA,66
2011-11-01,TX_1,TX,27
2011-11-01,TX_2,TX,45
2011-11-01,WI_1,WI,16
2011-11-01,WI_2,WI,23
2011-11-02,CA_1,CA,43
2011-11-02,CA_2,CA,34
2011-11-02,CA_3,CA,65
2011-11-02,TX_1,TX,37
2011-11-02,TX_2,TX,30
2011-11-02,WI_1,WI,8
2011-11-02,WI_2,WI,13
2011-11-03,CA_1,CA,67
2011-11-03,CA_2,CA,43
2011-11-03,CA_3,CA,96
2011-11-03,TX_1,TX,47
2011-11-03,TX_2,TX,32
2011-11-03,WI_1,WI,22
2011-11-03,WI_2,WI,17
2011-11-04,CA_1,CA,42
2011-11-04,CA_2,CA,43
2011-11-04,CA_3,CA,86
2011-11-04,TX_1,TX,25
2011-11-04,TX_2,TX,30
2011-11-04,WI_1,WI,28
2011-11-04,WI_2,WI,11
2011-11-05,CA_1,CA,71
2011-11-05,CA_2,CA,78
2011-11-05,CA_3,CA,63
2011-11-05,TX_1,TX,24
2011-11-05,TX_2,TX,52
2011-11-05,WI_1,WI,19
2011-11-05,WI_2,WI,36
2011-11-06,CA_1,CA,46
2011-11-06,CA_2,CA,71
2011-11-06,CA_3,CA,97
2011-11-06,TX_1,TX,27
2011-11-06,TX_2,TX,55
2011-11-06,WI_1,WI,17
2011-11-06,WI_2,WI,17
2011-11-07,CA_1,CA,33
2011-11-07,CA_2,CA,50
2011-11-07,CA_3,CA,51
2011-11-07,TX_1,TX,42
2011-11-07,TX_2,TX,36
2011-11-07,WI_1,WI,14
2011-11-07,WI_2,WI,11
2011-11-08,CA_1,CA,45
2011-11-08,CA_2,CA,22
2011-11-08,CA_3,CA,81
2011-11-08,TX_1,TX,34
2011-11-08,TX_2,TX,40
2011-11-08,WI_1,WI,27
2011-11-08,WI_2,WI,10
2011-11-09,CA_1,CA,45
2011-11-09,CA_2,CA,10
2011-11-09,CA_3,CA,78
2011-11-09,TX_1,TX,22
2011-11-09,TX_2,TX,36
2011-11-09,WI_1,WI,14
2011-11-09,WI_2,WI,12
2011-11-10,CA_1,CA,36
2011-11-10,CA_2,CA,49
2011-11-10,CA_3,CA,61
2011-11-10,TX_1,TX,45
2011-11-10,TX_2,TX,50
2011-11-10,WI_1,WI,18
2011-11-10,WI_2,WI,24
2011-11-11,CA_1,CA,69
2011-11-11,CA_2,CA,65
2011-11-11,CA_3,CA,77
2011-11-11,TX_1,TX,17
2011-11-11,TX_2,TX,58
2011-11-11,WI_1,WI,23
2011-11-11,WI_2,WI,15
2011-11-12,CA_1,CA,35
2011-11-12,CA_2,CA,75
2011-11-12,CA_3,CA,79
2011-11-12,TX_1,TX,33
2011-11-12,TX_2,TX,56
2011-11-12,WI_1,WI,36
2011-11-12,WI_2,WI,20
2011-11-13,CA_1,CA,40
2011-11-13,CA_2,CA,55
2011-11-13,CA_3,CA,74
2011-11-13,TX_1,TX,29
2011-11-13,TX_2,TX,61
2011-11-13,WI_1,WI,25
2011-11-13,WI_2,WI,12
2011-11-14,CA_1,CA,38
2011-11-14,CA_2,CA,56
2011-11-14,CA_3,CA,64
2011-11-14,TX_1,TX,31
2011-11-14,TX_2,TX,43
2011-11-14,WI_1,WI,22
2011-11-14,WI_2,WI,8
2011-11-15,CA_1,CA,51
2011-11-15,CA_2,CA,41
2011-11-15,CA_3,CA,71
2011-11-15,TX_1,TX,31
2011-11-15,TX_2,TX,48
2011-11-15,WI_1,WI,23
2011-11-15,WI_2,WI,15
2011-11-16,CA_1,CA,47
2011-11-16,CA_2,CA,48
2011-11-16,CA_3,CA,58
2011-11-16,TX_1,TX,29
2011-11-16,TX_2,TX,44
2011-11-16,WI_1,WI,25
2011-11-16,WI_2,WI,6
2011-11-17,CA_1,CA,33
2011-11-17,CA_2,CA,45
2011-11-17,CA_3,CA,62
2011-11-17,TX_1,TX,29
2011-11-17,TX_2,TX,31
2011-11-17,WI_1,WI,21
2011-11-17,WI_2,WI,6
2011-11-18,CA_1,CA,59
2011-11-18,CA_2,CA,53
2011-11-18,CA_3,CA,83
2011-11-18,TX_1,TX,27
2011-11-18,TX_2,TX,55
2011-11-18,WI_1,WI,16
2011-11-18,WI_2,WI,9
2011-11-19,CA_1,CA,89
2011-11-19,CA_2,CA,97
2011-11-19,CA_3,CA,71
2011-11-19,TX_1,TX,37
2011-11-19,TX_2,TX,40
2011-11-19,WI_1,WI,16
2011-11-19,WI_2,WI,20
2011-11-20,CA_1,CA,52
2011-11-20,CA_2,CA,61
2011-11-20,CA_3,CA,103
2011-11-20,TX_1,TX,29
2011-11-20,TX_2,TX,61
2011-11-20,WI_1,WI,19
2011-11-20,WI_2,WI,8
2011-11-21,CA_1,CA,54
2011-11-21,CA_2,CA,62
2011-11-21,CA_3,CA,74
2011-11-21,TX_1,TX,18
2011-11-21,TX_2,TX,44
2011-11-21,WI_1,WI,16
2011-11-21,WI_2,WI,11
2011-11-22,CA_1,CA,84
2011-11-22,CA_2,CA,42
2011-11-22,CA_3,CA,64
2011-11-22,TX_1,TX,46
2011-11-22,TX_2,TX,42
2011-11-22,WI_1,WI,23
2011-11-22,WI_2,WI,3
2011-11-23,CA_1,CA,48
2011-11-23,CA_2,CA,58
2011-11-23,CA_3,CA,71
2011-11-23,TX_1,TX,32
2011-11-23,TX_2,TX,32
2011-11-23,WI_1,WI,27
2011-11-23,WI_2,WI,12
2011-11-24,CA_1,CA,23
2011-11-24,CA_2,CA,38
2011-11-24,CA_3,CA,39
2011-11-24,TX_1,TX,20
2011-11-24,TX_2,TX,36
2011-11-24,WI_1,WI,3
2011-11-24,WI_2,WI,8
2011-11-25,CA_1,CA,47
2011-11-25,CA_2,CA,85
2011-11-25,CA_3,CA,56
2011-11-25,TX_1,TX,61
2011-11-25,TX_2,TX,39
2011-11-25,WI_1,WI,25
2011-11-25,WI_2,WI,16
2011-11-26,CA_1,CA,40
2011-11-26,CA_2,CA,67
2011-11-26,CA_3,CA,64
2011-11-26,TX_1,TX,18
2011-11-26,TX_2,TX,43
2011-11-26,WI_1,WI,27
2011-11-26,WI_2,WI,7
2011-11-27,CA_1,CA,82
2011-11-27,CA_2,CA,51
2011-11-27,CA_3,CA,63
2011-11-27,TX_1,TX,18
2011-11-27,TX_2,TX,72
2011-11-27,WI_1,WI,46
2011-11-27,WI_2,WI,12
2011-11-28,CA_1,CA,46
2011-11-28,CA_2,CA,52
2011-11-28,CA_3,CA,83
2011-11-28,TX_1,TX,19
2011-11-28,TX_2,TX,32
2011-11-28,WI_1,WI,16
2011-11-28,WI_2,WI,10
2011-11-29,CA_1,CA,32
2011-11-29,CA_2,CA,37
2011-11-29,CA_3,CA,88
2011-11-29,TX_1,TX,46
2011-11-29,TX_2,TX,31
2011-11-29,WI_1,WI,13
2011-11-29,WI_2,WI,10
2011-11-30,CA_1,CA,47
2011-11-30,CA_2,CA,40
2011-11-30,CA_3,CA,63
2011-11-30,TX_1,TX,16
2011-11-30,TX_2,TX,42
2011-11-30,WI_1,WI,11
2011-11-30,WI_2,WI,6
2011-12-01,CA_1,CA,53
2011-12-01,CA_2,CA,54
2011-12-01,CA_3,CA,67
2011-12-01,TX_1,TX,51
2011-12-01,TX_2,TX,43
2011-12-01,WI_1,WI,23
2011-12-01,WI_2,WI,28
2011-12-02,CA_1,CA,54
2011-12-02,CA_2,CA,66
2011-12-02,CA_3,CA,80
2011-12-02,TX_1,TX,34
2011-12-02,TX_2,TX,52
2011-12-02,WI_1,WI,13
2011-12-02,WI_2,WI,34
2011-12-03,CA_1,CA,75
2011-12-03,CA_2,CA,93
2011-12-03,CA_3,CA,97
2011-12-03,TX_1,TX,28
2011-12-03,TX_2,TX,86
2011-12-03,WI_1,WI,37
2011-12-03,WI_2,WI,45
2011-12-04,CA_1,CA,88
2011-12-04,CA_2,CA,77
2011-12-04,CA_3,CA,110
2011-12-04,TX_1,TX,19
2011-12-04,TX_2,TX,43
2011-12-04,WI_1,WI,20
2011-12-04,WI_2,WI,24
2011-12-05,CA_1,CA,36
2011-12-05,CA_2,CA,69
2011-12-05,CA_3,CA,80
2011-12-05,TX_1,TX,17
2011-12-05,TX_2,TX,48
2011-12-05,WI_1,WI,23
2011-12-05,WI_2,WI,24
2011-12-06,CA_1,CA,30
2011-12-06,CA_2,CA,79
2011-12-06,CA_3,CA,70
2011-12-06,TX_1,TX,19
2011-12-06,TX_2,TX,40
2011-12-06,WI_1,WI,20
2011-12-06,WI_2,WI,13
2011-12-07,CA_1,CA,39
2011-12-07,CA_2,CA,67
2011-12-07,CA_3,CA,66
2011-12-07,TX_1,TX,31
2011-12-07,TX_2,TX,57
2011-12-07,WI_1,WI,23
2011-12-07,WI_2,WI,17
2011-12-08,CA_1,CA,63
2011-12-08,CA_2,CA,69
2011-12-08,CA_3,CA,73
2011-12-08,TX_1,TX,34
2011-12-08,TX_2,TX,42
2011-12-08,WI_1,WI,18
2011-12-08,WI_2,WI,22
2011-12-09,CA_1,CA,46
2011-12-09,CA_2,CA,59
2011-12-09,CA_3,CA,75
2011-12-09,TX_1,TX,36
2011-12-09,TX_2,TX,49
2011-12-09,WI_1,WI,30
2011-12-09,WI_2,WI,20
2011-12-10,CA_1,CA,75
2011-12-10,CA_2,CA,123
2011-12-10,CA_3,CA,64
2011-12-10,TX_1,TX,43
2011-12-10,TX_2,TX,34
2011-12-10,WI_1,WI,28
2011-12-10,WI_2,WI,20
2011-12-11,CA_1,CA,96
2011-12-11,CA_2,CA,83
2011-12-11,CA_3,CA,92
2011-12-11,TX_1,TX,30
2011-12-11,TX_2,TX,47
2011-12-11,WI_1,WI,27
2011-12-11,WI_2,WI,18
2011-12-12,CA_1,CA,102
2011-12-12,CA_2,CA,60
2011-12-12,CA_3,CA,66
2011-12-12,TX_1,TX,31
2011-12-12,TX_2,TX,55
2011-12-12,WI_1,WI,25
2011-12-12,WI_2,WI,20
2011-12-13,CA_1,CA,46
2011-12-13,CA_2,CA,46
2011-12-13,CA_3,CA,81
2011-12-13,TX_1,TX,48
2011-12-13,TX_2,TX,53
2011-12-13,WI_1,WI,10
2011-12-13,WI_2,WI,23
2011-12-14,CA_1,CA,42
2011-12-14,CA_2,CA,67
2011-12-14,CA_3,CA,65
2011-12-14,TX_1,TX,26
2011-12-14,TX_2,TX,62
2011-12-14,WI_1,WI,27
2011-12-14,WI_2,WI,18
2011-12-15,CA_1,CA,67
2011-12-15,CA_2,CA,58
2011-12-15,CA_3,CA,93
2011-12-15,TX_1,TX,32
2011-12-15,TX_2,TX,56
2011-12-15,WI_1,WI,32
2011-12-15,WI_2,WI,16
2011-12-16,CA_1,CA,56
2011-12-16,CA_2,CA,70
2011-12-16,CA_3,CA,66
2011-12-16,TX_1,TX,24
2011-12-16,TX_2,TX,40
2011-12-16,WI_1,WI,38
2011-12-16,WI_2,WI,18
2011-12-17,CA_1,CA,46
2011-12-17,CA_2,CA,116
2011-12-17,CA_3,CA,81
2011-12-17,TX_1,TX,37
2011-12-17,TX_2,TX,51
2011-12-17,WI_1,WI,49
2011-12-17,WI_2,WI,23
2011-12-18,CA_1,CA,64
2011-12-18,CA_2,CA,131
2011-12-18,CA_3,CA,114
2011-12-18,TX_1,TX,33
2011-12-18,TX_2,TX,54
2011-12-18,WI_1,WI,25
2011-12-18,WI_2,WI,24
2011-12-19,CA_1,CA,44
2011-12-19,CA_2,CA,119
2011-12-19,CA_3,CA,84
2011-12-19,TX_1,TX,22
2011-12-19,TX_2,TX,68
2011-12-19,WI_1,WI,41
2011-12-19,WI_2,WI,27
2011-12-20,CA_1,CA,47
2011-12-20,CA_2,CA,93
2011-12-20,CA_3,CA,57
2011-12-20,TX_1,TX,20
2011-12-20,TX_2,TX,25
2011-12-20,WI_1,WI,32
2011-12-20,WI_2,WI,13
2011-12-21,CA_1,CA,54
2011-12-21,CA_2,CA,89
2011-12-21,CA_3,CA,40
2011-12-21,TX_1,TX,26
2011-12-21,TX_2,TX,48
2011-12-21,WI_1,WI,18
2011-12-21,WI_2,WI,11
2011-12-22,CA_1,CA,35
2011-12-22,CA_2,CA,73
2011-12-22,CA_3,CA,46
2011-12-22,TX_1,TX,29
2011-12-22,TX_2,TX,45
2011-12-22,WI_1,WI,50
2011-12-22,WI_2,WI,19
2011-12-23,CA_1,CA,55
2011-12-23,CA_2,CA,50
2011-12-23,CA_3,CA,118
2011-12-23,TX_1,TX,37
2011-12-23,TX_2,TX,53
2011-12-23,WI_1,WI,47
2011-12-23,WI_2,WI,24
2011-12-24,CA_1,CA,64
2011-12-24,CA_2,CA,66
2011-12-24,CA_3,CA,99
2011-12-24,TX_1,TX,31
2011-12-24,TX_2,TX,39
2011-12-24,WI_1,WI,35
2011-12-24,WI_2,WI,29
2011-12-25,CA_1,CA,0
2011-12-25,CA_2,CA,0
2011-12-25,CA_3,CA,0
2011-12-25,TX_1,TX,0
2011-12-25,TX_2,TX,0
2011-12-25,WI_1,WI,0
2011-12-25,WI_2,WI,0
2011-12-26,CA_1,CA,75
2011-12-26,CA_2,CA,56
2011-12-26,CA_3,CA,63
2011-12-26,TX_1,TX,29
2011-12-26,TX_2,TX,26
2011-12-26,WI_1,WI,27
2011-12-26,WI_2,WI,23
2011-12-27,CA_1,CA,39
2011-12-27,CA_2,CA,64
2011-12-27,CA_3,CA,79
2011-12-27,TX_1,TX,27
2011-12-27,TX_2,TX,49
2011-12-27,WI_1,WI,22
2011-12-27,WI_2,WI,14
2011-12-28,CA_1,CA,34
2011-12-28,CA_2,CA,61
2011-12-28,CA_3,CA,68
2011-12-28,TX_1,TX,45
2011-12-28,TX_2,TX,57
2011-12-28,WI_1,WI,21
2011-12-28,WI_2,WI,12
2011-12-29,CA_1,CA,53
2011-12-29,CA_2,CA,68
2011-12-29,CA_3,CA,60
2011-12-29,TX_1,TX,35
2011-12-29,TX_2,TX,35
2011-12-29,WI_1,WI,15
2011-12-29,WI_2,WI,15
2011-12-30,CA_1,CA,63
2011-12-30,CA_2,CA,86
2011-12-30,CA_3,CA,70
2011-12-30,TX_1,TX,31
2011-12-30,TX_2,TX,52
2011-12-30,WI_1,WI,29
2011-12-30,WI_2,WI,19
2011-12-31,CA_1,CA,62
2011-12-31,CA_2,CA,60
2011-12-31,CA_3,CA,52
2011-12-31,TX_1,TX,28
2011-12-31,TX_2,TX,45
2011-12-31,WI_1,WI,25
2011-12-31,WI_2,WI,28
2012-01-01,CA_1,CA,38
2012-01-01,CA_2,CA,49
2012-01-01,CA_3,CA,68
2012-01-01,TX_1,TX,26
2012-01-01,TX_2,TX,35
2012-01-01,WI_1,WI,15
2012-01-01,WI_2,WI,12
2012-01-02,CA_1,CA,45
2012-01-02,CA_2,CA,51
2012-01-02,CA_3,CA,52
2012-01-02,TX_1,TX,60
2012-01-02,TX_2,TX,53
2012-01-02,WI_1,WI,16
2012-01-02,WI_2,WI,27
2012-01-03,CA_1,CA,61
2012-01-03,CA_2,CA,38
2012-01-03,CA_3,CA,54
2012-01-03,TX_1,TX,24
2012-01-03,TX_2,TX,28
2012-01-03,WI_1,WI,13
2012-01-03,WI_2,WI,24
2012-01-04,CA_1,CA,33
2012-01-04,CA_2,CA,50
2012-01-04,CA_3,CA,73
2012-01-04,TX_1,TX,27
2012-01-04,TX_2,TX,32
2012-01-04,WI_1,WI,26
2012-01-04,WI_2,WI,10
2012-01-05,CA_1,CA,33
2012-01-05,CA_2,CA,53
2012-01-05,CA_3,CA,68
2012-01-05,TX_1,TX,22
2012-01-05,TX_2,TX,39
2012-01-05,WI_1,WI,15
2012-01-05,WI_2,WI,18
2012-01-06,CA_1,CA,33
2012-01-06,CA_2,CA,87
2012-01-06,CA_3,CA,49
2012-01-06,TX_1,TX,33
2012-01-06,TX_2,TX,48
2012-01-06,WI_1,WI,28
2012-01-06,WI_2,WI,31
2012-01-07,CA_1,CA,60
2012-01-07,CA_2,CA,71
2012-01-07,CA_3,CA,83
2012-01-07,TX_1,TX,34
2012-01-07,TX_2,TX,49
2012-01-07,WI_1,WI,50
2012-01-07,WI_2,WI,26
2012-01-08,CA_1,CA,63
2012-01-08,CA_2,CA,65
2012-01-08,CA_3,CA,94
2012-01-08,TX_1,TX,38
2012-01-08,TX_2,TX,55
2012-01-08,WI_1,WI,18
2012-01-08,WI_2,WI,20
2012-01-09,CA_1,CA,43
2012-01-09,CA_2,CA,54
2012-01-09,CA_3,CA,63
2012-01-09,TX_1,TX,27
2012-01-09,TX_2,TX,36
2012-01-09,WI_1,WI,18
2012-01-09,WI_2,WI,17
2012-01-10,CA_1,CA,44
2012-01-10,CA_2,CA,40
2012-01-10,CA_3,CA,71
2012-01-10,TX_1,TX,36
2012-01-10,TX_2,TX,46
2012-01-10,WI_1,WI,19
2012-01-10,WI_2,WI,4
2012-01-11,CA_1,CA,33
2012-01-11,CA_2,CA,56
2012-01-11,CA_3,CA,54
2012-01-11,TX_1,TX,23
2012-01-11,TX_2,TX,54
2012-01-11,WI_1,WI,32
2012-01-11,WI_2,WI,18
2012-01-12,CA_1,CA,33
2012-01-12,CA_2,CA,50
2012-01-12,CA_3,CA,55
2012-01-12,TX_1,TX,29
2012-01-12,TX_2,TX,38
2012-01-12,WI_1,WI,6
2012-01-12,WI_2,WI,11
2012-01-13,CA_1,CA,90
2012-01-13,CA_2,CA,61
2012-01-13,CA_3,CA,63
2012-01-13,TX_1,TX,43
2012-01-13,TX_2,TX,54
2012-01-13,WI_1,WI,16
2012-01-13,WI_2,WI,15
2012-01-14,CA_1,CA,41
2012-01-14,CA_2,CA,76
2012-01-14,CA_3,CA,57
2012-01-14,TX_1,TX,41
2012-01-14,TX_2,TX,46
2012-01-14,WI_1,WI,29
2012-01-14,WI_2,WI,22
2012-01-15,CA_1,CA,60
2012-01-15,CA_2,CA,69
2012-01-15,CA_3,CA,81
2012-01-15,TX_1,TX,25
2012-01-15,TX_2,TX,45
2012-01-15,WI_1,WI,17
2012-01-15,WI_2,WI,26
2012-01-16,CA_1,CA,41
2012-01-16,CA_2,CA,65
2012-01-16,CA_3,CA,79
2012-01-16,TX_1,TX,24
2012-01-16,TX_2,TX,42
2012-01-16,WI_1,WI,32
2012-01-16,WI_2,WI,20
2012-01-17,CA_1,CA,39
2012-01-17,CA_2,CA,41
2012-01-17,CA_3,CA,38
2012-01-17,TX_1,TX,20
2012-01-17,TX_2,TX,50
2012-01-17,WI_1,WI,3
2012-01-17,WI_2,WI,8
2012-01-18,CA_1,CA,42
2012-01-18,CA_2,CA,57
2012-01-18,CA_3,CA,59
2012-01-18,TX_1,TX,24
2012-01-18,TX_2,TX,41
2012-01-18,WI_1,WI,38
2012-01-18,WI_2,WI,13
2012-01-19,CA_1,CA,40
2012-01-19,CA_2,CA,41
2012-01-19,CA_3,CA,67
2012-01-19,TX_1,TX,37
2012-01-19,TX_2,TX,24
2012-01-19,WI_1,WI,28
2012-01-19,WI_2,WI,18
2012-01-20,CA_1,CA,22
2012-01-20,CA_2,CA,39
2012-01-20,CA_3,CA,66
2012-01-20,TX_1,TX,29
2012-01-20,TX_2,TX,89
2012-01-20,WI_1,WI,20
2012-01-20,WI_2,WI,19
2012-01-21,CA_1,CA,90
2012-01-21,CA_2,CA,69
2012-01-21,CA_3,CA,77
2012-01-21,TX_1,TX,32
2012-01-21,TX_2,TX,74
2012-01-21,WI_1,WI,43
2012-01-21,WI_2,WI,8
2012-01-22,CA_1,CA,88
2012-01-22,CA_2,CA,40
2012-01-22,CA_3,CA,86
2012-01-22,TX_1,TX,36
2012-01-22,TX_2,TX,56
2012-01-22,WI_1,WI,26
2012-01-22,WI_2,WI,22
2012-01-23,CA_1,CA,46
2012-01-23,CA_2,CA,27
2012-01-23,CA_3,CA,66
2012-01-23,TX_1,TX,30
2012-01-23,TX_2,TX,30
2012-01-23,WI_1,WI,19
2012-01-23,WI_2,WI,18
2012-01-24,CA_1,CA,37
2012-01-24,CA_2,CA,47
2012-01-24,CA_3,CA,51
2012-01-24,TX_1,TX,28
2012-01-24,TX_2,TX,24
2012-01-24,WI_1,WI,20
2012-01-24,WI_2,WI,25
2012-01-25,CA_1,CA,27
2012-01-25,CA_2,CA,56
2012-01-25,CA_3,CA,56
2012-01-25,TX_1,TX,27
2012-01-25,TX_2,TX,36
2012-01-25,WI_1,WI,22
2012-01-25,WI_2,WI,19
2012-01-26,CA_1,CA,21
2012-01-26,CA_2,CA,30
2012-01-26,CA_3,CA,54
2012-01-26,TX_1,TX,30
2012-01-26,TX_2,TX,47
2012-01-26,WI_1,WI,35
2012-01-26,WI_2,WI,17
2012-01-27,CA_1,CA,31
2012-01-27,CA_2,CA,47
2012-01-27,CA_3,CA,58
2012-01-27,TX_1,TX,26
2012-01-27,TX_2,TX,52
2012-01-27,WI_1,WI,27
2012-01-27,WI_2,WI,14
2012-01-28,CA_1,CA,36
2012-01-28,CA_2,CA,59
2012-01-28,CA_3,CA,73
2012-01-28,TX_1,TX,24
2012-01-28,TX_2,TX,38
2012-01-28,WI_1,WI,49
2012-01-28,WI_2,WI,28
2012-01-29,CA_1,CA,52
2012-01-29,CA_2,CA,79
2012-01-29,CA_3,CA,38
2012-01-29,TX_1,TX,30
2012-01-29,TX_2,TX,40
2012-01-29,WI_1,WI,24
2012-01-29,WI_2,WI,15
2012-01-30,CA_1,CA,26
2012-01-30,CA_2,CA,48
2012-01-30,CA_3,CA,47
2012-01-30,TX_1,TX,36
2012-01-30,TX_2,TX,24
2012-01-30,WI_1,WI,19
2012-01-30,WI_2,WI,16
2012-01-31,CA_1,CA,46
2012-01-31,CA_2,CA,31
2012-01-31,CA_3,CA,58
2012-01-31,TX_1,TX,18
2012-01-31,TX_2,TX,20
2012-01-31,WI_1,WI,19
2012-01-31,WI_2,WI,17
2012-02-01,CA_1,CA,43
2012-02-01,CA_2,CA,27
2012-02-01,CA_3,CA,55
2012-02-01,TX_1,TX,37
2012-02-01,TX_2,TX,33
2012-02-01,WI_1,WI,15
2012-02-01,WI_2,WI,23
2012-02-02,CA_1,CA,37
2012-02-02,CA_2,CA,42
2012-02-02,CA_3,CA,55
2012-02-02,TX_1,TX,30
2012-02-02,TX_2,TX,27
2012-02-02,WI_1,WI,15
2012-02-02,WI_2,WI,24
2012-02-03,CA_1,CA,58
2012-02-03,CA_2,CA,41
2012-02-03,CA_3,CA,65
2012-02-03,TX_1,TX,27
2012-02-03,TX_2,TX,50
2012-02-03,WI_1,WI,39
2012-02-03,WI_2,WI,43
2012-02-04,CA_1,CA,72
2012-02-04,CA_2,CA,81
2012-02-04,CA_3,CA,67
2012-02-04,TX_1,TX,78
2012-02-04,TX_2,TX,67
2012-02-04,WI_1,WI,39
2012-02-04,WI_2,WI,29
2012-02-05,CA_1,CA,58
2012-02-05,CA_2,CA,55
2012-02-05,CA_3,CA,93
2012-02-05,TX_1,TX,28
2012-02-05,TX_2,TX,48
2012-02-05,WI_1,WI,32
2012-02-05,WI_2,WI,17
2012-02-06,CA_1,CA,57
2012-02-06,CA_2,CA,58
2012-02-06,CA_3,CA,77
2012-02-06,TX_1,TX,32
2012-02-06,TX_2,TX,39
2012-02-06,WI_1,WI,12
2012-02-06,WI_2,WI,15
2012-02-07,CA_1,CA,53
2012-02-07,CA_2,CA,49
2012-02-07,CA_3,CA,69
2012-02-07,TX_1,TX,30
2012-02-07,TX_2,TX,50
2012-02-07,WI_1,WI,26
2012-02-07,WI_2,WI,20
2012-02-08,CA_1,CA,21
2012-02-08,CA_2,CA,49
2012-02-08,CA_3,CA,74
2012-02-08,TX_1,TX,30
2012-02-08,TX_2,TX,68
2012-02-08,WI_1,WI,27
2012-02-08,WI_2,WI,13
2012-02-09,CA_1,CA,29
2012-02-09,CA_2,CA,70
2012-02-09,CA_3,CA,55
2012-02-09,TX_1,TX,28
2012-02-09,TX_2,TX,41
2012-02-09,WI_1,WI,25
2012-02-09,WI_2,WI,13
2012-02-10,CA_1,CA,44
2012-02-10,CA_2,CA,51
2012-02-10,CA_3,CA,66
2012-02-10,TX_1,TX,16
2012-02-10,TX_2,TX,59
2012-02-10,WI_1,WI,23
2012-02-10,WI_2,WI,7
2012-02-11,CA_1,CA,45
2012-02-11,CA_2,CA,83
2012-02-11,CA_3,CA,58
2012-02-11,TX_1,TX,27
2012-02-11,TX_2,TX,73
2012-02-11,WI_1,WI,32
2012-02-11,WI_2,WI,17
2012-02-12,CA_1,CA,51
2012-02-12,CA_2,CA,80
2012-02-12,CA_3,CA,66
2012-02-12,TX_1,TX,43
2012-02-12,TX_2,TX,88
2012-02-12,WI_1,WI,30
2012-02-12,WI_2,WI,14
2012-02-13,CA_1,CA,43
2012-02-13,CA_2,CA,38
2012-02-13,CA_3,CA,58
2012-02-13,TX_1,TX,40
2012-02-13,TX_2,TX,64
2012-02-13,WI_1,WI,24
2012-02-13,WI_2,WI,13
2012-02-14,CA_1,CA,43
2012-02-14,CA_2,CA,41
2012-02-14,CA_3,CA,31
2012-02-14,TX_1,TX,26
2012-02-14,TX_2,TX,48
2012-02-14,WI_1,WI,29
2012-02-14,WI_2,WI,15
2012-02-15,CA_1,CA,44
2012-02-15,CA_2,CA,37
2012-02-15,CA_3,CA,49
2012-02-15,TX_1,TX,36
2012-02-15,TX_2,TX,45
2012-02-15,WI_1,WI,32
2012-02-15,WI_2,WI,6
2012-02-16,CA_1,CA,37
2012-02-16,CA_2,CA,62
2012-02-16,CA_3,CA,71
2012-02-16,TX_1,TX,19
2012-02-16,TX_2,TX,28
2012-02-16,WI_1,WI,17
2012-02-16,WI_2,WI,7
2012-02-17,CA_1,CA,45
2012-02-17,CA_2,CA,57
2012-02-17,CA_3,CA,53
2012-02-17,TX_1,TX,51
2012-02-17,TX_2,TX,46
2012-02-17,WI_1,WI,22
2012-02-17,WI_2,WI,18
2012-02-18,CA_1,CA,42
2012-02-18,CA_2,CA,82
2012-02-18,CA_3,CA,79
2012-02-18,TX_1,TX,55
2012-02-18,TX_2,TX,75
2012-02-18,WI_1,WI,38
2012-02-18,WI_2,WI,17
2012-02-19,CA_1,CA,60
2012-02-19,CA_2,CA,73
2012-02-19,CA_3,CA,68
2012-02-19,TX_1,TX,111
2012-02-19,TX_2,TX,88
2012-02-19,WI_1,WI,32
2012-02-19,WI_2,WI,37
2012-02-20,CA_1,CA,84
2012-02-20,CA_2,CA,58
2012-02-20,CA_3,CA,65
2012-02-20,TX_1,TX,53
2012-02-20,TX_2,TX,51
2012-02-20,WI_1,WI,27
2012-02-20,WI_2,WI,10
2012-02-21,CA_1,CA,17
2012-02-21,CA_2,CA,40
2012-02-21,CA_3,CA,52
2012-02-21,TX_1,TX,38
2012-02-21,TX_2,TX,51
2012-02-21,WI_1,WI,34
2012-02-21,WI_2,WI,9
2012-02-22,CA_1,CA,38
2012-02-22,CA_2,CA,53
2012-02-22,CA_3,CA,65
2012-02-22,TX_1,TX,30
2012-02-22,TX_2,TX,34
2012-02-22,WI_1,WI,51
2012-02-22,WI_2,WI,19
2012-02-23,CA_1,CA,26
2012-02-23,CA_2,CA,43
2012-02-23,CA_3,CA,77
2012-02-23,TX_1,TX,71
2012-02-23,TX_2,TX,47
2012-02-23,WI_1,WI,26
2012-02-23,WI_2,WI,17
2012-02-24,CA_1,CA,21
2012-02-24,CA_2,CA,43
2012-02-24,CA_3,CA,77
2012-02-24,TX_1,TX,22
2012-02-24,TX_2,TX,42
2012-02-24,WI_1,WI,37
2012-02-24,WI_2,WI,20
2012-02-25,CA_1,CA,68
2012-02-25,CA_2,CA,57
2012-02-25,CA_3,CA,48
2012-02-25,TX_1,TX,39
2012-02-25,TX_2,TX,52
2012-02-25,WI_1,WI,62
2012-02-25,WI_2,WI,16
2012-02-26,CA_1,CA,56
2012-02-26,CA_2,CA,154
2012-02-26,CA_3,CA,92
2012-02-26,TX_1,TX,34
2012-02-26,TX_2,TX,106
2012-02-26,WI_1,WI,66
2012-02-26,WI_2,WI,19
2012-02-27,CA_1,CA,44
2012-02-27,CA_2,CA,74
2012-02-27,CA_3,CA,61
2012-02-27,TX_1,TX,36
2012-02-27,TX_2,TX,55
2012-02-27,WI_1,WI,23
2012-02-27,WI_2,WI,12
2012-02-28,CA_1,CA,20
2012-02-28,CA_2,CA,52
2012-02-28,CA_3,CA,79
2012-02-28,TX_1,TX,25
2012-02-28,TX_2,TX,31
2012-02-28,WI_1,WI,30
2012-02-28,WI_2,WI,11
2012-02-29,CA_1,CA,49
2012-02-29,CA_2,CA,64
2012-02-29,CA_3,CA,48
2012-02-29,TX_1,TX,27
2012-02-29,TX_2,TX,48
2012-02-29,WI_1,WI,23
2012-02-29,WI_2,WI,16
2012-03-01,CA_1,CA,37
2012-03-01,CA_2,CA,50
2012-03-01,CA_3,CA,59
2012-03-01,TX_1,TX,34
2012-03-01,TX_2,TX,42
2012-03-01,WI_1,WI,26
2012-03-01,WI_2,WI,13
2012-03-02,CA_1,CA,49
2012-03-02,CA_2,CA,83
2012-03-02,CA_3,CA,74
2012-03-02,TX_1,TX,35
2012-03-02,TX_2,TX,61
2012-03-02,WI_1,WI,45
2012-03-02,WI_2,WI,20
2012-03-03,CA_1,CA,57
2012-03-03,CA_2,CA,100
2012-03-03,CA_3,CA,64
2012-03-03,TX_1,TX,30
2012-03-03,TX_2,TX,49
2012-03-03,WI_1,WI,46
2012-03-03,WI_2,WI,20
2012-03-04,CA_1,CA,67
2012-03-04,CA_2,CA,92
2012-03-04,CA_3,CA,159
2012-03-04,TX_1,TX,37
2012-03-04,TX_2,TX,49
2012-03-04,WI_1,WI,30
2012-03-04,WI_2,WI,28
2012-03-05,CA_1,CA,48
2012-03-05,CA_2,CA,68
2012-03-05,CA_3,CA,89
2012-03-05,TX_1,TX,30
2012-03-05,TX_2,TX,48
2012-03-05,WI_1,WI,30
2012-03-05,WI_2,WI,18
2012-03-06,CA_1,CA,49
2012-03-06,CA_2,CA,59
2012-03-06,CA_3,CA,120
2012-03-06,TX_1,TX,64
2012-03-06,TX_2,TX,48
2012-03-06,WI_1,WI,30
2012-03-06,WI_2,WI,29
2012-03-07,CA_1,CA,62
2012-03-07,CA_2,CA,49
2012-03-07,CA_3,CA,58
2012-03-07,TX_1,TX,39
2012-03-07,TX_2,TX,31
2012-03-07,WI_1,WI,29
2012-03-07,WI_2,WI,18
2012-03-08,CA_1,CA,46
2012-03-08,CA_2,CA,45
2012-03-08,CA_3,CA,73
2012-03-08,TX_1,TX,33
2012-03-08,TX_2,TX,37
2012-03-08,WI_1,WI,39
2012-03-08,WI_2,WI,16
2012-03-09,CA_1,CA,36
2012-03-09,CA_2,CA,84
2012-03-09,CA_3,CA,90
2012-03-09,TX_1,TX,28
2012-03-09,TX_2,TX,27
2012-03-09,WI_1,WI,44
2012-03-09,WI_2,WI,23
2012-03-10,CA_1,CA,86
2012-03-10,CA_2,CA,115
2012-03-10,CA_3,CA,95
2012-03-10,TX_1,TX,49
2012-03-10,TX_2,TX,58
2012-03-10,WI_1,WI,36
2012-03-10,WI_2,WI,26
2012-03-11,CA_1,CA,66
2012-03-11,CA_2,CA,112
2012-03-11,CA_3,CA,101
2012-03-11,TX_1,TX,34
2012-03-11,TX_2,TX,65
2012-03-11,WI_1,WI,31
2012-03-11,WI_2,WI,23
2012-03-12,CA_1,CA,42
2012-03-12,CA_2,CA,48
2012-03-12,CA_3,CA,72
2012-03-12,TX_1,TX,22
2012-03-12,TX_2,TX,54
2012-03-12,WI_1,WI,28
2012-03-12,WI_2,WI,7
2012-03-13,CA_1,CA,35
2012-03-13,CA_2,CA,57
2012-03-13,CA_3,CA,56
2012-03-13,TX_1,TX,11
2012-03-13,TX_2,TX,61
2012-03-13,WI_1,WI,39
2012-03-13,WI_2,WI,17
2012-03-14,CA_1,CA,24
2012-03-14,CA_2,CA,61
2012-03-14,CA_3,CA,47
2012-03-14,TX_1,TX,18
2012-03-14,TX_2,TX,62
2012-03-14,WI_1,WI,24
2012-03-14,WI_2,WI,16
2012-03-15,CA_1,CA,30
2012-03-15,CA_2,CA,54
2012-03-15,CA_3,CA,62
2012-03-15,TX_1,TX,22
2012-03-15,TX_2,TX,60
2012-03-15,WI_1,WI,46
2012-03-15,WI_2,WI,18
2012-03-16,CA_1,CA,47
2012-03-16,CA_2,CA,55
2012-03-16,CA_3,CA,31
2012-03-16,TX_1,TX,24
2012-03-16,TX_2,TX,55
2012-03-16,WI_1,WI,57
2012-03-16,WI_2,WI,27
2012-03-17,CA_1,CA,55
2012-03-17,CA_2,CA,110
2012-03-17,CA_3,CA,71
2012-03-17,TX_1,TX,34
2012-03-17,TX_2,TX,48
2012-03-17,WI_1,WI,46
2012-03-17,WI_2,WI,17
2012-03-18,CA_1,CA,79
2012-03-18,CA_2,CA,98
2012-03-18,CA_3,CA,101
2012-03-18,TX_1,TX,74
2012-03-18,TX_2,TX,56
2012-03-18,WI_1,WI,62
2012-03-18,WI_2,WI,21
2012-03-19,CA_1,CA,52
2012-03-19,CA_2,CA,59
2012-03-19,CA_3,CA,77
2012-03-19,TX_1,TX,44
2012-03-19,TX_2,TX,32
2012-03-19,WI_1,WI,28
2012-03-19,WI_2,WI,15
2012-03-20,CA_1,CA,24
2012-03-20,CA_2,CA,54
2012-03-20,CA_3,CA,64
2012-03-20,TX_1,TX,47
2012-03-20,TX_2,TX,52
2012-03-20,WI_1,WI,23
2012-03-20,WI_2,WI,35
2012-03-21,CA_1,CA,40
2012-03-21,CA_2,CA,62
2012-03-21,CA_3,CA,63
2012-03-21,TX_1,TX,56
2012-03-21,TX_2,TX,38
2012-03-21,WI_1,WI,23
2012-03-21,WI_2,WI,19
2012-03-22,CA_1,CA,44
2012-03-22,CA_2,CA,66
2012-03-22,CA_3,CA,45
2012-03-22,TX_1,TX,37
2012-03-22,TX_2,TX,37
2012-03-22,WI_1,WI,30
2012-03-22,WI_2,WI,15
2012-03-23,CA_1,CA,43
2012-03-23,CA_2,CA,63
2012-03-23,CA_3,CA,47
2012-03-23,TX_1,TX,57
2012-03-23,TX_2,TX,50
2012-03-23,WI_1,WI,25
2012-03-23,WI_2,WI,11
2012-03-24,CA_1,CA,55
2012-03-24,CA_2,CA,104
2012-03-24,CA_3,CA,113
2012-03-24,TX_1,TX,66
2012-03-24,TX_2,TX,60
2012-03-24,WI_1,WI,35
2012-03-24,WI_2,WI,16
2012-03-25,CA_1,CA,58
2012-03-25,CA_2,CA,88
2012-03-25,CA_3,CA,86
2012-03-25,TX_1,TX,37
2012-03-25,TX_2,TX,72
2012-03-25,WI_1,WI,37
2012-03-25,WI_2,WI,11
2012-03-26,CA_1,CA,49
2012-03-26,CA_2,CA,68
2012-03-26,CA_3,CA,42
2012-03-26,TX_1,TX,28
2012-03-26,TX_2,TX,29
2012-03-26,WI_1,WI,22
2012-03-26,WI_2,WI,11
2012-03-27,CA_1,CA,47
2012-03-27,CA_2,CA,38
2012-03-27,CA_3,CA,29
2012-03-27,TX_1,TX,24
2012-03-27,TX_2,TX,30
2012-03-27,WI_1,WI,23
2012-03-27,WI_2,WI,11
2012-03-28,CA_1,CA,39
2012-03-28,CA_2,CA,49
2012-03-28,CA_3,CA,40
2012-03-28,TX_1,TX,28
2012-03-28,TX_2,TX,56
2012-03-28,WI_1,WI,22
2012-03-28,WI_2,WI,13
2012-03-29,CA_1,CA,27
2012-03-29,CA_2,CA,42
2012-03-29,CA_3,CA,40
2012-03-29,TX_1,TX,21
2012-03-29,TX_2,TX,37
2012-03-29,WI_1,WI,22
2012-03-29,WI_2,WI,15
2012-03-30,CA_1,CA,207
2012-03-30,CA_2,CA,58
2012-03-30,CA_3,CA,53
2012-03-30,TX_1,TX,42
2012-03-30,TX_2,TX,59
2012-03-30,WI_1,WI,30
2012-03-30,WI_2,WI,18
2012-03-31,CA_1,CA,46
2012-03-31,CA_2,CA,116
2012-03-31,CA_3,CA,38
2012-03-31,TX_1,TX,18
2012-03-31,TX_2,TX,52
2012-03-31,WI_1,WI,26
2012-03-31,WI_2,WI,17
2012-04-01,CA_1,CA,45
2012-04-01,CA_2,CA,75
2012-04-01,CA_3,CA,52
2012-04-01,TX_1,TX,40
2012-04-01,TX_2,TX,48
2012-04-01,WI_1,WI,31
2012-04-01,WI_2,WI,12
2012-04-02,CA_1,CA,42
2012-04-02,CA_2,CA,47
2012-04-02,CA_3,CA,55
2012-04-02,TX_1,TX,16
2012-04-02,TX_2,TX,38
2012-04-02,WI_1,WI,26
2012-04-02,WI_2,WI,11
2012-04-03,CA_1,CA,46
2012-04-03,CA_2,CA,37
2012-04-03,CA_3,CA,64
2012-04-03,TX_1,TX,32
2012-04-03,TX_2,TX,54
2012-04-03,WI_1,WI,30
2012-04-03,WI_2,WI,7
2012-04-04,CA_1,CA,36
2012-04-04,CA_2,CA,48
2012-04-04,CA_3,CA,54
2012-04-04,TX_1,TX,29
2012-04-04,TX_2,TX,57
2012-04-04,WI_1,WI,30
2012-04-04,WI_2,WI,6
2012-04-05,CA_1,CA,44
2012-04-05,CA_2,CA,52
2012-04-05,CA_3,CA,51
2012-04-05,TX_1,TX,56
2012-04-05,TX_2,TX,58
2012-04-05,WI_1,WI,30
2012-04-05,WI_2,WI,8
2012-04-06,CA_1,CA,33
2012-04-06,CA_2,CA,51
2012-04-06,CA_3,CA,69
2012-04-06,TX_1,TX,38
2012-04-06,TX_2,TX,68
2012-04-06,WI_1,WI,64
2012-04-06,WI_2,WI,12
2012-04-07,CA_1,CA,54
2012-04-07,CA_2,CA,48
2012-04-07,CA_3,CA,80
2012-04-07,TX_1,TX,46
2012-04-07,TX_2,TX,53
2012-04-07,WI_1,WI,62
2012-04-07,WI_2,WI,15
2012-04-08,CA_1,CA,31
2012-04-08,CA_2,CA,49
2012-04-08,CA_3,CA,115
2012-04-08,TX_1,TX,44
2012-04-08,TX_2,TX,53
2012-04-08,WI_1,WI,29
2012-04-08,WI_2,WI,10
2012-04-09,CA_1,CA,35
2012-04-09,CA_2,CA,52
2012-04-09,CA_3,CA,89
2012-04-09,TX_1,TX,28
2012-04-09,TX_2,TX,51
2012-04-09,WI_1,WI,36
2012-04-09,WI_2,WI,6
2012-04-10,CA_1,CA,55
2012-04-10,CA_2,CA,50
2012-04-10,CA_3,CA,81
2012-04-10,TX_1,TX,32
2012-04-10,TX_2,TX,33
2012-04-10,WI_1,WI,33
2012-04-10,WI_2,WI,8
2012-04-11,CA_1,CA,38
2012-04-11,CA_2,CA,71
2012-04-11,CA_3,CA,71
2012-04-11,TX_1,TX,24
2012-04-11,TX_2,TX,45
2012-04-11,WI_1,WI,16
2012-04-11,WI_2,WI,9
2012-04-12,CA_1,CA,45
2012-04-12,CA_2,CA,50
2012-04-12,CA_3,CA,66
2012-04-12,TX_1,TX,24
2012-04-12,TX_2,TX,43
2012-04-12,WI_1,WI,20
2012-04-12,WI_2,WI,10
2012-04-13,CA_1,CA,34
2012-04-13,CA_2,CA,59
2012-04-13,CA_3,CA,85
2012-04-13,TX_1,TX,24
2012-04-13,TX_2,TX,43
2012-04-13,WI_1,WI,38
2012-04-13,WI_2,WI,7
2012-04-14,CA_1,CA,64
2012-04-14,CA_2,CA,110
2012-04-14,CA_3,CA,88
2012-04-14,TX_1,TX,25
2012-04-14,TX_2,TX,51
2012-04-14,WI_1,WI,40
2012-04-14,WI_2,WI,18
2012-04-15,CA_1,CA,48
2012-04-15,CA_2,CA,104
2012-04-15,CA_3,CA,70
2012-04-15,TX_1,TX,33
2012-04-15,TX_2,TX,73
2012-04-15,WI_1,WI,37
2012-04-15,WI_2,WI,14
2012-04-16,CA_1,CA,33
2012-04-16,CA_2,CA,53
2012-04-16,CA_3,CA,57
2012-04-16,TX_1,TX,33
2012-04-16,TX_2,TX,32
2012-04-16,WI_1,WI,19
2012-04-16,WI_2,WI,7
2012-04-17,CA_1,CA,49
2012-04-17,CA_2,CA,43
2012-04-17,CA_3,CA,48
2012-04-17,TX_1,TX,25
2012-04-17,TX_2,TX,40
2012-04-17,WI_1,WI,23
2012-04-17,WI_2,WI,11
2012-04-18,CA_1,CA,59
2012-04-18,CA_2,CA,41
2012-04-18,CA_3,CA,69
2012-04-18,TX_1,TX,25
2012-04-18,TX_2,TX,41
2012-04-18,WI_1,WI,23
2012-04-18,WI_2,WI,12
2012-04-19,CA_1,CA,39
2012-04-19,CA_2,CA,55
2012-04-19,CA_3,CA,47
2012-04-19,TX_1,TX,24
2012-04-19,TX_2,TX,42
2012-04-19,WI_1,WI,16
2012-04-19,WI_2,WI,11
2012-04-20,CA_1,CA,38
2012-04-20,CA_2,CA,54
2012-04-20,CA_3,CA,64
2012-04-20,TX_1,TX,29
2012-04-20,TX_2,TX,50
2012-04-20,WI_1,WI,56
2012-04-20,WI_2,WI,7
2012-04-21,CA_1,CA,51
2012-04-21,CA_2,CA,72
2012-04-21,CA_3,CA,94
2012-04-21,TX_1,TX,40
2012-04-21,TX_2,TX,74
2012-04-21,WI_1,WI,46
2012-04-21,WI_2,WI,13
2012-04-22,CA_1,CA,55
2012-04-22,CA_2,CA,79
2012-04-22,CA_3,CA,100
2012-04-22,TX_1,TX,45
2012-04-22,TX_2,TX,57
2012-04-22,WI_1,WI,41
2012-04-22,WI_2,WI,5
2012-04-23,CA_1,CA,29
2012-04-23,CA_2,CA,50
2012-04-23,CA_3,CA,66
2012-04-23,TX_1,TX,34
2012-04-23,TX_2,TX,35
2012-04-23,WI_1,WI,51
2012-04-23,WI_2,WI,8
2012-04-24,CA_1,CA,61
2012-04-24,CA_2,CA,71
2012-04-24,CA_3,CA,43
2012-04-24,TX_1,TX,43
2012-04-24,TX_2,TX,42
2012-04-24,WI_1,WI,19
2012-04-24,WI_2,WI,6
2012-04-25,CA_1,CA,26
2012-04-25,CA_2,CA,51
2012-04-25,CA_3,CA,55
2012-04-25,TX_1,TX,28
2012-04-25,TX_2,TX,35
2012-04-25,WI_1,WI,28
2012-04-25,WI_2,WI,2
2012-04-26,CA_1,CA,54
2012-04-26,CA_2,CA,66
2012-04-26,CA_3,CA,49
2012-04-26,TX_1,TX,29
2012-04-26,TX_2,TX,33
2012-04-26,WI_1,WI,30
2012-04-26,WI_2,WI,11
2012-04-27,CA_1,CA,50
2012-04-27,CA_2,CA,63
2012-04-27,CA_3,CA,62
2012-04-27,TX_1,TX,28
2012-04-27,TX_2,TX,43
2012-04-27,WI_1,WI,39
2012-04-27,WI_2,WI,10
2012-04-28,CA_1,CA,67
2012-04-28,CA_2,CA,92
2012-04-28,CA_3,CA,59
2012-04-28,TX_1,TX,27
2012-04-28,TX_2,TX,54
2012-04-28,WI_1,WI,48
2012-04-28,WI_2,WI,23
2012-04-29,CA_1,CA,94
2012-04-29,CA_2,CA,86
2012-04-29,CA_3,CA,69
2012-04-29,TX_1,TX,53
2012-04-29,TX_2,TX,95
2012-04-29,WI_1,WI,50
2012-04-29,WI_2,WI,23
2012-04-30,CA_1,CA,37
2012-04-30,CA_2,CA,70
2012-04-30,CA_3,CA,52
2012-04-30,TX_1,TX,22
2012-04-30,TX_2,TX,37
2012-04-30,WI_1,WI,32
2012-04-30,WI_2,WI,13
2012-05-01,CA_1,CA,48
2012-05-01,CA_2,CA,75
2012-05-01,CA_3,CA,45
2012-05-01,TX_1,TX,39
2012-05-01,TX_2,TX,80
2012-05-01,WI_1,WI,51
2012-05-01,WI_2,WI,19
2012-05-02,CA_1,CA,48
2012-05-02,CA_2,CA,80
2012-05-02,CA_3,CA,54
2012-05-02,TX_1,TX,14
2012-05-02,TX_2,TX,36
2012-05-02,WI_1,WI,31
2012-05-02,WI_2,WI,5
2012-05-03,CA_1,CA,53
2012-05-03,CA_2,CA,55
2012-05-03,CA_3,CA,82
2012-05-03,TX_1,TX,38
2012-05-03,TX_2,TX,40
2012-05-03,WI_1,WI,38
2012-05-03,WI_2,WI,17
2012-05-04,CA_1,CA,54
2012-05-04,CA_2,CA,60
2012-05-04,CA_3,CA,58
2012-05-04,TX_1,TX,24
2012-05-04,TX_2,TX,33
2012-05-04,WI_1,WI,37
2012-05-04,WI_2,WI,20
2012-05-05,CA_1,CA,40
2012-05-05,CA_2,CA,72
2012-05-05,CA_3,CA,59
2012-05-05,TX_1,TX,22
2012-05-05,TX_2,TX,37
2012-05-05,WI_1,WI,47
2012-05-05,WI_2,WI,15
2012-05-06,CA_1,CA,71
2012-05-06,CA_2,CA,105
2012-05-06,CA_3,CA,85
2012-05-06,TX_1,TX,34
2012-05-06,TX_2,TX,79
2012-05-06,WI_1,WI,33
2012-05-06,WI_2,WI,18
2012-05-07,CA_1,CA,87
2012-05-07,CA_2,CA,53
2012-05-07,CA_3,CA,54
2012-05-07,TX_1,TX,52
2012-05-07,TX_2,TX,61
2012-05-07,WI_1,WI,35
2012-05-07,WI_2,WI,17
2012-05-08,CA_1,CA,42
2012-05-08,CA_2,CA,24
2012-05-08,CA_3,CA,92
2012-05-08,TX_1,TX,23
2012-05-08,TX_2,TX,50
2012-05-08,WI_1,WI,13
2012-05-08,WI_2,WI,16
2012-05-09,CA_1,CA,30
2012-05-09,CA_2,CA,32
2012-05-09,CA_3,CA,67
2012-05-09,TX_1,TX,23
2012-05-09,TX_2,TX,58
2012-05-09,WI_1,WI,16
2012-05-09,WI_2,WI,17
2012-05-10,CA_1,CA,48
2012-05-10,CA_2,CA,51
2012-05-10,CA_3,CA,58
2012-05-10,TX_1,TX,24
2012-05-10,TX_2,TX,31
2012-05-10,WI_1,WI,20
2012-05-10,WI_2,WI,27
2012-05-11,CA_1,CA,43
2012-05-11,CA_2,CA,72
2012-05-11,CA_3,CA,61
2012-05-11,TX_1,TX,37
2012-05-11,TX_2,TX,38
2012-05-11,WI_1,WI,32
2012-05-11,WI_2,WI,23
2012-05-12,CA_1,CA,292
2012-05-12,CA_2,CA,72
2012-05-12,CA_3,CA,72
2012-05-12,TX_1,TX,38
2012-05-12,TX_2,TX,53
2012-05-12,WI_1,WI,50
2012-05-12,WI_2,WI,16
2012-05-13,CA_1,CA,67
2012-05-13,CA_2,CA,64
2012-05-13,CA_3,CA,54
2012-05-13,TX_1,TX,59
2012-05-13,TX_2,TX,50
2012-05-13,WI_1,WI,15
2012-05-13,WI_2,WI,18
2012-05-14,CA_1,CA,49
2012-05-14,CA_2,CA,51
2012-05-14,CA_3,CA,58
2012-05-14,TX_1,TX,33
2012-05-14,TX_2,TX,39
2012-05-14,WI_1,WI,18
2012-05-14,WI_2,WI,19
2012-05-15,CA_1,CA,49
2012-05-15,CA_2,CA,55
2012-05-15,CA_3,CA,59
2012-05-15,TX_1,TX,23
2012-05-15,TX_2,TX,51
2012-05-15,WI_1,WI,33
2012-05-15,WI_2,WI,14
2012-05-16,CA_1,CA,57
2012-05-16,CA_2,CA,71
2012-05-16,CA_3,CA,66
2012-05-16,TX_1,TX,41
2012-05-16,TX_2,TX,34
2012-05-16,WI_1,WI,37
2012-05-16,WI_2,WI,25
2012-05-17,CA_1,CA,44
2012-05-17,CA_2,CA,57
2012-05-17,CA_3,CA,62
2012-05-17,TX_1,TX,23
2012-05-17,TX_2,TX,34
2012-05-17,WI_1,WI,23
2012-05-17,WI_2,WI,10
2012-05-18,CA_1,CA,58
2012-05-18,CA_2,CA,56
2012-05-18,CA_3,CA,33
2012-05-18,TX_1,TX,34
2012-05-18,TX_2,TX,36
2012-05-18,WI_1,WI,23
2012-05-18,WI_2,WI,10
2012-05-19,CA_1,CA,49
2012-05-19,CA_2,CA,113
2012-05-19,CA_3,CA,76
2012-05-19,TX_1,TX,29
2012-05-19,TX_2,TX,55
2012-05-19,WI_1,WI,50
2012-05-19,WI_2,WI,14
2012-05-20,CA_1,CA,51
2012-05-20,CA_2,CA,91
2012-05-20,CA_3,CA,79
2012-05-20,TX_1,TX,39
2012-05-20,TX_2,TX,52
2012-05-20,WI_1,WI,29
2012-05-20,WI_2,WI,25
2012-05-21,CA_1,CA,38
2012-05-21,CA_2,CA,27
2012-05-21,CA_3,CA,78
2012-05-21,TX_1,TX,34
2012-05-21,TX_2,TX,34
2012-05-21,WI_1,WI,23
2012-05-21,WI_2,WI,14
2012-05-22,CA_1,CA,29
2012-05-22,CA_2,CA,67
2012-05-22,CA_3,CA,56
2012-05-22,TX_1,TX,22
2012-05-22,TX_2,TX,42
2012-05-22,WI_1,WI,83
2012-05-22,WI_2,WI,13
2012-05-23,CA_1,CA,53
2012-05-23,CA_2,CA,68
2012-05-23,CA_3,CA,44
2012-05-23,TX_1,TX,27
2012-05-23,TX_2,TX,39
2012-05-23,WI_1,WI,29
2012-05-23,WI_2,WI,18
2012-05-24,CA_1,CA,53
2012-05-24,CA_2,CA,69
2012-05-24,CA_3,CA,70
2012-05-24,TX_1,TX,28
2012-05-24,TX_2,TX,23
2012-05-24,WI_1,WI,27
2012-05-24,WI_2,WI,12
2012-05-25,CA_1,CA,272
2012-05-25,CA_2,CA,86
2012-05-25,CA_3,CA,45
2012-05-25,TX_1,TX,22
2012-05-25,TX_2,TX,33
2012-05-25,WI_1,WI,29
2012-05-25,WI_2,WI,14
2012-05-26,CA_1,CA,54
2012-05-26,CA_2,CA,72
2012-05-26,CA_3,CA,52
2012-05-26,TX_1,TX,31
2012-05-26,TX_2,TX,52
2012-05-26,WI_1,WI,34
2012-05-26,WI_2,WI,28
2012-05-27,CA_1,CA,80
2012-05-27,CA_2,CA,57
2012-05-27,CA_3,CA,46
2012-05-27,TX_1,TX,45
2012-05-27,TX_2,TX,34
2012-05-27,WI_1,WI,36
2012-05-27,WI_2,WI,20
2012-05-28,CA_1,CA,54
2012-05-28,CA_2,CA,140
2012-05-28,CA_3,CA,65
2012-05-28,TX_1,TX,28
2012-05-28,TX_2,TX,48
2012-05-28,WI_1,WI,42
2012-05-28,WI_2,WI,13
2012-05-29,CA_1,CA,30
2012-05-29,CA_2,CA,39
2012-05-29,CA_3,CA,35
2012-05-29,TX_1,TX,19
2012-05-29,TX_2,TX,35
2012-05-29,WI_1,WI,25
2012-05-29,WI_2,WI,27
2012-05-30,CA_1,CA,53
2012-05-30,CA_2,CA,42
2012-05-30,CA_3,CA,49
2012-05-30,TX_1,TX,17
2012-05-30,TX_2,TX,49
2012-05-30,WI_1,WI,14
2012-05-30,WI_2,WI,31
2012-05-31,CA_1,CA,40
2012-05-31,CA_2,CA,55
2012-05-31,CA_3,CA,43
2012-05-31,TX_1,TX,15
2012-05-31,TX_2,TX,37
2012-05-31,WI_1,WI,17
2012-05-31,WI_2,WI,29
2012-06-01,CA_1,CA,37
2012-06-01,CA_2,CA,67
2012-06-01,CA_3,CA,50
2012-06-01,TX_1,TX,28
2012-06-01,TX_2,TX,70
2012-06-01,WI_1,WI,27
2012-06-01,WI_2,WI,49
2012-06-02,CA_1,CA,72
2012-06-02,CA_2,CA,100
2012-06-02,CA_3,CA,59
2012-06-02,TX_1,TX,21
2012-06-02,TX_2,TX,55
2012-06-02,WI_1,WI,30
2012-06-02,WI_2,WI,37
2012-06-03,CA_1,CA,82
2012-06-03,CA_2,CA,71
2012-06-03,CA_3,CA,82
2012-06-03,TX_1,TX,40
2012-06-03,TX_2,TX,81
2012-06-03,WI_1,WI,34
2012-06-03,WI_2,WI,29
2012-06-04,CA_1,CA,43
2012-06-04,CA_2,CA,51
2012-06-04,CA_3,CA,59
2012-06-04,TX_1,TX,37
2012-06-04,TX_2,TX,47
2012-06-04,WI_1,WI,24
2012-06-04,WI_2,WI,18
2012-06-05,CA_1,CA,88
2012-06-05,CA_2,CA,65
2012-06-05,CA_3,CA,79
2012-06-05,TX_1,TX,20
2012-06-05,TX_2,TX,45
2012-06-05,WI_1,WI,31
2012-06-05,WI_2,WI,19
2012-06-06,CA_1,CA,40
2012-06-06,CA_2,CA,57
2012-06-06,CA_3,CA,50
2012-06-06,TX_1,TX,47
2012-06-06,TX_2,TX,48
2012-06-06,WI_1,WI,27
2012-06-06,WI_2,WI,29
2012-06-07,CA_1,CA,49
2012-06-07,CA_2,CA,43
2012-06-07,CA_3,CA,59
2012-06-07,TX_1,TX,43
2012-06-07,TX_2,TX,43
2012-06-07,WI_1,WI,24
2012-06-07,WI_2,WI,14
2012-06-08,CA_1,CA,40
2012-06-08,CA_2,CA,55
2012-06-08,CA_3,CA,73
2012-06-08,TX_1,TX,51
2012-06-08,TX_2,TX,48
2012-06-08,WI_1,WI,29
2012-06-08,WI_2,WI,15
2012-06-09,CA_1,CA,89
2012-06-09,CA_2,CA,76
2012-06-09,CA_3,CA,86
2012-06-09,TX_1,TX,36
2012-06-09,TX_2,TX,67
2012-06-09,WI_1,WI,43
2012-06-09,WI_2,WI,27
2012-06-10,CA_1,CA,49
2012-06-10,CA_2,CA,100
2012-06-10,CA_3,CA,85
2012-06-10,TX_1,TX,32
2012-06-10,TX_2,TX,51
2012-06-10,WI_1,WI,27
2012-06-10,WI_2,WI,19
2012-06-11,CA_1,CA,63
2012-06-11,CA_2,CA,63
2012-06-11,CA_3,CA,68
2012-06-11,TX_1,TX,26
2012-06-11,TX_2,TX,44
2012-06-11,WI_1,WI,21
2012-06-11,WI_2,WI,19
2012-06-12,CA_1,CA,48
2012-06-12,CA_2,CA,64
2012-06-12,CA_3,CA,61
2012-06-12,TX_1,TX,50
2012-06-12,TX_2,TX,56
2012-06-12,WI_1,WI,20
2012-06-12,WI_2,WI,26
2012-06-13,CA_1,CA,62
2012-06-13,CA_2,CA,78
2012-06-13,CA_3,CA,79
2012-06-13,TX_1,TX,14
2012-06-13,TX_2,TX,37
2012-06-13,WI_1,WI,21
2012-06-13,WI_2,WI,21
2012-06-14,CA_1,CA,42
2012-06-14,CA_2,CA,66
2012-06-14,CA_3,CA,70
2012-06-14,TX_1,TX,21
2012-06-14,TX_2,TX,31
2012-06-14,WI_1,WI,21
2012-06-14,WI_2,WI,28
2012-06-15,CA_1,CA,44
2012-06-15,CA_2,CA,103
2012-06-15,CA_3,CA,57
2012-06-15,TX_1,TX,19
2012-06-15,TX_2,TX,55
2012-06-15,WI_1,WI,38
2012-06-15,WI_2,WI,25
2012-06-16,CA_1,CA,51
2012-06-16,CA_2,CA,86
2012-06-16,CA_3,CA,63
2012-06-16,TX_1,TX,19
2012-06-16,TX_2,TX,65
2012-06-16,WI_1,WI,34
2012-06-16,WI_2,WI,20
2012-06-17,CA_1,CA,63
2012-06-17,CA_2,CA,84
2012-06-17,CA_3,CA,82
2012-06-17,TX_1,TX,27
2012-06-17,TX_2,TX,56
2012-06-17,WI_1,WI,18
2012-06-17,WI_2,WI,25
2012-06-18,CA_1,CA,33
2012-06-18,CA_2,CA,79
2012-06-18,CA_3,CA,78
2012-06-18,TX_1,TX,32
2012-06-18,TX_2,TX,48
2012-06-18,WI_1,WI,29
2012-06-18,WI_2,WI,20
2012-06-19,CA_1,CA,46
2012-06-19,CA_2,CA,51
2012-06-19,CA_3,CA,52
2012-06-19,TX_1,TX,16
2012-06-19,TX_2,TX,36
2012-06-19,WI_1,WI,24
2012-06-19,WI_2,WI,12
2012-06-20,CA_1,CA,46
2012-06-20,CA_2,CA,80
2012-06-20,CA_3,CA,76
2012-06-20,TX_1,TX,28
2012-06-20,TX_2,TX,31
2012-06-20,WI_1,WI,21
2012-06-20,WI_2,WI,17
2012-06-21,CA_1,CA,34
2012-06-21,CA_2,CA,65
2012-06-21,CA_3,CA,74
2012-06-21,TX_1,TX,23
2012-06-21,TX_2,TX,36
2012-06-21,WI_1,WI,21
2012-06-21,WI_2,WI,18
2012-06-22,CA_1,CA,700
2012-06-22,CA_2,CA,88
2012-06-22,CA_3,CA,49
2012-06-22,TX_1,TX,16
2012-06-22,TX_2,TX,41
2012-06-22,WI_1,WI,36
2012-06-22,WI_2,WI,22
2012-06-23,CA_1,CA,80
2012-06-23,CA_2,CA,88
2012-06-23,CA_3,CA,66
2012-06-23,TX_1,TX,20
2012-06-23,TX_2,TX,48
2012-06-23,WI_1,WI,34
2012-06-23,WI_2,WI,25
2012-06-24,CA_1,CA,47
2012-06-24,CA_2,CA,91
2012-06-24,CA_3,CA,53
2012-06-24,TX_1,TX,30
2012-06-24,TX_2,TX,54
2012-06-24,WI_1,WI,26
2012-06-24,WI_2,WI,13
2012-06-25,CA_1,CA,34
2012-06-25,CA_2,CA,46
2012-06-25,CA_3,CA,63
2012-06-25,TX_1,TX,21
2012-06-25,TX_2,TX,52
2012-06-25,WI_1,WI,54
2012-06-25,WI_2,WI,24
2012-06-26,CA_1,CA,39
2012-06-26,CA_2,CA,65
2012-06-26,CA_3,CA,53
2012-06-26,TX_1,TX,36
2012-06-26,TX_2,TX,42
2012-06-26,WI_1,WI,24
2012-06-26,WI_2,WI,23
2012-06-27,CA_1,CA,27
2012-06-27,CA_2,CA,61
2012-06-27,CA_3,CA,64
2012-06-27,TX_1,TX,26
2012-06-27,TX_2,TX,20
2012-06-27,WI_1,WI,28
2012-06-27,WI_2,WI,21
2012-06-28,CA_1,CA,36
2012-06-28,CA_2,CA,71
2012-06-28,CA_3,CA,49
2012-06-28,TX_1,TX,16
2012-06-28,TX_2,TX,53
2012-06-28,WI_1,WI,30
2012-06-28,WI_2,WI,8
2012-06-29,CA_1,CA,42
2012-06-29,CA_2,CA,85
2012-06-29,CA_3,CA,67
2012-06-29,TX_1,TX,28
2012-06-29,TX_2,TX,55
2012-06-29,WI_1,WI,32
2012-06-29,WI_2,WI,19
2012-06-30,CA_1,CA,92
2012-06-30,CA_2,CA,98
2012-06-30,CA_3,CA,54
2012-06-30,TX_1,TX,36
2012-06-30,TX_2,TX,26
2012-06-30,WI_1,WI,26
2012-06-30,WI_2,WI,26
2012-07-01,CA_1,CA,71
2012-07-01,CA_2,CA,109
2012-07-01,CA_3,CA,51
2012-07-01,TX_1,TX,25
2012-07-01,TX_2,TX,64
2012-07-01,WI_1,WI,38
2012-07-01,WI_2,WI,24
2012-07-02,CA_1,CA,44
2012-07-02,CA_2,CA,58
2012-07-02,CA_3,CA,72
2012-07-02,TX_1,TX,19
2012-07-02,TX_2,TX,45
2012-07-02,WI_1,WI,29
2012-07-02,WI_2,WI,49
2012-07-03,CA_1,CA,50
2012-07-03,CA_2,CA,46
2012-07-03,CA_3,CA,54
2012-07-03,TX_1,TX,28
2012-07-03,TX_2,TX,50
2012-07-03,WI_1,WI,29
2012-07-03,WI_2,WI,37
2012-07-04,CA_1,CA,38
2012-07-04,CA_2,CA,43
2012-07-04,CA_3,CA,77
2012-07-04,TX_1,TX,30
2012-07-04,TX_2,TX,57
2012-07-04,WI_1,WI,22
2012-07-04,WI_2,WI,27
2012-07-05,CA_1,CA,73
2012-07-05,CA_2,CA,71
2012-07-05,CA_3,CA,56
2012-07-05,TX_1,TX,27
2012-07-05,TX_2,TX,59
2012-07-05,WI_1,WI,35
2012-07-05,WI_2,WI,55
2012-07-06,CA_1,CA,51
2012-07-06,CA_2,CA,72
2012-07-06,CA_3,CA,50
2012-07-06,TX_1,TX,42
2012-07-06,TX_2,TX,81
2012-07-06,WI_1,WI,35
2012-07-06,WI_2,WI,57
2012-07-07,CA_1,CA,64
2012-07-07,CA_2,CA,73
2012-07-07,CA_3,CA,44
2012-07-07,TX_1,TX,43
2012-07-07,TX_2,TX,71
2012-07-07,WI_1,WI,38
2012-07-07,WI_2,WI,34
2012-07-08,CA_1,CA,65
2012-07-08,CA_2,CA,100
2012-07-08,CA_3,CA,54
2012-07-08,TX_1,TX,51
2012-07-08,TX_2,TX,77
2012-07-08,WI_1,WI,30
2012-07-08,WI_2,WI,40
2012-07-09,CA_1,CA,68
2012-07-09,CA_2,CA,65
2012-07-09,CA_3,CA,47
2012-07-09,TX_1,TX,46
2012-07-09,TX_2,TX,29
2012-07-09,WI_1,WI,32
2012-07-09,WI_2,WI,31
2012-07-10,CA_1,CA,29
2012-07-10,CA_2,CA,42
2012-07-10,CA_3,CA,64
2012-07-10,TX_1,TX,50
2012-07-10,TX_2,TX,31
2012-07-10,WI_1,WI,20
2012-07-10,WI_2,WI,26
2012-07-11,CA_1,CA,55
2012-07-11,CA_2,CA,56
2012-07-11,CA_3,CA,83
2012-07-11,TX_1,TX,89
2012-07-11,TX_2,TX,45
2012-07-11,WI_1,WI,31
2012-07-11,WI_2,WI,33
2012-07-12,CA_1,CA,30
2012-07-12,CA_2,CA,50
2012-07-12,CA_3,CA,54
2012-07-12,TX_1,TX,36
2012-07-12,TX_2,TX,35
2012-07-12,WI_1,WI,24
2012-07-12,WI_2,WI,26
2012-07-13,CA_1,CA,30
2012-07-13,CA_2,CA,66
2012-07-13,CA_3,CA,47
2012-07-13,TX_1,TX,36
2012-07-13,TX_2,TX,63
2012-07-13,WI_1,WI,39
2012-07-13,WI_2,WI,31
2012-07-14,CA_1,CA,66
2012-07-14,CA_2,CA,83
2012-07-14,CA_3,CA,71
2012-07-14,TX_1,TX,36
2012-07-14,TX_2,TX,81
2012-07-14,WI_1,WI,71
2012-07-14,WI_2,WI,30
2012-07-15,CA_1,CA,75
2012-07-15,CA_2,CA,74
2012-07-15,CA_3,CA,77
2012-07-15,TX_1,TX,50
2012-07-15,TX_2,TX,54
2012-07-15,WI_1,WI,38
2012-07-15,WI_2,WI,32
2012-07-16,CA_1,CA,37
2012-07-16,CA_2,CA,41
2012-07-16,CA_3,CA,59
2012-07-16,TX_1,TX,26
2012-07-16,TX_2,TX,49
2012-07-16,WI_1,WI,21
2012-07-16,WI_2,WI,20
2012-07-17,CA_1,CA,27
2012-07-17,CA_2,CA,92
2012-07-17,CA_3,CA,61
2012-07-17,TX_1,TX,60
2012-07-17,TX_2,TX,31
2012-07-17,WI_1,WI,20
2012-07-17,WI_2,WI,28
2012-07-18,CA_1,CA,35
2012-07-18,CA_2,CA,45
2012-07-18,CA_3,CA,83
2012-07-18,TX_1,TX,22
2012-07-18,TX_2,TX,47
2012-07-18,WI_1,WI,26
2012-07-18,WI_2,WI,27
2012-07-19,CA_1,CA,45
2012-07-19,CA_2,CA,64
2012-07-19,CA_3,CA,61
2012-07-19,TX_1,TX,44
2012-07-19,TX_2,TX,54
2012-07-19,WI_1,WI,34
2012-07-19,WI_2,WI,17
2012-07-20,CA_1,CA,54
2012-07-20,CA_2,CA,72
2012-07-20,CA_3,CA,69
2012-07-20,TX_1,TX,33
2012-07-20,TX_2,TX,60
2012-07-20,WI_1,WI,34
2012-07-20,WI_2,WI,21
2012-07-21,CA_1,CA,67
2012-07-21,CA_2,CA,78
2012-07-21,CA_3,CA,50
2012-07-21,TX_1,TX,46
2012-07-21,TX_2,TX,57
2012-07-21,WI_1,WI,43
2012-07-21,WI_2,WI,14
2012-07-22,CA_1,CA,58
2012-07-22,CA_2,CA,60
2012-07-22,CA_3,CA,47
2012-07-22,TX_1,TX,39
2012-07-22,TX_2,TX,40
2012-07-22,WI_1,WI,31
2012-07-22,WI_2,WI,27
2012-07-23,CA_1,CA,49
2012-07-23,CA_2,CA,45
2012-07-23,CA_3,CA,68
2012-07-23,TX_1,TX,18
2012-07-23,TX_2,TX,50
2012-07-23,WI_1,WI,38
2012-07-23,WI_2,WI,22
2012-07-24,CA_1,CA,39
2012-07-24,CA_2,CA,40
2012-07-24,CA_3,CA,47
2012-07-24,TX_1,TX,34
2012-07-24,TX_2,TX,61
2012-07-24,WI_1,WI,32
2012-07-24,WI_2,WI,33
2012-07-25,CA_1,CA,41
2012-07-25,CA_2,CA,59
2012-07-25,CA_3,CA,64
2012-07-25,TX_1,TX,22
2012-07-25,TX_2,TX,26
2012-07-25,WI_1,WI,21
2012-07-25,WI_2,WI,17
2012-07-26,CA_1,CA,41
2012-07-26,CA_2,CA,47
2012-07-26,CA_3,CA,64
2012-07-26,TX_1,TX,11
2012-07-26,TX_2,TX,33
2012-07-26,WI_1,WI,36
2012-07-26,WI_2,WI,17
2012-07-27,CA_1,CA,31
2012-07-27,CA_2,CA,37
2012-07-27,CA_3,CA,40
2012-07-27,TX_1,TX,18
2012-07-27,TX_2,TX,45
2012-07-27,WI_1,WI,31
2012-07-27,WI_2,WI,19
2012-07-28,CA_1,CA,48
2012-07-28,CA_2,CA,77
2012-07-28,CA_3,CA,74
2012-07-28,TX_1,TX,34
2012-07-28,TX_2,TX,49
2012-07-28,WI_1,WI,26
2012-07-28,WI_2,WI,22
2012-07-29,CA_1,CA,41
2012-07-29,CA_2,CA,88
2012-07-29,CA_3,CA,77
2012-07-29,TX_1,TX,36
2012-07-29,TX_2,TX,46
2012-07-29,WI_1,WI,38
2012-07-29,WI_2,WI,20
2012-07-30,CA_1,CA,39
2012-07-30,CA_2,CA,49
2012-07-30,CA_3,CA,35
2012-07-30,TX_1,TX,29
2012-07-30,TX_2,TX,28
2012-07-30,WI_1,WI,22
2012-07-30,WI_2,WI,17
2012-07-31,CA_1,CA,33
2012-07-31,CA_2,CA,52
2012-07-31,CA_3,CA,52
2012-07-31,TX_1,TX,23
2012-07-31,TX_2,TX,53
2012-07-31,WI_1,WI,26
2012-07-31,WI_2,WI,32
2012-08-01,CA_1,CA,45
2012-08-01,CA_2,CA,55
2012-08-01,CA_3,CA,45
2012-08-01,TX_1,TX,18
2012-08-01,TX_2,TX,53
2012-08-01,WI_1,WI,30
2012-08-01,WI_2,WI,31
2012-08-02,CA_1,CA,62
2012-08-02,CA_2,CA,61
2012-08-02,CA_3,CA,70
2012-08-02,TX_1,TX,29
2012-08-02,TX_2,TX,35
2012-08-02,WI_1,WI,19
2012-08-02,WI_2,WI,23
2012-08-03,CA_1,CA,42
2012-08-03,CA_2,CA,48
2012-08-03,CA_3,CA,67
2012-08-03,TX_1,TX,24
2012-08-03,TX_2,TX,52
2012-08-03,WI_1,WI,27
2012-08-03,WI_2,WI,35
2012-08-04,CA_1,CA,71
2012-08-04,CA_2,CA,73
2012-08-04,CA_3,CA,81
2012-08-04,TX_1,TX,35
2012-08-04,TX_2,TX,62
2012-08-04,WI_1,WI,32
2012-08-04,WI_2,WI,28
2012-08-05,CA_1,CA,51
2012-08-05,CA_2,CA,66
2012-08-05,CA_3,CA,89
2012-08-05,TX_1,TX,34
2012-08-05,TX_2,TX,55
2012-08-05,WI_1,WI,24
2012-08-05,WI_2,WI,38
2012-08-06,CA_1,CA,56
2012-08-06,CA_2,CA,63
2012-08-06,CA_3,CA,72
2012-08-06,TX_1,TX,43
2012-08-06,TX_2,TX,56
2012-08-06,WI_1,WI,21
2012-08-06,WI_2,WI,30
2012-08-07,CA_1,CA,61
2012-08-07,CA_2,CA,62
2012-08-07,CA_3,CA,38
2012-08-07,TX_1,TX,33
2012-08-07,TX_2,TX,55
2012-08-07,WI_1,WI,16
2012-08-07,WI_2,WI,19
2012-08-08,CA_1,CA,49
2012-08-08,CA_2,CA,51
2012-08-08,CA_3,CA,56
2012-08-08,TX_1,TX,23
2012-08-08,TX_2,TX,50
2012-08-08,WI_1,WI,16
2012-08-08,WI_2,WI,39
2012-08-09,CA_1,CA,61
2012-08-09,CA_2,CA,63
2012-08-09,CA_3,CA,66
2012-08-09,TX_1,TX,35
2012-08-09,TX_2,TX,36
2012-08-09,WI_1,WI,25
2012-08-09,WI_2,WI,28
2012-08-10,CA_1,CA,58
2012-08-10,CA_2,CA,58
2012-08-10,CA_3,CA,86
2012-08-10,TX_1,TX,43
2012-08-10,TX_2,TX,37
2012-08-10,WI_1,WI,25
2012-08-10,WI_2,WI,46
2012-08-11,CA_1,CA,100
2012-08-11,CA_2,CA,79
2012-08-11,CA_3,CA,87
2012-08-11,TX_1,TX,42
2012-08-11,TX_2,TX,90
2012-08-11,WI_1,WI,30
2012-08-11,WI_2,WI,26
2012-08-12,CA_1,CA,66
2012-08-12,CA_2,CA,84
2012-08-12,CA_3,CA,126
2012-08-12,TX_1,TX,61
2012-08-12,TX_2,TX,85
2012-08-12,WI_1,WI,35
2012-08-12,WI_2,WI,29
2012-08-13,CA_1,CA,38
2012-08-13,CA_2,CA,72
2012-08-13,CA_3,CA,82
2012-08-13,TX_1,TX,33
2012-08-13,TX_2,TX,69
2012-08-13,WI_1,WI,28
2012-08-13,WI_2,WI,19
2012-08-14,CA_1,CA,52
2012-08-14,CA_2,CA,60
2012-08-14,CA_3,CA,57
2012-08-14,TX_1,TX,45
2012-08-14,TX_2,TX,59
2012-08-14,WI_1,WI,32
2012-08-14,WI_2,WI,45
2012-08-15,CA_1,CA,60
2012-08-15,CA_2,CA,68
2012-08-15,CA_3,CA,54
2012-08-15,TX_1,TX,46
2012-08-15,TX_2,TX,42
2012-08-15,WI_1,WI,32
2012-08-15,WI_2,WI,38
2012-08-16,CA_1,CA,48
2012-08-16,CA_2,CA,50
2012-08-16,CA_3,CA,91
2012-08-16,TX_1,TX,48
2012-08-16,TX_2,TX,40
2012-08-16,WI_1,WI,25
2012-08-16,WI_2,WI,26
2012-08-17,CA_1,CA,71
2012-08-17,CA_2,CA,73
2012-08-17,CA_3,CA,66
2012-08-17,TX_1,TX,22
2012-08-17,TX_2,TX,72
2012-08-17,WI_1,WI,39
2012-08-17,WI_2,WI,35
2012-08-18,CA_1,CA,328
2012-08-18,CA_2,CA,101
2012-08-18,CA_3,CA,81
2012-08-18,TX_1,TX,47
2012-08-18,TX_2,TX,67
2012-08-18,WI_1,WI,50
2012-08-18,WI_2,WI,33
2012-08-19,CA_1,CA,61
2012-08-19,CA_2,CA,78
2012-08-19,CA_3,CA,106
2012-08-19,TX_1,TX,56
2012-08-19,TX_2,TX,61
2012-08-19,WI_1,WI,40
2012-08-19,WI_2,WI,19
2012-08-20,CA_1,CA,67
2012-08-20,CA_2,CA,57
2012-08-20,CA_3,CA,46
2012-08-20,TX_1,TX,28
2012-08-20,TX_2,TX,38
2012-08-20,WI_1,WI,23
2012-08-20,WI_2,WI,31
2012-08-21,CA_1,CA,49
2012-08-21,CA_2,CA,57
2012-08-21,CA_3,CA,77
2012-08-21,TX_1,TX,38
2012-08-21,TX_2,TX,77
2012-08-21,WI_1,WI,21
2012-08-21,WI_2,WI,40
2012-08-22,CA_1,CA,25
2012-08-22,CA_2,CA,66
2012-08-22,CA_3,CA,65
2012-08-22,TX_1,TX,33
2012-08-22,TX_2,TX,70
2012-08-22,WI_1,WI,20
2012-08-22,WI_2,WI,24
2012-08-23,CA_1,CA,53
2012-08-23,CA_2,CA,62
2012-08-23,CA_3,CA,78
2012-08-23,TX_1,TX,45
2012-08-23,TX_2,TX,79
2012-08-23,WI_1,WI,32
2012-08-23,WI_2,WI,29
2012-08-24,CA_1,CA,27
2012-08-24,CA_2,CA,82
2012-08-24,CA_3,CA,67
2012-08-24,TX_1,TX,38
2012-08-24,TX_2,TX,57
2012-08-24,WI_1,WI,31
2012-08-24,WI_2,WI,32
2012-08-25,CA_1,CA,61
2012-08-25,CA_2,CA,125
2012-08-25,CA_3,CA,61
2012-08-25,TX_1,TX,47
2012-08-25,TX_2,TX,92
2012-08-25,WI_1,WI,42
2012-08-25,WI_2,WI,19
2012-08-26,CA_1,CA,53
2012-08-26,CA_2,CA,54
2012-08-26,CA_3,CA,88
2012-08-26,TX_1,TX,29
2012-08-26,TX_2,TX,49
2012-08-26,WI_1,WI,25
2012-08-26,WI_2,WI,31
2012-08-27,CA_1,CA,26
2012-08-27,CA_2,CA,65
2012-08-27,CA_3,CA,54
2012-08-27,TX_1,TX,22
2012-08-27,TX_2,TX,35
2012-08-27,WI_1,WI,24
2012-08-27,WI_2,WI,24
2012-08-28,CA_1,CA,38
2012-08-28,CA_2,CA,31
2012-08-28,CA_3,CA,69
2012-08-28,TX_1,TX,31
2012-08-28,TX_2,TX,52
2012-08-28,WI_1,WI,22
2012-08-28,WI_2,WI,24
2012-08-29,CA_1,CA,45
2012-08-29,CA_2,CA,38
2012-08-29,CA_3,CA,68
2012-08-29,TX_1,TX,33
2012-08-29,TX_2,TX,52
2012-08-29,WI_1,WI,18
2012-08-29,WI_2,WI,27
2012-08-30,CA_1,CA,86
2012-08-30,CA_2,CA,41
2012-08-30,CA_3,CA,46
2012-08-30,TX_1,TX,27
2012-08-30,TX_2,TX,71
2012-08-30,WI_1,WI,24
2012-08-30,WI_2,WI,20
2012-08-31,CA_1,CA,49
2012-08-31,CA_2,CA,79
2012-08-31,CA_3,CA,69
2012-08-31,TX_1,TX,29
2012-08-31,TX_2,TX,59
2012-08-31,WI_1,WI,26
2012-08-31,WI_2,WI,29
2012-09-01,CA_1,CA,491
2012-09-01,CA_2,CA,72
2012-09-01,CA_3,CA,59
2012-09-01,TX_1,TX,40
2012-09-01,TX_2,TX,80
2012-09-01,WI_1,WI,23
2012-09-01,WI_2,WI,27
2012-09-02,CA_1,CA,46
2012-09-02,CA_2,CA,115
2012-09-02,CA_3,CA,65
2012-09-02,TX_1,TX,42
2012-09-02,TX_2,TX,69
2012-09-02,WI_1,WI,23
2012-09-02,WI_2,WI,43
2012-09-03,CA_1,CA,60
2012-09-03,CA_2,CA,111
2012-09-03,CA_3,CA,97
2012-09-03,TX_1,TX,55
2012-09-03,TX_2,TX,82
2012-09-03,WI_1,WI,29
2012-09-03,WI_2,WI,42
2012-09-04,CA_1,CA,62
2012-09-04,CA_2,CA,71
2012-09-04,CA_3,CA,39
2012-09-04,TX_1,TX,29
2012-09-04,TX_2,TX,43
2012-09-04,WI_1,WI,28
2012-09-04,WI_2,WI,20
2012-09-05,CA_1,CA,44
2012-09-05,CA_2,CA,64
2012-09-05,CA_3,CA,71
2012-09-05,TX_1,TX,33
2012-09-05,TX_2,TX,74
2012-09-05,WI_1,WI,19
2012-09-05,WI_2,WI,37
2012-09-06,CA_1,CA,45
2012-09-06,CA_2,CA,59
2012-09-06,CA_3,CA,85
2012-09-06,TX_1,TX,30
2012-09-06,TX_2,TX,58
2012-09-06,WI_1,WI,24
2012-09-06,WI_2,WI,36
2012-09-07,CA_1,CA,63
2012-09-07,CA_2,CA,43
2012-09-07,CA_3,CA,101
2012-09-07,TX_1,TX,45
2012-09-07,TX_2,TX,60
2012-09-07,WI_1,WI,28
2012-09-07,WI_2,WI,35
2012-09-08,CA_1,CA,86
2012-09-08,CA_2,CA,81
2012-09-08,CA_3,CA,83
2012-09-08,TX_1,TX,37
2012-09-08,TX_2,TX,81
2012-09-08,WI_1,WI,40
2012-09-08,WI_2,WI,54
2012-09-09,CA_1,CA,68
2012-09-09,CA_2,CA,73
2012-09-09,CA_3,CA,96
2012-09-09,TX_1,TX,48
2012-09-09,TX_2,TX,92
2012-09-09,WI_1,WI,33
2012-09-09,WI_2,WI,36
2012-09-10,CA_1,CA,49
2012-09-10,CA_2,CA,49
2012-09-10,CA_3,CA,105
2012-09-10,TX_1,TX,21
2012-09-10,TX_2,TX,53
2012-09-10,WI_1,WI,23
2012-09-10,WI_2,WI,27
2012-09-11,CA_1,CA,39
2012-09-11,CA_2,CA,49
2012-09-11,CA_3,CA,76
2012-09-11,TX_1,TX,33
2012-09-11,TX_2,TX,49
2012-09-11,WI_1,WI,19
2012-09-11,WI_2,WI,34
2012-09-12,CA_1,CA,48
2012-09-12,CA_2,CA,47
2012-09-12,CA_3,CA,58
2012-09-12,TX_1,TX,23
2012-09-12,TX_2,TX,44
2012-09-12,WI_1,WI,19
2012-09-12,WI_2,WI,30
2012-09-13,CA_1,CA,91
2012-09-13,CA_2,CA,63
2012-09-13,CA_3,CA,79
2012-09-13,TX_1,TX,31
2012-09-13,TX_2,TX,50
2012-09-13,WI_1,WI,30
2012-09-13,WI_2,WI,29
2012-09-14,CA_1,CA,67
2012-09-14,CA_2,CA,59
2012-09-14,CA_3,CA,75
2012-09-14,TX_1,TX,35
2012-09-14,TX_2,TX,55
2012-09-14,WI_1,WI,43
2012-09-14,WI_2,WI,54
2012-09-15,CA_1,CA,79
2012-09-15,CA_2,CA,76
2012-09-15,CA_3,CA,88
2012-09-15,TX_1,TX,28
2012-09-15,TX_2,TX,65
2012-09-15,WI_1,WI,35
2012-09-15,WI_2,WI,42
2012-09-16,CA_1,CA,58
2012-09-16,CA_2,CA,97
2012-09-16,CA_3,CA,87
2012-09-16,TX_1,TX,62
2012-09-16,TX_2,TX,60
2012-09-16,WI_1,WI,50
2012-09-16,WI_2,WI,32
2012-09-17,CA_1,CA,45
2012-09-17,CA_2,CA,59
2012-09-17,CA_3,CA,84
2012-09-17,TX_1,TX,28
2012-09-17,TX_2,TX,63
2012-09-17,WI_1,WI,41
2012-09-17,WI_2,WI,33
2012-09-18,CA_1,CA,45
2012-09-18,CA_2,CA,62
2012-09-18,CA_3,CA,78
2012-09-18,TX_1,TX,17
2012-09-18,TX_2,TX,54
2012-09-18,WI_1,WI,26
2012-09-18,WI_2,WI,51
2012-09-19,CA_1,CA,50
2012-09-19,CA_2,CA,46
2012-09-19,CA_3,CA,54
2012-09-19,TX_1,TX,16
2012-09-19,TX_2,TX,39
2012-09-19,WI_1,WI,24
2012-09-19,WI_2,WI,24
2012-09-20,CA_1,CA,38
2012-09-20,CA_2,CA,68
2012-09-20,CA_3,CA,40
2012-09-20,TX_1,TX,31
2012-09-20,TX_2,TX,35
2012-09-20,WI_1,WI,22
2012-09-20,WI_2,WI,24
2012-09-21,CA_1,CA,44
2012-09-21,CA_2,CA,62
2012-09-21,CA_3,CA,41
2012-09-21,TX_1,TX,36
2012-09-21,TX_2,TX,48
2012-09-21,WI_1,WI,45
2012-09-21,WI_2,WI,37
2012-09-22,CA_1,CA,92
2012-09-22,CA_2,CA,99
2012-09-22,CA_3,CA,71
2012-09-22,TX_1,TX,43
2012-09-22,TX_2,TX,62
2012-09-22,WI_1,WI,43
2012-09-22,WI_2,WI,35
2012-09-23,CA_1,CA,71
2012-09-23,CA_2,CA,64
2012-09-23,CA_3,CA,85
2012-09-23,TX_1,TX,24
2012-09-23,TX_2,TX,58
2012-09-23,WI_1,WI,55
2012-09-23,WI_2,WI,29
2012-09-24,CA_1,CA,53
2012-09-24,CA_2,CA,54
2012-09-24,CA_3,CA,85
2012-09-24,TX_1,TX,23
2012-09-24,TX_2,TX,33
2012-09-24,WI_1,WI,26
2012-09-24,WI_2,WI,26
2012-09-25,CA_1,CA,31
2012-09-25,CA_2,CA,52
2012-09-25,CA_3,CA,60
2012-09-25,TX_1,TX,12
2012-09-25,TX_2,TX,51
2012-09-25,WI_1,WI,20
2012-09-25,WI_2,WI,27
2012-09-26,CA_1,CA,30
2012-09-26,CA_2,CA,44
2012-09-26,CA_3,CA,51
2012-09-26,TX_1,TX,23
2012-09-26,TX_2,TX,40
2012-09-26,WI_1,WI,44
2012-09-26,WI_2,WI,19
2012-09-27,CA_1,CA,71
2012-09-27,CA_2,CA,72
2012-09-27,CA_3,CA,64
2012-09-27,TX_1,TX,23
2012-09-27,TX_2,TX,27
2012-09-27,WI_1,WI,26
2012-09-27,WI_2,WI,26
2012-09-28,CA_1,CA,57
2012-09-28,CA_2,CA,59
2012-09-28,CA_3,CA,47
2012-09-28,TX_1,TX,14
2012-09-28,TX_2,TX,37
2012-09-28,WI_1,WI,28
2012-09-28,WI_2,WI,27
2012-09-29,CA_1,CA,81
2012-09-29,CA_2,CA,90
2012-09-29,CA_3,CA,83
2012-09-29,TX_1,TX,62
2012-09-29,TX_2,TX,74
2012-09-29,WI_1,WI,33
2012-09-29,WI_2,WI,31
2012-09-30,CA_1,CA,88
2012-09-30,CA_2,CA,94
2012-09-30,CA_3,CA,81
2012-09-30,TX_1,TX,32
2012-09-30,TX_2,TX,69
2012-09-30,WI_1,WI,36
2012-09-30,WI_2,WI,23
2012-10-01,CA_1,CA,49
2012-10-01,CA_2,CA,53
2012-10-01,CA_3,CA,91
2012-10-01,TX_1,TX,39
2012-10-01,TX_2,TX,66
2012-10-01,WI_1,WI,20
2012-10-01,WI_2,WI,29
2012-10-02,CA_1,CA,45
2012-10-02,CA_2,CA,36
2012-10-02,CA_3,CA,62
2012-10-02,TX_1,TX,23
2012-10-02,TX_2,TX,33
2012-10-02,WI_1,WI,20
2012-10-02,WI_2,WI,16
2012-10-03,CA_1,CA,57
2012-10-03,CA_2,CA,51
2012-10-03,CA_3,CA,63
2012-10-03,TX_1,TX,28
2012-10-03,TX_2,TX,28
2012-10-03,WI_1,WI,22
2012-10-03,WI_2,WI,37
2012-10-04,CA_1,CA,63
2012-10-04,CA_2,CA,51
2012-10-04,CA_3,CA,74
2012-10-04,TX_1,TX,15
2012-10-04,TX_2,TX,60
2012-10-04,WI_1,WI,15
2012-10-04,WI_2,WI,36
2012-10-05,CA_1,CA,45
2012-10-05,CA_2,CA,57
2012-10-05,CA_3,CA,96
2012-10-05,TX_1,TX,26
2012-10-05,TX_2,TX,53
2012-10-05,WI_1,WI,20
2012-10-05,WI_2,WI,27
2012-10-06,CA_1,CA,75
2012-10-06,CA_2,CA,60
2012-10-06,CA_3,CA,94
2012-10-06,TX_1,TX,27
2012-10-06,TX_2,TX,53
2012-10-06,WI_1,WI,24
2012-10-06,WI_2,WI,33
2012-10-07,CA_1,CA,52
2012-10-07,CA_2,CA,93
2012-10-07,CA_3,CA,85
2012-10-07,TX_1,TX,28
2012-10-07,TX_2,TX,58
2012-10-07,WI_1,WI,13
2012-10-07,WI_2,WI,30
2012-10-08,CA_1,CA,52
2012-10-08,CA_2,CA,55
2012-10-08,CA_3,CA,84
2012-10-08,TX_1,TX,18
2012-10-08,TX_2,TX,50
2012-10-08,WI_1,WI,13
2012-10-08,WI_2,WI,34
2012-10-09,CA_1,CA,51
2012-10-09,CA_2,CA,32
2012-10-09,CA_3,CA,71
2012-10-09,TX_1,TX,13
2012-10-09,TX_2,TX,70
2012-10-09,WI_1,WI,5
2012-10-09,WI_2,WI,47
2012-10-10,CA_1,CA,22
2012-10-10,CA_2,CA,39
2012-10-10,CA_3,CA,56
2012-10-10,TX_1,TX,23
2012-10-10,TX_2,TX,48
2012-10-10,WI_1,WI,11
2012-10-10,WI_2,WI,31
2012-10-11,CA_1,CA,54
2012-10-11,CA_2,CA,42
2012-10-11,CA_3,CA,63
2012-10-11,TX_1,TX,10
2012-10-11,TX_2,TX,22
2012-10-11,WI_1,WI,11
2012-10-11,WI_2,WI,20
2012-10-12,CA_1,CA,35
2012-10-12,CA_2,CA,59
2012-10-12,CA_3,CA,90
2012-10-12,TX_1,TX,19
2012-10-12,TX_2,TX,34
2012-10-12,WI_1,WI,21
2012-10-12,WI_2,WI,21
2012-10-13,CA_1,CA,43
2012-10-13,CA_2,CA,75
2012-10-13,CA_3,CA,58
2012-10-13,TX_1,TX,35
2012-10-13,TX_2,TX,84
2012-10-13,WI_1,WI,33
2012-10-13,WI_2,WI,29
2012-10-14,CA_1,CA,42
2012-10-14,CA_2,CA,64
2012-10-14,CA_3,CA,97
2012-10-14,TX_1,TX,17
2012-10-14,TX_2,TX,53
2012-10-14,WI_1,WI,21
2012-10-14,WI_2,WI,17
2012-10-15,CA_1,CA,43
2012-10-15,CA_2,CA,52
2012-10-15,CA_3,CA,57
2012-10-15,TX_1,TX,17
2012-10-15,TX_2,TX,32
2012-10-15,WI_1,WI,9
2012-10-15,WI_2,WI,24
2012-10-16,CA_1,CA,18
2012-10-16,CA_2,CA,43
2012-10-16,CA_3,CA,65
2012-10-16,TX_1,TX,26
2012-10-16,TX_2,TX,26
2012-10-16,WI_1,WI,10
2012-10-16,WI_2,WI,23
2012-10-17,CA_1,CA,49
2012-10-17,CA_2,CA,56
2012-10-17,CA_3,CA,62
2012-10-17,TX_1,TX,10
2012-10-17,TX_2,TX,35
2012-10-17,WI_1,WI,10
2012-10-17,WI_2,WI,18
2012-10-18,CA_1,CA,34
2012-10-18,CA_2,CA,42
2012-10-18,CA_3,CA,56
2012-10-18,TX_1,TX,16
2012-10-18,TX_2,TX,33
2012-10-18,WI_1,WI,5
2012-10-18,WI_2,WI,13
2012-10-19,CA_1,CA,53
2012-10-19,CA_2,CA,62
2012-10-19,CA_3,CA,63
2012-10-19,TX_1,TX,28
2012-10-19,TX_2,TX,57
2012-10-19,WI_1,WI,11
2012-10-19,WI_2,WI,19
2012-10-20,CA_1,CA,62
2012-10-20,CA_2,CA,82
2012-10-20,CA_3,CA,74
2012-10-20,TX_1,TX,24
2012-10-20,TX_2,TX,40
2012-10-20,WI_1,WI,11
2012-10-20,WI_2,WI,24
2012-10-21,CA_1,CA,47
2012-10-21,CA_2,CA,87
2012-10-21,CA_3,CA,81
2012-10-21,TX_1,TX,32
2012-10-21,TX_2,TX,36
2012-10-21,WI_1,WI,11
2012-10-21,WI_2,WI,31
2012-10-22,CA_1,CA,37
2012-10-22,CA_2,CA,53
2012-10-22,CA_3,CA,87
2012-10-22,TX_1,TX,16
2012-10-22,TX_2,TX,31
2012-10-22,WI_1,WI,7
2012-10-22,WI_2,WI,19
2012-10-23,CA_1,CA,34
2012-10-23,CA_2,CA,32
2012-10-23,CA_3,CA,67
2012-10-23,TX_1,TX,20
2012-10-23,TX_2,TX,35
2012-10-23,WI_1,WI,7
2012-10-23,WI_2,WI,22
2012-10-24,CA_1,CA,38
2012-10-24,CA_2,CA,57
2012-10-24,CA_3,CA,59
2012-10-24,TX_1,TX,12
2012-10-24,TX_2,TX,45
2012-10-24,WI_1,WI,12
2012-10-24,WI_2,WI,16
2012-10-25,CA_1,CA,28
2012-10-25,CA_2,CA,49
2012-10-25,CA_3,CA,50
2012-10-25,TX_1,TX,12
2012-10-25,TX_2,TX,31
2012-10-25,WI_1,WI,3
2012-10-25,WI_2,WI,22
2012-10-26,CA_1,CA,39
2012-10-26,CA_2,CA,51
2012-10-26,CA_3,CA,53
2012-10-26,TX_1,TX,31
2012-10-26,TX_2,TX,28
2012-10-26,WI_1,WI,41
2012-10-26,WI_2,WI,31
2012-10-27,CA_1,CA,42
2012-10-27,CA_2,CA,60
2012-10-27,CA_3,CA,64
2012-10-27,TX_1,TX,22
2012-10-27,TX_2,TX,47
2012-10-27,WI_1,WI,39
2012-10-27,WI_2,WI,29
2012-10-28,CA_1,CA,80
2012-10-28,CA_2,CA,39
2012-10-28,CA_3,CA,95
2012-10-28,TX_1,TX,22
2012-10-28,TX_2,TX,32
2012-10-28,WI_1,WI,39
2012-10-28,WI_2,WI,23
2012-10-29,CA_1,CA,61
2012-10-29,CA_2,CA,15
2012-10-29,CA_3,CA,67
2012-10-29,TX_1,TX,15
2012-10-29,TX_2,TX,53
2012-10-29,WI_1,WI,26
2012-10-29,WI_2,WI,30
2012-10-30,CA_1,CA,32
2012-10-30,CA_2,CA,41
2012-10-30,CA_3,CA,61
2012-10-30,TX_1,TX,20
2012-10-30,TX_2,TX,53
2012-10-30,WI_1,WI,21
2012-10-30,WI_2,WI,32
2012-10-31,CA_1,CA,28
2012-10-31,CA_2,CA,50
2012-10-31,CA_3,CA,57
2012-10-31,TX_1,TX,20
2012-10-31,TX_2,TX,30
2012-10-31,WI_1,WI,17
2012-10-31,WI_2,WI,27
2012-11-01,CA_1,CA,29
2012-11-01,CA_2,CA,57
2012-11-01,CA_3,CA,59
2012-11-01,TX_1,TX,23
2012-11-01,TX_2,TX,33
2012-11-01,WI_1,WI,30
2012-11-01,WI_2,WI,38
2012-11-02,CA_1,CA,53
2012-11-02,CA_2,CA,65
2012-11-02,CA_3,CA,53
2012-11-02,TX_1,TX,28
2012-11-02,TX_2,TX,50
2012-11-02,WI_1,WI,51
2012-11-02,WI_2,WI,32
2012-11-03,CA_1,CA,61
2012-11-03,CA_2,CA,66
2012-11-03,CA_3,CA,61
2012-11-03,TX_1,TX,29
2012-11-03,TX_2,TX,56
2012-11-03,WI_1,WI,54
2012-11-03,WI_2,WI,40
2012-11-04,CA_1,CA,58
2012-11-04,CA_2,CA,37
2012-11-04,CA_3,CA,112
2012-11-04,TX_1,TX,35
2012-11-04,TX_2,TX,54
2012-11-04,WI_1,WI,40
2012-11-04,WI_2,WI,26
2012-11-05,CA_1,CA,33
2012-11-05,CA_2,CA,47
2012-11-05,CA_3,CA,54
2012-11-05,TX_1,TX,24
2012-11-05,TX_2,TX,50
2012-11-05,WI_1,WI,23
2012-11-05,WI_2,WI,34
2012-11-06,CA_1,CA,39
2012-11-06,CA_2,CA,39
2012-11-06,CA_3,CA,49
2012-11-06,TX_1,TX,29
2012-11-06,TX_2,TX,36
2012-11-06,WI_1,WI,20
2012-11-06,WI_2,WI,41
2012-11-07,CA_1,CA,51
2012-11-07,CA_2,CA,74
2012-11-07,CA_3,CA,49
2012-11-07,TX_1,TX,23
2012-11-07,TX_2,TX,35
2012-11-07,WI_1,WI,19
2012-11-07,WI_2,WI,25
2012-11-08,CA_1,CA,36
2012-11-08,CA_2,CA,35
2012-11-08,CA_3,CA,66
2012-11-08,TX_1,TX,31
2012-11-08,TX_2,TX,40
2012-11-08,WI_1,WI,29
2012-11-08,WI_2,WI,27
2012-11-09,CA_1,CA,62
2012-11-09,CA_2,CA,40
2012-11-09,CA_3,CA,53
2012-11-09,TX_1,TX,10
2012-11-09,TX_2,TX,46
2012-11-09,WI_1,WI,32
2012-11-09,WI_2,WI,28
2012-11-10,CA_1,CA,56
2012-11-10,CA_2,CA,77
2012-11-10,CA_3,CA,82
2012-11-10,TX_1,TX,29
2012-11-10,TX_2,TX,52
2012-11-10,WI_1,WI,39
2012-11-10,WI_2,WI,35
2012-11-11,CA_1,CA,54
2012-11-11,CA_2,CA,44
2012-11-11,CA_3,CA,88
2012-11-11,TX_1,TX,41
2012-11-11,TX_2,TX,51
2012-11-11,WI_1,WI,48
2012-11-11,WI_2,WI,39
2012-11-12,CA_1,CA,33
2012-11-12,CA_2,CA,41
2012-11-12,CA_3,CA,58
2012-11-12,TX_1,TX,11
2012-11-12,TX_2,TX,39
2012-11-12,WI_1,WI,29
2012-11-12,WI_2,WI,41
2012-11-13,CA_1,CA,30
2012-11-13,CA_2,CA,28
2012-11-13,CA_3,CA,53
2012-11-13,TX_1,TX,61
2012-11-13,TX_2,TX,36
2012-11-13,WI_1,WI,22
2012-11-13,WI_2,WI,28
2012-11-14,CA_1,CA,20
2012-11-14,CA_2,CA,33
2012-11-14,CA_3,CA,58
2012-11-14,TX_1,TX,17
2012-11-14,TX_2,TX,27
2012-11-14,WI_1,WI,18
2012-11-14,WI_2,WI,33
2012-11-15,CA_1,CA,27
2012-11-15,CA_2,CA,34
2012-11-15,CA_3,CA,71
2012-11-15,TX_1,TX,14
2012-11-15,TX_2,TX,53
2012-11-15,WI_1,WI,29
2012-11-15,WI_2,WI,30
2012-11-16,CA_1,CA,43
2012-11-16,CA_2,CA,45
2012-11-16,CA_3,CA,57
2012-11-16,TX_1,TX,15
2012-11-16,TX_2,TX,40
2012-11-16,WI_1,WI,31
2012-11-16,WI_2,WI,36
2012-11-17,CA_1,CA,182
2012-11-17,CA_2,CA,86
2012-11-17,CA_3,CA,101
2012-11-17,TX_1,TX,25
2012-11-17,TX_2,TX,54
2012-11-17,WI_1,WI,50
2012-11-17,WI_2,WI,27
2012-11-18,CA_1,CA,76
2012-11-18,CA_2,CA,40
2012-11-18,CA_3,CA,78
2012-11-18,TX_1,TX,25
2012-11-18,TX_2,TX,42
2012-11-18,WI_1,WI,41
2012-11-18,WI_2,WI,27
2012-11-19,CA_1,CA,22
2012-11-19,CA_2,CA,26
2012-11-19,CA_3,CA,45
2012-11-19,TX_1,TX,11
2012-11-19,TX_2,TX,38
2012-11-19,WI_1,WI,21
2012-11-19,WI_2,WI,31
2012-11-20,CA_1,CA,39
2012-11-20,CA_2,CA,34
2012-11-20,CA_3,CA,53
2012-11-20,TX_1,TX,40
2012-11-20,TX_2,TX,44
2012-11-20,WI_1,WI,26
2012-11-20,WI_2,WI,25
2012-11-21,CA_1,CA,46
2012-11-21,CA_2,CA,44
2012-11-21,CA_3,CA,92
2012-11-21,TX_1,TX,30
2012-11-21,TX_2,TX,41
2012-11-21,WI_1,WI,42
2012-11-21,WI_2,WI,30
2012-11-22,CA_1,CA,23
2012-11-22,CA_2,CA,17
2012-11-22,CA_3,CA,43
2012-11-22,TX_1,TX,11
2012-11-22,TX_2,TX,35
2012-11-22,WI_1,WI,15
2012-11-22,WI_2,WI,9
2012-11-23,CA_1,CA,28
2012-11-23,CA_2,CA,49
2012-11-23,CA_3,CA,59
2012-11-23,TX_1,TX,11
2012-11-23,TX_2,TX,40
2012-11-23,WI_1,WI,20
2012-11-23,WI_2,WI,28
2012-11-24,CA_1,CA,22
2012-11-24,CA_2,CA,23
2012-11-24,CA_3,CA,77
2012-11-24,TX_1,TX,20
2012-11-24,TX_2,TX,33
2012-11-24,WI_1,WI,72
2012-11-24,WI_2,WI,31
2012-11-25,CA_1,CA,55
2012-11-25,CA_2,CA,67
2012-11-25,CA_3,CA,74
2012-11-25,TX_1,TX,13
2012-11-25,TX_2,TX,43
2012-11-25,WI_1,WI,42
2012-11-25,WI_2,WI,18
2012-11-26,CA_1,CA,34
2012-11-26,CA_2,CA,32
2012-11-26,CA_3,CA,49
2012-11-26,TX_1,TX,15
2012-11-26,TX_2,TX,36
2012-11-26,WI_1,WI,15
2012-11-26,WI_2,WI,21
2012-11-27,CA_1,CA,20
2012-11-27,CA_2,CA,30
2012-11-27,CA_3,CA,67
2012-11-27,TX_1,TX,12
2012-11-27,TX_2,TX,42
2012-11-27,WI_1,WI,21
2012-11-27,WI_2,WI,18
2012-11-28,CA_1,CA,21
2012-11-28,CA_2,CA,31
2012-11-28,CA_3,CA,50
2012-11-28,TX_1,TX,16
2012-11-28,TX_2,TX,41
2012-11-28,WI_1,WI,9
2012-11-28,WI_2,WI,21
2012-11-29,CA_1,CA,27
2012-11-29,CA_2,CA,29
2012-11-29,CA_3,CA,48
2012-11-29,TX_1,TX,25
2012-11-29,TX_2,TX,34
2012-11-29,WI_1,WI,27
2012-11-29,WI_2,WI,21
2012-11-30,CA_1,CA,22
2012-11-30,CA_2,CA,42
2012-11-30,CA_3,CA,51
2012-11-30,TX_1,TX,20
2012-11-30,TX_2,TX,49
2012-11-30,WI_1,WI,27
2012-11-30,WI_2,WI,49
2012-12-01,CA_1,CA,62
2012-12-01,CA_2,CA,65
2012-12-01,CA_3,CA,60
2012-12-01,TX_1,TX,24
2012-12-01,TX_2,TX,46
2012-12-01,WI_1,WI,47
2012-12-01,WI_2,WI,29
2012-12-02,CA_1,CA,36
2012-12-02,CA_2,CA,39
2012-12-02,CA_3,CA,67
2012-12-02,TX_1,TX,29
2012-12-02,TX_2,TX,41
2012-12-02,WI_1,WI,37
2012-12-02,WI_2,WI,44
2012-12-03,CA_1,CA,31
2012-12-03,CA_2,CA,40
2012-12-03,CA_3,CA,95
2012-12-03,TX_1,TX,27
2012-12-03,TX_2,TX,42
2012-12-03,WI_1,WI,42
2012-12-03,WI_2,WI,37
2012-12-04,CA_1,CA,46
2012-12-04,CA_2,CA,43
2012-12-04,CA_3,CA,74
2012-12-04,TX_1,TX,20
2012-12-04,TX_2,TX,34
2012-12-04,WI_1,WI,29
2012-12-04,WI_2,WI,27
2012-12-05,CA_1,CA,37
2012-12-05,CA_2,CA,35
2012-12-05,CA_3,CA,59
2012-12-05,TX_1,TX,19
2012-12-05,TX_2,TX,48
2012-12-05,WI_1,WI,29
2012-12-05,WI_2,WI,34
2012-12-06,CA_1,CA,44
2012-12-06,CA_2,CA,54
2012-12-06,CA_3,CA,53
2012-12-06,TX_1,TX,28
2012-12-06,TX_2,TX,39
2012-12-06,WI_1,WI,25
2012-12-06,WI_2,WI,56
2012-12-07,CA_1,CA,49
2012-12-07,CA_2,CA,42
2012-12-07,CA_3,CA,92
2012-12-07,TX_1,TX,33
2012-12-07,TX_2,TX,49
2012-12-07,WI_1,WI,36
2012-12-07,WI_2,WI,26
2012-12-08,CA_1,CA,63
2012-12-08,CA_2,CA,79
2012-12-08,CA_3,CA,50
2012-12-08,TX_1,TX,28
2012-12-08,TX_2,TX,40
2012-12-08,WI_1,WI,41
2012-12-08,WI_2,WI,65
2012-12-09,CA_1,CA,39
2012-12-09,CA_2,CA,55
2012-12-09,CA_3,CA,70
2012-12-09,TX_1,TX,20
2012-12-09,TX_2,TX,36
2012-12-09,WI_1,WI,46
2012-12-09,WI_2,WI,31
2012-12-10,CA_1,CA,56
2012-12-10,CA_2,CA,44
2012-12-10,CA_3,CA,54
2012-12-10,TX_1,TX,18
2012-12-10,TX_2,TX,35
2012-12-10,WI_1,WI,27
2012-12-10,WI_2,WI,24
2012-12-11,CA_1,CA,41
2012-12-11,CA_2,CA,36
2012-12-11,CA_3,CA,67
2012-12-11,TX_1,TX,12
2012-12-11,TX_2,TX,13
2012-12-11,WI_1,WI,17
2012-12-11,WI_2,WI,20
2012-12-12,CA_1,CA,53
2012-12-12,CA_2,CA,41
2012-12-12,CA_3,CA,46
2012-12-12,TX_1,TX,28
2012-12-12,TX_2,TX,30
2012-12-12,WI_1,WI,24
2012-12-12,WI_2,WI,49
2012-12-13,CA_1,CA,33
2012-12-13,CA_2,CA,40
2012-12-13,CA_3,CA,65
2012-12-13,TX_1,TX,26
2012-12-13,TX_2,TX,40
2012-12-13,WI_1,WI,30
2012-12-13,WI_2,WI,23
2012-12-14,CA_1,CA,46
2012-12-14,CA_2,CA,41
2012-12-14,CA_3,CA,39
2012-12-14,TX_1,TX,21
2012-12-14,TX_2,TX,48
2012-12-14,WI_1,WI,48
2012-12-14,WI_2,WI,49
2012-12-15,CA_1,CA,54
2012-12-15,CA_2,CA,62
2012-12-15,CA_3,CA,88
2012-12-15,TX_1,TX,33
2012-12-15,TX_2,TX,46
2012-12-15,WI_1,WI,57
2012-12-15,WI_2,WI,34
2012-12-16,CA_1,CA,82
2012-12-16,CA_2,CA,70
2012-12-16,CA_3,CA,69
2012-12-16,TX_1,TX,27
2012-12-16,TX_2,TX,32
2012-12-16,WI_1,WI,27
2012-12-16,WI_2,WI,22
2012-12-17,CA_1,CA,33
2012-12-17,CA_2,CA,24
2012-12-17,CA_3,CA,56
2012-12-17,TX_1,TX,37
2012-12-17,TX_2,TX,44
2012-12-17,WI_1,WI,33
2012-12-17,WI_2,WI,38
2012-12-18,CA_1,CA,47
2012-12-18,CA_2,CA,65
2012-12-18,CA_3,CA,67
2012-12-18,TX_1,TX,28
2012-12-18,TX_2,TX,54
2012-12-18,WI_1,WI,33
2012-12-18,WI_2,WI,35
2012-12-19,CA_1,CA,41
2012-12-19,CA_2,CA,42
2012-12-19,CA_3,CA,85
2012-12-19,TX_1,TX,37
2012-12-19,TX_2,TX,43
2012-12-19,WI_1,WI,39
2012-12-19,WI_2,WI,35
2012-12-20,CA_1,CA,50
2012-12-20,CA_2,CA,43
2012-12-20,CA_3,CA,92
2012-12-20,TX_1,TX,23
2012-12-20,TX_2,TX,51
2012-12-20,WI_1,WI,28
2012-12-20,WI_2,WI,27
2012-12-21,CA_1,CA,58
2012-12-21,CA_2,CA,42
2012-12-21,CA_3,CA,72
2012-12-21,TX_1,TX,20
2012-12-21,TX_2,TX,46
2012-12-21,WI_1,WI,53
2012-12-21,WI_2,WI,28
2012-12-22,CA_1,CA,66
2012-12-22,CA_2,CA,64
2012-12-22,CA_3,CA,60
2012-12-22,TX_1,TX,19
2012-12-22,TX_2,TX,45
2012-12-22,WI_1,WI,68
2012-12-22,WI_2,WI,39
2012-12-23,CA_1,CA,59
2012-12-23,CA_2,CA,63
2012-12-23,CA_3,CA,66
2012-12-23,TX_1,TX,31
2012-12-23,TX_2,TX,55
2012-12-23,WI_1,WI,45
2012-12-23,WI_2,WI,46
2012-12-24,CA_1,CA,48
2012-12-24,CA_2,CA,47
2012-12-24,CA_3,CA,41
2012-12-24,TX_1,TX,22
2012-12-24,TX_2,TX,41
2012-12-24,WI_1,WI,32
2012-12-24,WI_2,WI,24
2012-12-25,CA_1,CA,0
2012-12-25,CA_2,CA,0
2012-12-25,CA_3,CA,0
2012-12-25,TX_1,TX,0
2012-12-25,TX_2,TX,0
2012-12-25,WI_1,WI,0
2012-12-25,WI_2,WI,0
2012-12-26,CA_1,CA,38
2012-12-26,CA_2,CA,27
2012-12-26,CA_3,CA,49
2012-12-26,TX_1,TX,34
2012-12-26,TX_2,TX,61
2012-12-26,WI_1,WI,29
2012-12-26,WI_2,WI,36
2012-12-27,CA_1,CA,35
2012-12-27,CA_2,CA,41
2012-12-27,CA_3,CA,47
2012-12-27,TX_1,TX,24
2012-12-27,TX_2,TX,61
2012-12-27,WI_1,WI,47
2012-12-27,WI_2,WI,26
2012-12-28,CA_1,CA,46
2012-12-28,CA_2,CA,26
2012-12-28,CA_3,CA,74
2012-12-28,TX_1,TX,66
2012-12-28,TX_2,TX,43
2012-12-28,WI_1,WI,31
2012-12-28,WI_2,WI,34
2012-12-29,CA_1,CA,67
2012-12-29,CA_2,CA,41
2012-12-29,CA_3,CA,128
2012-12-29,TX_1,TX,38
2012-12-29,TX_2,TX,40
2012-12-29,WI_1,WI,40
2012-12-29,WI_2,WI,49
2012-12-30,CA_1,CA,78
2012-12-30,CA_2,CA,50
2012-12-30,CA_3,CA,85
2012-12-30,TX_1,TX,51
2012-12-30,TX_2,TX,63
2012-12-30,WI_1,WI,29
2012-12-30,WI_2,WI,37
2012-12-31,CA_1,CA,70
2012-12-31,CA_2,CA,39
2012-12-31,CA_3,CA,72
2012-12-31,TX_1,TX,51
2012-12-31,TX_2,TX,37
2012-12-31,WI_1,WI,31
2012-12-31,WI_2,WI,25
2013-01-01,CA_1,CA,28
2013-01-01,CA_2,CA,46
2013-01-01,CA_3,CA,55
2013-01-01,TX_1,TX,36
2013-01-01,TX_2,TX,40
2013-01-01,WI_1,WI,26
2013-01-01,WI_2,WI,14
2013-01-02,CA_1,CA,82
2013-01-02,CA_2,CA,36
2013-01-02,CA_3,CA,68
2013-01-02,TX_1,TX,30
2013-01-02,TX_2,TX,45
2013-01-02,WI_1,WI,39
2013-01-02,WI_2,WI,40
2013-01-03,CA_1,CA,55
2013-01-03,CA_2,CA,48
2013-01-03,CA_3,CA,73
2013-01-03,TX_1,TX,36
2013-01-03,TX_2,TX,32
2013-01-03,WI_1,WI,32
2013-01-03,WI_2,WI,40
2013-01-04,CA_1,CA,67
2013-01-04,CA_2,CA,39
2013-01-04,CA_3,CA,70
2013-01-04,TX_1,TX,41
2013-01-04,TX_2,TX,55
2013-01-04,WI_1,WI,30
2013-01-04,WI_2,WI,37
2013-01-05,CA_1,CA,90
2013-01-05,CA_2,CA,53
2013-01-05,CA_3,CA,87
2013-01-05,TX_1,TX,33
2013-01-05,TX_2,TX,40
2013-01-05,WI_1,WI,84
2013-01-05,WI_2,WI,67
2013-01-06,CA_1,CA,77
2013-01-06,CA_2,CA,55
2013-01-06,CA_3,CA,116
2013-01-06,TX_1,TX,39
2013-01-06,TX_2,TX,54
2013-01-06,WI_1,WI,45
2013-01-06,WI_2,WI,39
2013-01-07,CA_1,CA,66
2013-01-07,CA_2,CA,44
2013-01-07,CA_3,CA,71
2013-01-07,TX_1,TX,33
2013-01-07,TX_2,TX,43
2013-01-07,WI_1,WI,40
2013-01-07,WI_2,WI,41
2013-01-08,CA_1,CA,44
2013-01-08,CA_2,CA,42
2013-01-08,CA_3,CA,69
2013-01-08,TX_1,TX,18
2013-01-08,TX_2,TX,25
2013-01-08,WI_1,WI,37
2013-01-08,WI_2,WI,31
2013-01-09,CA_1,CA,51
2013-01-09,CA_2,CA,38
2013-01-09,CA_3,CA,69
2013-01-09,TX_1,TX,28
2013-01-09,TX_2,TX,32
2013-01-09,WI_1,WI,35
2013-01-09,WI_2,WI,69
2013-01-10,CA_1,CA,74
2013-01-10,CA_2,CA,29
2013-01-10,CA_3,CA,77
2013-01-10,TX_1,TX,30
2013-01-10,TX_2,TX,47
2013-01-10,WI_1,WI,37
2013-01-10,WI_2,WI,36
2013-01-11,CA_1,CA,51
2013-01-11,CA_2,CA,72
2013-01-11,CA_3,CA,85
2013-01-11,TX_1,TX,52
2013-01-11,TX_2,TX,47
2013-01-11,WI_1,WI,32
2013-01-11,WI_2,WI,50
2013-01-12,CA_1,CA,80
2013-01-12,CA_2,CA,54
2013-01-12,CA_3,CA,94
2013-01-12,TX_1,TX,40
2013-01-12,TX_2,TX,59
2013-01-12,WI_1,WI,65
2013-01-12,WI_2,WI,77
2013-01-13,CA_1,CA,90
2013-01-13,CA_2,CA,76
2013-01-13,CA_3,CA,114
2013-01-13,TX_1,TX,28
2013-01-13,TX_2,TX,69
2013-01-13,WI_1,WI,57
2013-01-13,WI_2,WI,40
2013-01-14,CA_1,CA,49
2013-01-14,CA_2,CA,38
2013-01-14,CA_3,CA,66
2013-01-14,TX_1,TX,28
2013-01-14,TX_2,TX,31
2013-01-14,WI_1,WI,41
2013-01-14,WI_2,WI,61
2013-01-15,CA_1,CA,47
2013-01-15,CA_2,CA,51
2013-01-15,CA_3,CA,79
2013-01-15,TX_1,TX,11
2013-01-15,TX_2,TX,42
2013-01-15,WI_1,WI,34
2013-01-15,WI_2,WI,46
2013-01-16,CA_1,CA,34
2013-01-16,CA_2,CA,43
2013-01-16,CA_3,CA,67
2013-01-16,TX_1,TX,28
2013-01-16,TX_2,TX,41
2013-01-16,WI_1,WI,24
2013-01-16,WI_2,WI,40
2013-01-17,CA_1,CA,49
2013-01-17,CA_2,CA,40
2013-01-17,CA_3,CA,56
2013-01-17,TX_1,TX,26
2013-01-17,TX_2,TX,28
2013-01-17,WI_1,WI,46
2013-01-17,WI_2,WI,25
2013-01-18,CA_1,CA,60
2013-01-18,CA_2,CA,42
2013-01-18,CA_3,CA,71
2013-01-18,TX_1,TX,60
2013-01-18,TX_2,TX,43
2013-01-18,WI_1,WI,52
2013-01-18,WI_2,WI,33
2013-01-19,CA_1,CA,66
2013-01-19,CA_2,CA,56
2013-01-19,CA_3,CA,70
2013-01-19,TX_1,TX,44
2013-01-19,TX_2,TX,61
2013-01-19,WI_1,WI,90
2013-01-19,WI_2,WI,43
2013-01-20,CA_1,CA,85
2013-01-20,CA_2,CA,58
2013-01-20,CA_3,CA,98
2013-01-20,TX_1,TX,39
2013-01-20,TX_2,TX,78
2013-01-20,WI_1,WI,55
2013-01-20,WI_2,WI,60
2013-01-21,CA_1,CA,68
2013-01-21,CA_2,CA,46
2013-01-21,CA_3,CA,85
2013-01-21,TX_1,TX,30
2013-01-21,TX_2,TX,49
2013-01-21,WI_1,WI,34
2013-01-21,WI_2,WI,51
2013-01-22,CA_1,CA,50
2013-01-22,CA_2,CA,29
2013-01-22,CA_3,CA,87
2013-01-22,TX_1,TX,21
2013-01-22,TX_2,TX,48
2013-01-22,WI_1,WI,20
2013-01-22,WI_2,WI,36
2013-01-23,CA_1,CA,56
2013-01-23,CA_2,CA,30
2013-01-23,CA_3,CA,58
2013-01-23,TX_1,TX,44
2013-01-23,TX_2,TX,36
2013-01-23,WI_1,WI,45
2013-01-23,WI_2,WI,36
2013-01-24,CA_1,CA,46
2013-01-24,CA_2,CA,37
2013-01-24,CA_3,CA,79
2013-01-24,TX_1,TX,35
2013-01-24,TX_2,TX,57
2013-01-24,WI_1,WI,57
2013-01-24,WI_2,WI,30
2013-01-25,CA_1,CA,51
2013-01-25,CA_2,CA,67
2013-01-25,CA_3,CA,90
2013-01-25,TX_1,TX,31
2013-01-25,TX_2,TX,40
2013-01-25,WI_1,WI,35
2013-01-25,WI_2,WI,25
2013-01-26,CA_1,CA,71
2013-01-26,CA_2,CA,65
2013-01-26,CA_3,CA,104
2013-01-26,TX_1,TX,54
2013-01-26,TX_2,TX,50
2013-01-26,WI_1,WI,48
2013-01-26,WI_2,WI,44
2013-01-27,CA_1,CA,70
2013-01-27,CA_2,CA,57
2013-01-27,CA_3,CA,90
2013-01-27,TX_1,TX,30
2013-01-27,TX_2,TX,62
2013-01-27,WI_1,WI,33
2013-01-27,WI_2,WI,30
2013-01-28,CA_1,CA,76
2013-01-28,CA_2,CA,43
2013-01-28,CA_3,CA,94
2013-01-28,TX_1,TX,24
2013-01-28,TX_2,TX,33
2013-01-28,WI_1,WI,34
2013-01-28,WI_2,WI,35
2013-01-29,CA_1,CA,63
2013-01-29,CA_2,CA,24
2013-01-29,CA_3,CA,88
2013-01-29,TX_1,TX,37
2013-01-29,TX_2,TX,33
2013-01-29,WI_1,WI,26
2013-01-29,WI_2,WI,37
2013-01-30,CA_1,CA,41
2013-01-30,CA_2,CA,34
2013-01-30,CA_3,CA,55
2013-01-30,TX_1,TX,23
2013-01-30,TX_2,TX,34
2013-01-30,WI_1,WI,20
2013-01-30,WI_2,WI,24
2013-01-31,CA_1,CA,62
2013-01-31,CA_2,CA,42
2013-01-31,CA_3,CA,56
2013-01-31,TX_1,TX,36
2013-01-31,TX_2,TX,55
2013-01-31,WI_1,WI,39
2013-01-31,WI_2,WI,27
2013-02-01,CA_1,CA,49
2013-02-01,CA_2,CA,57
2013-02-01,CA_3,CA,63
2013-02-01,TX_1,TX,34
2013-02-01,TX_2,TX,92
2013-02-01,WI_1,WI,27
2013-02-01,WI_2,WI,71
2013-02-02,CA_1,CA,103
2013-02-02,CA_2,CA,64
2013-02-02,CA_3,CA,67
2013-02-02,TX_1,TX,39
2013-02-02,TX_2,TX,115
2013-02-02,WI_1,WI,56
2013-02-02,WI_2,WI,75
2013-02-03,CA_1,CA,69
2013-02-03,CA_2,CA,29
2013-02-03,CA_3,CA,49
2013-02-03,TX_1,TX,31
2013-02-03,TX_2,TX,71
2013-02-03,WI_1,WI,41
2013-02-03,WI_2,WI,55
2013-02-04,CA_1,CA,26
2013-02-04,CA_2,CA,26
2013-02-04,CA_3,CA,57
2013-02-04,TX_1,TX,39
2013-02-04,TX_2,TX,49
2013-02-04,WI_1,WI,28
2013-02-04,WI_2,WI,45
2013-02-05,CA_1,CA,36
2013-02-05,CA_2,CA,52
2013-02-05,CA_3,CA,81
2013-02-05,TX_1,TX,35
2013-02-05,TX_2,TX,59
2013-02-05,WI_1,WI,35
2013-02-05,WI_2,WI,45
2013-02-06,CA_1,CA,28
2013-02-06,CA_2,CA,59
2013-02-06,CA_3,CA,72
2013-02-06,TX_1,TX,25
2013-02-06,TX_2,TX,39
2013-02-06,WI_1,WI,32
2013-02-06,WI_2,WI,40
2013-02-07,CA_1,CA,35
2013-02-07,CA_2,CA,44
2013-02-07,CA_3,CA,93
2013-02-07,TX_1,TX,28
2013-02-07,TX_2,TX,50
2013-02-07,WI_1,WI,14
2013-02-07,WI_2,WI,32
2013-02-08,CA_1,CA,49
2013-02-08,CA_2,CA,39
2013-02-08,CA_3,CA,67
2013-02-08,TX_1,TX,50
2013-02-08,TX_2,TX,46
2013-02-08,WI_1,WI,28
2013-02-08,WI_2,WI,50
2013-02-09,CA_1,CA,68
2013-02-09,CA_2,CA,68
2013-02-09,CA_3,CA,70
2013-02-09,TX_1,TX,63
2013-02-09,TX_2,TX,92
2013-02-09,WI_1,WI,58
2013-02-09,WI_2,WI,83
2013-02-10,CA_1,CA,75
2013-02-10,CA_2,CA,112
2013-02-10,CA_3,CA,41
2013-02-10,TX_1,TX,65
2013-02-10,TX_2,TX,87
2013-02-10,WI_1,WI,61
2013-02-10,WI_2,WI,66
2013-02-11,CA_1,CA,46
2013-02-11,CA_2,CA,55
2013-02-11,CA_3,CA,57
2013-02-11,TX_1,TX,49
2013-02-11,TX_2,TX,40
2013-02-11,WI_1,WI,25
2013-02-11,WI_2,WI,27
2013-02-12,CA_1,CA,45
2013-02-12,CA_2,CA,41
2013-02-12,CA_3,CA,41
2013-02-12,TX_1,TX,29
2013-02-12,TX_2,TX,61
2013-02-12,WI_1,WI,32
2013-02-12,WI_2,WI,66
2013-02-13,CA_1,CA,57
2013-02-13,CA_2,CA,61
2013-02-13,CA_3,CA,83
2013-02-13,TX_1,TX,49
2013-02-13,TX_2,TX,51
2013-02-13,WI_1,WI,37
2013-02-13,WI_2,WI,74
2013-02-14,CA_1,CA,47
2013-02-14,CA_2,CA,43
2013-02-14,CA_3,CA,34
2013-02-14,TX_1,TX,39
2013-02-14,TX_2,TX,37
2013-02-14,WI_1,WI,26
2013-02-14,WI_2,WI,61
2013-02-15,CA_1,CA,78
2013-02-15,CA_2,CA,45
2013-02-15,CA_3,CA,87
2013-02-15,TX_1,TX,38
2013-02-15,TX_2,TX,68
2013-02-15,WI_1,WI,51
2013-02-15,WI_2,WI,73
2013-02-16,CA_1,CA,83
2013-02-16,CA_2,CA,75
2013-02-16,CA_3,CA,89
2013-02-16,TX_1,TX,38
2013-02-16,TX_2,TX,63
2013-02-16,WI_1,WI,48
2013-02-16,WI_2,WI,59
2013-02-17,CA_1,CA,89
2013-02-17,CA_2,CA,73
2013-02-17,CA_3,CA,90
2013-02-17,TX_1,TX,31
2013-02-17,TX_2,TX,72
2013-02-17,WI_1,WI,29
2013-02-17,WI_2,WI,32
2013-02-18,CA_1,CA,42
2013-02-18,CA_2,CA,39
2013-02-18,CA_3,CA,78
2013-02-18,TX_1,TX,52
2013-02-18,TX_2,TX,70
2013-02-18,WI_1,WI,21
2013-02-18,WI_2,WI,29
2013-02-19,CA_1,CA,56
2013-02-19,CA_2,CA,34
2013-02-19,CA_3,CA,72
2013-02-19,TX_1,TX,32
2013-02-19,TX_2,TX,37
2013-02-19,WI_1,WI,16
2013-02-19,WI_2,WI,26
2013-02-20,CA_1,CA,57
2013-02-20,CA_2,CA,39
2013-02-20,CA_3,CA,64
2013-02-20,TX_1,TX,44
2013-02-20,TX_2,TX,55
2013-02-20,WI_1,WI,30
2013-02-20,WI_2,WI,48
2013-02-21,CA_1,CA,52
2013-02-21,CA_2,CA,38
2013-02-21,CA_3,CA,85
2013-02-21,TX_1,TX,54
2013-02-21,TX_2,TX,93
2013-02-21,WI_1,WI,27
2013-02-21,WI_2,WI,63
2013-02-22,CA_1,CA,67
2013-02-22,CA_2,CA,61
2013-02-22,CA_3,CA,61
2013-02-22,TX_1,TX,49
2013-02-22,TX_2,TX,77
2013-02-22,WI_1,WI,23
2013-02-22,WI_2,WI,49
2013-02-23,CA_1,CA,81
2013-02-23,CA_2,CA,60
2013-02-23,CA_3,CA,88
2013-02-23,TX_1,TX,85
2013-02-23,TX_2,TX,120
2013-02-23,WI_1,WI,58
2013-02-23,WI_2,WI,61
2013-02-24,CA_1,CA,85
2013-02-24,CA_2,CA,70
2013-02-24,CA_3,CA,76
2013-02-24,TX_1,TX,52
2013-02-24,TX_2,TX,170
2013-02-24,WI_1,WI,68
2013-02-24,WI_2,WI,57
2013-02-25,CA_1,CA,54
2013-02-25,CA_2,CA,44
2013-02-25,CA_3,CA,106
2013-02-25,TX_1,TX,32
2013-02-25,TX_2,TX,117
2013-02-25,WI_1,WI,31
2013-02-25,WI_2,WI,38
2013-02-26,CA_1,CA,46
2013-02-26,CA_2,CA,34
2013-02-26,CA_3,CA,71
2013-02-26,TX_1,TX,38
2013-02-26,TX_2,TX,63
2013-02-26,WI_1,WI,46
2013-02-26,WI_2,WI,45
2013-02-27,CA_1,CA,59
2013-02-27,CA_2,CA,71
2013-02-27,CA_3,CA,66
2013-02-27,TX_1,TX,44
2013-02-27,TX_2,TX,81
2013-02-27,WI_1,WI,17
2013-02-27,WI_2,WI,63
2013-02-28,CA_1,CA,38
2013-02-28,CA_2,CA,64
2013-02-28,CA_3,CA,72
2013-02-28,TX_1,TX,17
2013-02-28,TX_2,TX,65
2013-02-28,WI_1,WI,36
2013-02-28,WI_2,WI,63
2013-03-01,CA_1,CA,55
2013-03-01,CA_2,CA,74
2013-03-01,CA_3,CA,91
2013-03-01,TX_1,TX,35
2013-03-01,TX_2,TX,80
2013-03-01,WI_1,WI,61
2013-03-01,WI_2,WI,61
2013-03-02,CA_1,CA,87
2013-03-02,CA_2,CA,128
2013-03-02,CA_3,CA,94
2013-03-02,TX_1,TX,41
2013-03-02,TX_2,TX,69
2013-03-02,WI_1,WI,60
2013-03-02,WI_2,WI,53
2013-03-03,CA_1,CA,97
2013-03-03,CA_2,CA,68
2013-03-03,CA_3,CA,82
2013-03-03,TX_1,TX,53
2013-03-03,TX_2,TX,78
2013-03-03,WI_1,WI,45
2013-03-03,WI_2,WI,61
2013-03-04,CA_1,CA,38
2013-03-04,CA_2,CA,26
2013-03-04,CA_3,CA,90
2013-03-04,TX_1,TX,29
2013-03-04,TX_2,TX,61
2013-03-04,WI_1,WI,58
2013-03-04,WI_2,WI,44
2013-03-05,CA_1,CA,44
2013-03-05,CA_2,CA,37
2013-03-05,CA_3,CA,68
2013-03-05,TX_1,TX,57
2013-03-05,TX_2,TX,58
2013-03-05,WI_1,WI,15
2013-03-05,WI_2,WI,37
2013-03-06,CA_1,CA,64
2013-03-06,CA_2,CA,25
2013-03-06,CA_3,CA,63
2013-03-06,TX_1,TX,26
2013-03-06,TX_2,TX,52
2013-03-06,WI_1,WI,29
2013-03-06,WI_2,WI,67
2013-03-07,CA_1,CA,56
2013-03-07,CA_2,CA,35
2013-03-07,CA_3,CA,64
2013-03-07,TX_1,TX,25
2013-03-07,TX_2,TX,55
2013-03-07,WI_1,WI,20
2013-03-07,WI_2,WI,43
2013-03-08,CA_1,CA,57
2013-03-08,CA_2,CA,72
2013-03-08,CA_3,CA,70
2013-03-08,TX_1,TX,21
2013-03-08,TX_2,TX,87
2013-03-08,WI_1,WI,31
2013-03-08,WI_2,WI,38
2013-03-09,CA_1,CA,76
2013-03-09,CA_2,CA,55
2013-03-09,CA_3,CA,77
2013-03-09,TX_1,TX,31
2013-03-09,TX_2,TX,78
2013-03-09,WI_1,WI,47
2013-03-09,WI_2,WI,63
2013-03-10,CA_1,CA,62
2013-03-10,CA_2,CA,56
2013-03-10,CA_3,CA,132
2013-03-10,TX_1,TX,23
2013-03-10,TX_2,TX,71
2013-03-10,WI_1,WI,52
2013-03-10,WI_2,WI,79
2013-03-11,CA_1,CA,37
2013-03-11,CA_2,CA,40
2013-03-11,CA_3,CA,65
2013-03-11,TX_1,TX,44
2013-03-11,TX_2,TX,81
2013-03-11,WI_1,WI,20
2013-03-11,WI_2,WI,45
2013-03-12,CA_1,CA,40
2013-03-12,CA_2,CA,37
2013-03-12,CA_3,CA,97
2013-03-12,TX_1,TX,26
2013-03-12,TX_2,TX,55
2013-03-12,WI_1,WI,29
2013-03-12,WI_2,WI,62
2013-03-13,CA_1,CA,30
2013-03-13,CA_2,CA,33
2013-03-13,CA_3,CA,47
2013-03-13,TX_1,TX,25
2013-03-13,TX_2,TX,80
2013-03-13,WI_1,WI,35
2013-03-13,WI_2,WI,40
2013-03-14,CA_1,CA,45
2013-03-14,CA_2,CA,49
2013-03-14,CA_3,CA,56
2013-03-14,TX_1,TX,50
2013-03-14,TX_2,TX,75
2013-03-14,WI_1,WI,29
2013-03-14,WI_2,WI,54
2013-03-15,CA_1,CA,58
2013-03-15,CA_2,CA,71
2013-03-15,CA_3,CA,73
2013-03-15,TX_1,TX,51
2013-03-15,TX_2,TX,66
2013-03-15,WI_1,WI,31
2013-03-15,WI_2,WI,73
2013-03-16,CA_1,CA,71
2013-03-16,CA_2,CA,62
2013-03-16,CA_3,CA,78
2013-03-16,TX_1,TX,49
2013-03-16,TX_2,TX,119
2013-03-16,WI_1,WI,68
2013-03-16,WI_2,WI,71
2013-03-17,CA_1,CA,59
2013-03-17,CA_2,CA,37
2013-03-17,CA_3,CA,127
2013-03-17,TX_1,TX,78
2013-03-17,TX_2,TX,99
2013-03-17,WI_1,WI,50
2013-03-17,WI_2,WI,43
2013-03-18,CA_1,CA,41
2013-03-18,CA_2,CA,35
2013-03-18,CA_3,CA,80
2013-03-18,TX_1,TX,31
2013-03-18,TX_2,TX,68
2013-03-18,WI_1,WI,22
2013-03-18,WI_2,WI,28
2013-03-19,CA_1,CA,28
2013-03-19,CA_2,CA,43
2013-03-19,CA_3,CA,59
2013-03-19,TX_1,TX,52
2013-03-19,TX_2,TX,59
2013-03-19,WI_1,WI,22
2013-03-19,WI_2,WI,47
2013-03-20,CA_1,CA,39
2013-03-20,CA_2,CA,50
2013-03-20,CA_3,CA,85
2013-03-20,TX_1,TX,57
2013-03-20,TX_2,TX,46
2013-03-20,WI_1,WI,26
2013-03-20,WI_2,WI,34
2013-03-21,CA_1,CA,40
2013-03-21,CA_2,CA,31
2013-03-21,CA_3,CA,73
2013-03-21,TX_1,TX,45
2013-03-21,TX_2,TX,72
2013-03-21,WI_1,WI,32
2013-03-21,WI_2,WI,36
2013-03-22,CA_1,CA,54
2013-03-22,CA_2,CA,55
2013-03-22,CA_3,CA,91
2013-03-22,TX_1,TX,41
2013-03-22,TX_2,TX,90
2013-03-22,WI_1,WI,42
2013-03-22,WI_2,WI,56
2013-03-23,CA_1,CA,52
2013-03-23,CA_2,CA,88
2013-03-23,CA_3,CA,90
2013-03-23,TX_1,TX,39
2013-03-23,TX_2,TX,103
2013-03-23,WI_1,WI,42
2013-03-23,WI_2,WI,41
2013-03-24,CA_1,CA,79
2013-03-24,CA_2,CA,56
2013-03-24,CA_3,CA,99
2013-03-24,TX_1,TX,64
2013-03-24,TX_2,TX,93
2013-03-24,WI_1,WI,33
2013-03-24,WI_2,WI,36
2013-03-25,CA_1,CA,56
2013-03-25,CA_2,CA,65
2013-03-25,CA_3,CA,86
2013-03-25,TX_1,TX,38
2013-03-25,TX_2,TX,79
2013-03-25,WI_1,WI,20
2013-03-25,WI_2,WI,42
2013-03-26,CA_1,CA,46
2013-03-26,CA_2,CA,36
2013-03-26,CA_3,CA,84
2013-03-26,TX_1,TX,64
2013-03-26,TX_2,TX,70
2013-03-26,WI_1,WI,29
2013-03-26,WI_2,WI,27
2013-03-27,CA_1,CA,31
2013-03-27,CA_2,CA,58
2013-03-27,CA_3,CA,58
2013-03-27,TX_1,TX,58
2013-03-27,TX_2,TX,52
2013-03-27,WI_1,WI,34
2013-03-27,WI_2,WI,36
2013-03-28,CA_1,CA,49
2013-03-28,CA_2,CA,71
2013-03-28,CA_3,CA,69
2013-03-28,TX_1,TX,49
2013-03-28,TX_2,TX,54
2013-03-28,WI_1,WI,31
2013-03-28,WI_2,WI,62
2013-03-29,CA_1,CA,59
2013-03-29,CA_2,CA,74
2013-03-29,CA_3,CA,71
2013-03-29,TX_1,TX,49
2013-03-29,TX_2,TX,62
2013-03-29,WI_1,WI,42
2013-03-29,WI_2,WI,57
2013-03-30,CA_1,CA,99
2013-03-30,CA_2,CA,76
2013-03-30,CA_3,CA,90
2013-03-30,TX_1,TX,47
2013-03-30,TX_2,TX,99
2013-03-30,WI_1,WI,43
2013-03-30,WI_2,WI,42
2013-03-31,CA_1,CA,78
2013-03-31,CA_2,CA,63
2013-03-31,CA_3,CA,32
2013-03-31,TX_1,TX,61
2013-03-31,TX_2,TX,70
2013-03-31,WI_1,WI,20
2013-03-31,WI_2,WI,25
2013-04-01,CA_1,CA,78
2013-04-01,CA_2,CA,43
2013-04-01,CA_3,CA,80
2013-04-01,TX_1,TX,32
2013-04-01,TX_2,TX,49
2013-04-01,WI_1,WI,24
2013-04-01,WI_2,WI,34
2013-04-02,CA_1,CA,61
2013-04-02,CA_2,CA,39
2013-04-02,CA_3,CA,73
2013-04-02,TX_1,TX,32
2013-04-02,TX_2,TX,59
2013-04-02,WI_1,WI,39
2013-04-02,WI_2,WI,70
2013-04-03,CA_1,CA,65
2013-04-03,CA_2,CA,55
2013-04-03,CA_3,CA,110
2013-04-03,TX_1,TX,28
2013-04-03,TX_2,TX,48
2013-04-03,WI_1,WI,27
2013-04-03,WI_2,WI,60
2013-04-04,CA_1,CA,71
2013-04-04,CA_2,CA,74
2013-04-04,CA_3,CA,63
2013-04-04,TX_1,TX,58
2013-04-04,TX_2,TX,48
2013-04-04,WI_1,WI,33
2013-04-04,WI_2,WI,44
2013-04-05,CA_1,CA,78
2013-04-05,CA_2,CA,50
2013-04-05,CA_3,CA,74
2013-04-05,TX_1,TX,37
2013-04-05,TX_2,TX,89
2013-04-05,WI_1,WI,57
2013-04-05,WI_2,WI,59
2013-04-06,CA_1,CA,70
2013-04-06,CA_2,CA,78
2013-04-06,CA_3,CA,71
2013-04-06,TX_1,TX,67
2013-04-06,TX_2,TX,56
2013-04-06,WI_1,WI,84
2013-04-06,WI_2,WI,55
2013-04-07,CA_1,CA,78
2013-04-07,CA_2,CA,91
2013-04-07,CA_3,CA,117
2013-04-07,TX_1,TX,86
2013-04-07,TX_2,TX,71
2013-04-07,WI_1,WI,67
2013-04-07,WI_2,WI,61
2013-04-08,CA_1,CA,77
2013-04-08,CA_2,CA,44
2013-04-08,CA_3,CA,96
2013-04-08,TX_1,TX,33
2013-04-08,TX_2,TX,55
2013-04-08,WI_1,WI,35
2013-04-08,WI_2,WI,50
2013-04-09,CA_1,CA,81
2013-04-09,CA_2,CA,39
2013-04-09,CA_3,CA,130
2013-04-09,TX_1,TX,56
2013-04-09,TX_2,TX,58
2013-04-09,WI_1,WI,24
2013-04-09,WI_2,WI,45
2013-04-10,CA_1,CA,68
2013-04-10,CA_2,CA,30
2013-04-10,CA_3,CA,101
2013-04-10,TX_1,TX,64
2013-04-10,TX_2,TX,58
2013-04-10,WI_1,WI,28
2013-04-10,WI_2,WI,34
2013-04-11,CA_1,CA,61
2013-04-11,CA_2,CA,31
2013-04-11,CA_3,CA,101
2013-04-11,TX_1,TX,48
2013-04-11,TX_2,TX,72
2013-04-11,WI_1,WI,35
2013-04-11,WI_2,WI,52
2013-04-12,CA_1,CA,100
2013-04-12,CA_2,CA,32
2013-04-12,CA_3,CA,87
2013-04-12,TX_1,TX,33
2013-04-12,TX_2,TX,85
2013-04-12,WI_1,WI,50
2013-04-12,WI_2,WI,54
2013-04-13,CA_1,CA,105
2013-04-13,CA_2,CA,63
2013-04-13,CA_3,CA,118
2013-04-13,TX_1,TX,45
2013-04-13,TX_2,TX,86
2013-04-13,WI_1,WI,49
2013-04-13,WI_2,WI,62
2013-04-14,CA_1,CA,81
2013-04-14,CA_2,CA,76
2013-04-14,CA_3,CA,107
2013-04-14,TX_1,TX,74
2013-04-14,TX_2,TX,70
2013-04-14,WI_1,WI,51
2013-04-14,WI_2,WI,44
2013-04-15,CA_1,CA,50
2013-04-15,CA_2,CA,35
2013-04-15,CA_3,CA,99
2013-04-15,TX_1,TX,59
2013-04-15,TX_2,TX,67
2013-04-15,WI_1,WI,34
2013-04-15,WI_2,WI,21
2013-04-16,CA_1,CA,42
2013-04-16,CA_2,CA,40
2013-04-16,CA_3,CA,93
2013-04-16,TX_1,TX,54
2013-04-16,TX_2,TX,77
2013-04-16,WI_1,WI,47
2013-04-16,WI_2,WI,43
2013-04-17,CA_1,CA,53
2013-04-17,CA_2,CA,44
2013-04-17,CA_3,CA,69
2013-04-17,TX_1,TX,35
2013-04-17,TX_2,TX,58
2013-04-17,WI_1,WI,21
2013-04-17,WI_2,WI,36
2013-04-18,CA_1,CA,46
2013-04-18,CA_2,CA,28
2013-04-18,CA_3,CA,62
2013-04-18,TX_1,TX,77
2013-04-18,TX_2,TX,69
2013-04-18,WI_1,WI,23
2013-04-18,WI_2,WI,60
2013-04-19,CA_1,CA,72
2013-04-19,CA_2,CA,36
2013-04-19,CA_3,CA,64
2013-04-19,TX_1,TX,58
2013-04-19,TX_2,TX,85
2013-04-19,WI_1,WI,22
2013-04-19,WI_2,WI,48
2013-04-20,CA_1,CA,86
2013-04-20,CA_2,CA,75
2013-04-20,CA_3,CA,90
2013-04-20,TX_1,TX,47
2013-04-20,TX_2,TX,80
2013-04-20,WI_1,WI,32
2013-04-20,WI_2,WI,47
2013-04-21,CA_1,CA,73
2013-04-21,CA_2,CA,56
2013-04-21,CA_3,CA,102
2013-04-21,TX_1,TX,61
2013-04-21,TX_2,TX,68
2013-04-21,WI_1,WI,53
2013-04-21,WI_2,WI,55
2013-04-22,CA_1,CA,57
2013-04-22,CA_2,CA,53
2013-04-22,CA_3,CA,125
2013-04-22,TX_1,TX,48
2013-04-22,TX_2,TX,54
2013-04-22,WI_1,WI,23
2013-04-22,WI_2,WI,36
2013-04-23,CA_1,CA,46
2013-04-23,CA_2,CA,37
2013-04-23,CA_3,CA,91
2013-04-23,TX_1,TX,26
2013-04-23,TX_2,TX,66
2013-04-23,WI_1,WI,22
2013-04-23,WI_2,WI,33
2013-04-24,CA_1,CA,68
2013-04-24,CA_2,CA,32
2013-04-24,CA_3,CA,89
2013-04-24,TX_1,TX,53
2013-04-24,TX_2,TX,53
2013-04-24,WI_1,WI,24
2013-04-24,WI_2,WI,34
2013-04-25,CA_1,CA,57
2013-04-25,CA_2,CA,49
2013-04-25,CA_3,CA,58
2013-04-25,TX_1,TX,57
2013-04-25,TX_2,TX,56
2013-04-25,WI_1,WI,26
2013-04-25,WI_2,WI,39
2013-04-26,CA_1,CA,66
2013-04-26,CA_2,CA,44
2013-04-26,CA_3,CA,53
2013-04-26,TX_1,TX,44
2013-04-26,TX_2,TX,95
2013-04-26,WI_1,WI,24
2013-04-26,WI_2,WI,43
2013-04-27,CA_1,CA,74
2013-04-27,CA_2,CA,76
2013-04-27,CA_3,CA,88
2013-04-27,TX_1,TX,38
2013-04-27,TX_2,TX,71
2013-04-27,WI_1,WI,44
2013-04-27,WI_2,WI,59
2013-04-28,CA_1,CA,82
2013-04-28,CA_2,CA,36
2013-04-28,CA_3,CA,121
2013-04-28,TX_1,TX,86
2013-04-28,TX_2,TX,157
2013-04-28,WI_1,WI,56
2013-04-28,WI_2,WI,34
2013-04-29,CA_1,CA,57
2013-04-29,CA_2,CA,32
2013-04-29,CA_3,CA,90
2013-04-29,TX_1,TX,56
2013-04-29,TX_2,TX,61
2013-04-29,WI_1,WI,42
2013-04-29,WI_2,WI,29
2013-04-30,CA_1,CA,62
2013-04-30,CA_2,CA,50
2013-04-30,CA_3,CA,83
2013-04-30,TX_1,TX,58
2013-04-30,TX_2,TX,77
2013-04-30,WI_1,WI,17
2013-04-30,WI_2,WI,41
2013-05-01,CA_1,CA,88
2013-05-01,CA_2,CA,40
2013-05-01,CA_3,CA,67
2013-05-01,TX_1,TX,54
2013-05-01,TX_2,TX,85
2013-05-01,WI_1,WI,28
2013-05-01,WI_2,WI,48
2013-05-02,CA_1,CA,92
2013-05-02,CA_2,CA,65
2013-05-02,CA_3,CA,90
2013-05-02,TX_1,TX,33
2013-05-02,TX_2,TX,90
2013-05-02,WI_1,WI,28
2013-05-02,WI_2,WI,39
2013-05-03,CA_1,CA,58
2013-05-03,CA_2,CA,67
2013-05-03,CA_3,CA,118
2013-05-03,TX_1,TX,66
2013-05-03,TX_2,TX,94
2013-05-03,WI_1,WI,45
2013-05-03,WI_2,WI,39
2013-05-04,CA_1,CA,85
2013-05-04,CA_2,CA,79
2013-05-04,CA_3,CA,101
2013-05-04,TX_1,TX,73
2013-05-04,TX_2,TX,104
2013-05-04,WI_1,WI,43
2013-05-04,WI_2,WI,65
2013-05-05,CA_1,CA,96
2013-05-05,CA_2,CA,59
2013-05-05,CA_3,CA,85
2013-05-05,TX_1,TX,74
2013-05-05,TX_2,TX,88
2013-05-05,WI_1,WI,74
2013-05-05,WI_2,WI,45
2013-05-06,CA_1,CA,73
2013-05-06,CA_2,CA,41
2013-05-06,CA_3,CA,136
2013-05-06,TX_1,TX,53
2013-05-06,TX_2,TX,71
2013-05-06,WI_1,WI,19
2013-05-06,WI_2,WI,40
2013-05-07,CA_1,CA,58
2013-05-07,CA_2,CA,51
2013-05-07,CA_3,CA,73
2013-05-07,TX_1,TX,38
2013-05-07,TX_2,TX,64
2013-05-07,WI_1,WI,33
2013-05-07,WI_2,WI,40
2013-05-08,CA_1,CA,59
2013-05-08,CA_2,CA,38
2013-05-08,CA_3,CA,80
2013-05-08,TX_1,TX,42
2013-05-08,TX_2,TX,54
2013-05-08,WI_1,WI,33
2013-05-08,WI_2,WI,31
2013-05-09,CA_1,CA,56
2013-05-09,CA_2,CA,27
2013-05-09,CA_3,CA,77
2013-05-09,TX_1,TX,43
2013-05-09,TX_2,TX,70
2013-05-09,WI_1,WI,33
2013-05-09,WI_2,WI,45
2013-05-10,CA_1,CA,67
2013-05-10,CA_2,CA,61
2013-05-10,CA_3,CA,89
2013-05-10,TX_1,TX,47
2013-05-10,TX_2,TX,71
2013-05-10,WI_1,WI,35
2013-05-10,WI_2,WI,66
2013-05-11,CA_1,CA,87
2013-05-11,CA_2,CA,44
2013-05-11,CA_3,CA,105
2013-05-11,TX_1,TX,55
2013-05-11,TX_2,TX,91
2013-05-11,WI_1,WI,31
2013-05-11,WI_2,WI,62
2013-05-12,CA_1,CA,62
2013-05-12,CA_2,CA,50
2013-05-12,CA_3,CA,116
2013-05-12,TX_1,TX,49
2013-05-12,TX_2,TX,91
2013-05-12,WI_1,WI,24
2013-05-12,WI_2,WI,73
2013-05-13,CA_1,CA,58
2013-05-13,CA_2,CA,42
2013-05-13,CA_3,CA,83
2013-05-13,TX_1,TX,48
2013-05-13,TX_2,TX,93
2013-05-13,WI_1,WI,26
2013-05-13,WI_2,WI,36
2013-05-14,CA_1,CA,80
2013-05-14,CA_2,CA,29
2013-05-14,CA_3,CA,71
2013-05-14,TX_1,TX,47
2013-05-14,TX_2,TX,71
2013-05-14,WI_1,WI,17
2013-05-14,WI_2,WI,42
2013-05-15,CA_1,CA,56
2013-05-15,CA_2,CA,62
2013-05-15,CA_3,CA,79
2013-05-15,TX_1,TX,44
2013-05-15,TX_2,TX,69
2013-05-15,WI_1,WI,21
2013-05-15,WI_2,WI,56
2013-05-16,CA_1,CA,70
2013-05-16,CA_2,CA,64
2013-05-16,CA_3,CA,95
2013-05-16,TX_1,TX,61
2013-05-16,TX_2,TX,70
2013-05-16,WI_1,WI,28
2013-05-16,WI_2,WI,42
2013-05-17,CA_1,CA,63
2013-05-17,CA_2,CA,48
2013-05-17,CA_3,CA,92
2013-05-17,TX_1,TX,64
2013-05-17,TX_2,TX,85
2013-05-17,WI_1,WI,32
2013-05-17,WI_2,WI,52
2013-05-18,CA_1,CA,75
2013-05-18,CA_2,CA,65
2013-05-18,CA_3,CA,107
2013-05-18,TX_1,TX,69
2013-05-18,TX_2,TX,98
2013-05-18,WI_1,WI,31
2013-05-18,WI_2,WI,40
2013-05-19,CA_1,CA,109
2013-05-19,CA_2,CA,54
2013-05-19,CA_3,CA,105
2013-05-19,TX_1,TX,46
2013-05-19,TX_2,TX,103
2013-05-19,WI_1,WI,43
2013-05-19,WI_2,WI,50
2013-05-20,CA_1,CA,56
2013-05-20,CA_2,CA,38
2013-05-20,CA_3,CA,112
2013-05-20,TX_1,TX,45
2013-05-20,TX_2,TX,64
2013-05-20,WI_1,WI,20
2013-05-20,WI_2,WI,45
2013-05-21,CA_1,CA,50
2013-05-21,CA_2,CA,57
2013-05-21,CA_3,CA,98
2013-05-21,TX_1,TX,53
2013-05-21,TX_2,TX,62
2013-05-21,WI_1,WI,34
2013-05-21,WI_2,WI,54
2013-05-22,CA_1,CA,68
2013-05-22,CA_2,CA,32
2013-05-22,CA_3,CA,89
2013-05-22,TX_1,TX,35
2013-05-22,TX_2,TX,63
2013-05-22,WI_1,WI,23
2013-05-22,WI_2,WI,38
2013-05-23,CA_1,CA,49
2013-05-23,CA_2,CA,66
2013-05-23,CA_3,CA,94
2013-05-23,TX_1,TX,72
2013-05-23,TX_2,TX,50
2013-05-23,WI_1,WI,18
2013-05-23,WI_2,WI,59
2013-05-24,CA_1,CA,88
2013-05-24,CA_2,CA,64
2013-05-24,CA_3,CA,107
2013-05-24,TX_1,TX,46
2013-05-24,TX_2,TX,73
2013-05-24,WI_1,WI,37
2013-05-24,WI_2,WI,58
2013-05-25,CA_1,CA,70
2013-05-25,CA_2,CA,75
2013-05-25,CA_3,CA,108
2013-05-25,TX_1,TX,52
2013-05-25,TX_2,TX,65
2013-05-25,WI_1,WI,40
2013-05-25,WI_2,WI,67
2013-05-26,CA_1,CA,77
2013-05-26,CA_2,CA,81
2013-05-26,CA_3,CA,101
2013-05-26,TX_1,TX,75
2013-05-26,TX_2,TX,90
2013-05-26,WI_1,WI,38
2013-05-26,WI_2,WI,44
2013-05-27,CA_1,CA,63
2013-05-27,CA_2,CA,62
2013-05-27,CA_3,CA,87
2013-05-27,TX_1,TX,44
2013-05-27,TX_2,TX,86
2013-05-27,WI_1,WI,30
2013-05-27,WI_2,WI,60
2013-05-28,CA_1,CA,63
2013-05-28,CA_2,CA,61
2013-05-28,CA_3,CA,68
2013-05-28,TX_1,TX,32
2013-05-28,TX_2,TX,91
2013-05-28,WI_1,WI,13
2013-05-28,WI_2,WI,27
2013-05-29,CA_1,CA,72
2013-05-29,CA_2,CA,39
2013-05-29,CA_3,CA,64
2013-05-29,TX_1,TX,50
2013-05-29,TX_2,TX,67
2013-05-29,WI_1,WI,39
2013-05-29,WI_2,WI,40
2013-05-30,CA_1,CA,58
2013-05-30,CA_2,CA,46
2013-05-30,CA_3,CA,60
2013-05-30,TX_1,TX,64
2013-05-30,TX_2,TX,65
2013-05-30,WI_1,WI,20
2013-05-30,WI_2,WI,40
2013-05-31,CA_1,CA,84
2013-05-31,CA_2,CA,38
2013-05-31,CA_3,CA,89
2013-05-31,TX_1,TX,54
2013-05-31,TX_2,TX,82
2013-05-31,WI_1,WI,42
2013-05-31,WI_2,WI,56
2013-06-01,CA_1,CA,127
2013-06-01,CA_2,CA,57
2013-06-01,CA_3,CA,71
2013-06-01,TX_1,TX,50
2013-06-01,TX_2,TX,76
2013-06-01,WI_1,WI,59
2013-06-01,WI_2,WI,74
2013-06-02,CA_1,CA,90
2013-06-02,CA_2,CA,51
2013-06-02,CA_3,CA,83
2013-06-02,TX_1,TX,54
2013-06-02,TX_2,TX,76
2013-06-02,WI_1,WI,45
2013-06-02,WI_2,WI,54
2013-06-03,CA_1,CA,63
2013-06-03,CA_2,CA,58
2013-06-03,CA_3,CA,74
2013-06-03,TX_1,TX,42
2013-06-03,TX_2,TX,67
2013-06-03,WI_1,WI,28
2013-06-03,WI_2,WI,48
2013-06-04,CA_1,CA,51
2013-06-04,CA_2,CA,69
2013-06-04,CA_3,CA,53
2013-06-04,TX_1,TX,55
2013-06-04,TX_2,TX,74
2013-06-04,WI_1,WI,28
2013-06-04,WI_2,WI,55
2013-06-05,CA_1,CA,59
2013-06-05,CA_2,CA,46
2013-06-05,CA_3,CA,76
2013-06-05,TX_1,TX,49
2013-06-05,TX_2,TX,74
2013-06-05,WI_1,WI,20
2013-06-05,WI_2,WI,61
2013-06-06,CA_1,CA,42
2013-06-06,CA_2,CA,50
2013-06-06,CA_3,CA,59
2013-06-06,TX_1,TX,42
2013-06-06,TX_2,TX,58
2013-06-06,WI_1,WI,20
2013-06-06,WI_2,WI,50
2013-06-07,CA_1,CA,68
2013-06-07,CA_2,CA,57
2013-06-07,CA_3,CA,109
2013-06-07,TX_1,TX,44
2013-06-07,TX_2,TX,81
2013-06-07,WI_1,WI,37
2013-06-07,WI_2,WI,43
2013-06-08,CA_1,CA,101
2013-06-08,CA_2,CA,84
2013-06-08,CA_3,CA,125
2013-06-08,TX_1,TX,51
2013-06-08,TX_2,TX,89
2013-06-08,WI_1,WI,41
2013-06-08,WI_2,WI,67
2013-06-09,CA_1,CA,82
2013-06-09,CA_2,CA,82
2013-06-09,CA_3,CA,94
2013-06-09,TX_1,TX,44
2013-06-09,TX_2,TX,92
2013-06-09,WI_1,WI,40
2013-06-09,WI_2,WI,61
2013-06-10,CA_1,CA,92
2013-06-10,CA_2,CA,63
2013-06-10,CA_3,CA,100
2013-06-10,TX_1,TX,60
2013-06-10,TX_2,TX,49
2013-06-10,WI_1,WI,32
2013-06-10,WI_2,WI,43
2013-06-11,CA_1,CA,46
2013-06-11,CA_2,CA,42
2013-06-11,CA_3,CA,87
2013-06-11,TX_1,TX,40
2013-06-11,TX_2,TX,64
2013-06-11,WI_1,WI,42
2013-06-11,WI_2,WI,48
2013-06-12,CA_1,CA,81
2013-06-12,CA_2,CA,47
2013-06-12,CA_3,CA,71
2013-06-12,TX_1,TX,45
2013-06-12,TX_2,TX,69
2013-06-12,WI_1,WI,37
2013-06-12,WI_2,WI,58
2013-06-13,CA_1,CA,53
2013-06-13,CA_2,CA,58
2013-06-13,CA_3,CA,92
2013-06-13,TX_1,TX,46
2013-06-13,TX_2,TX,42
2013-06-13,WI_1,WI,35
2013-06-13,WI_2,WI,45
2013-06-14,CA_1,CA,95
2013-06-14,CA_2,CA,50
2013-06-14,CA_3,CA,127
2013-06-14,TX_1,TX,28
2013-06-14,TX_2,TX,61
2013-06-14,WI_1,WI,53
2013-06-14,WI_2,WI,46
2013-06-15,CA_1,CA,127
2013-06-15,CA_2,CA,82
2013-06-15,CA_3,CA,118
2013-06-15,TX_1,TX,74
2013-06-15,TX_2,TX,63
2013-06-15,WI_1,WI,59
2013-06-15,WI_2,WI,55
2013-06-16,CA_1,CA,76
2013-06-16,CA_2,CA,66
2013-06-16,CA_3,CA,152
2013-06-16,TX_1,TX,152
2013-06-16,TX_2,TX,92
2013-06-16,WI_1,WI,21
2013-06-16,WI_2,WI,44
2013-06-17,CA_1,CA,74
2013-06-17,CA_2,CA,37
2013-06-17,CA_3,CA,72
2013-06-17,TX_1,TX,31
2013-06-17,TX_2,TX,65
2013-06-17,WI_1,WI,25
2013-06-17,WI_2,WI,59
2013-06-18,CA_1,CA,46
2013-06-18,CA_2,CA,35
2013-06-18,CA_3,CA,101
2013-06-18,TX_1,TX,32
2013-06-18,TX_2,TX,64
2013-06-18,WI_1,WI,35
2013-06-18,WI_2,WI,31
2013-06-19,CA_1,CA,89
2013-06-19,CA_2,CA,53
2013-06-19,CA_3,CA,85
2013-06-19,TX_1,TX,41
2013-06-19,TX_2,TX,74
2013-06-19,WI_1,WI,42
2013-06-19,WI_2,WI,42
2013-06-20,CA_1,CA,44
2013-06-20,CA_2,CA,84
2013-06-20,CA_3,CA,101
2013-06-20,TX_1,TX,31
2013-06-20,TX_2,TX,49
2013-06-20,WI_1,WI,36
2013-06-20,WI_2,WI,47
2013-06-21,CA_1,CA,54
2013-06-21,CA_2,CA,78
2013-06-21,CA_3,CA,103
2013-06-21,TX_1,TX,40
2013-06-21,TX_2,TX,69
2013-06-21,WI_1,WI,51
2013-06-21,WI_2,WI,42
2013-06-22,CA_1,CA,94
2013-06-22,CA_2,CA,71
2013-06-22,CA_3,CA,98
2013-06-22,TX_1,TX,44
2013-06-22,TX_2,TX,97
2013-06-22,WI_1,WI,63
2013-06-22,WI_2,WI,59
2013-06-23,CA_1,CA,72
2013-06-23,CA_2,CA,61
2013-06-23,CA_3,CA,90
2013-06-23,TX_1,TX,47
2013-06-23,TX_2,TX,94
2013-06-23,WI_1,WI,37
2013-06-23,WI_2,WI,42
2013-06-24,CA_1,CA,74
2013-06-24,CA_2,CA,62
2013-06-24,CA_3,CA,105
2013-06-24,TX_1,TX,38
2013-06-24,TX_2,TX,86
2013-06-24,WI_1,WI,38
2013-06-24,WI_2,WI,42
2013-06-25,CA_1,CA,95
2013-06-25,CA_2,CA,75
2013-06-25,CA_3,CA,97
2013-06-25,TX_1,TX,50
2013-06-25,TX_2,TX,47
2013-06-25,WI_1,WI,25
2013-06-25,WI_2,WI,33
2013-06-26,CA_1,CA,54
2013-06-26,CA_2,CA,53
2013-06-26,CA_3,CA,83
2013-06-26,TX_1,TX,41
2013-06-26,TX_2,TX,66
2013-06-26,WI_1,WI,26
2013-06-26,WI_2,WI,51
2013-06-27,CA_1,CA,74
2013-06-27,CA_2,CA,64
2013-06-27,CA_3,CA,76
2013-06-27,TX_1,TX,55
2013-06-27,TX_2,TX,83
2013-06-27,WI_1,WI,30
2013-06-27,WI_2,WI,36
2013-06-28,CA_1,CA,60
2013-06-28,CA_2,CA,61
2013-06-28,CA_3,CA,91
2013-06-28,TX_1,TX,52
2013-06-28,TX_2,TX,89
2013-06-28,WI_1,WI,57
2013-06-28,WI_2,WI,32
2013-06-29,CA_1,CA,72
2013-06-29,CA_2,CA,89
2013-06-29,CA_3,CA,111
2013-06-29,TX_1,TX,47
2013-06-29,TX_2,TX,108
2013-06-29,WI_1,WI,41
2013-06-29,WI_2,WI,49
2013-06-30,CA_1,CA,110
2013-06-30,CA_2,CA,73
2013-06-30,CA_3,CA,129
2013-06-30,TX_1,TX,67
2013-06-30,TX_2,TX,117
2013-06-30,WI_1,WI,66
2013-06-30,WI_2,WI,49
2013-07-01,CA_1,CA,77
2013-07-01,CA_2,CA,74
2013-07-01,CA_3,CA,175
2013-07-01,TX_1,TX,54
2013-07-01,TX_2,TX,80
2013-07-01,WI_1,WI,29
2013-07-01,WI_2,WI,73
2013-07-02,CA_1,CA,205
2013-07-02,CA_2,CA,54
2013-07-02,CA_3,CA,112
2013-07-02,TX_1,TX,106
2013-07-02,TX_2,TX,70
2013-07-02,WI_1,WI,41
2013-07-02,WI_2,WI,74
2013-07-03,CA_1,CA,91
2013-07-03,CA_2,CA,98
2013-07-03,CA_3,CA,135
2013-07-03,TX_1,TX,39
2013-07-03,TX_2,TX,98
2013-07-03,WI_1,WI,61
2013-07-03,WI_2,WI,69
2013-07-04,CA_1,CA,87
2013-07-04,CA_2,CA,64
2013-07-04,CA_3,CA,155
2013-07-04,TX_1,TX,27
2013-07-04,TX_2,TX,57
2013-07-04,WI_1,WI,52
2013-07-04,WI_2,WI,40
2013-07-05,CA_1,CA,336
2013-07-05,CA_2,CA,72
2013-07-05,CA_3,CA,166
2013-07-05,TX_1,TX,68
2013-07-05,TX_2,TX,85
2013-07-05,WI_1,WI,62
2013-07-05,WI_2,WI,50
2013-07-06,CA_1,CA,97
2013-07-06,CA_2,CA,99
2013-07-06,CA_3,CA,87
2013-07-06,TX_1,TX,75
2013-07-06,TX_2,TX,111
2013-07-06,WI_1,WI,58
2013-07-06,WI_2,WI,49
2013-07-07,CA_1,CA,99
2013-07-07,CA_2,CA,87
2013-07-07,CA_3,CA,94
2013-07-07,TX_1,TX,65
2013-07-07,TX_2,TX,76
2013-07-07,WI_1,WI,51
2013-07-07,WI_2,WI,43
2013-07-08,CA_1,CA,66
2013-07-08,CA_2,CA,81
2013-07-08,CA_3,CA,87
2013-07-08,TX_1,TX,49
2013-07-08,TX_2,TX,91
2013-07-08,WI_1,WI,36
2013-07-08,WI_2,WI,35
2013-07-09,CA_1,CA,69
2013-07-09,CA_2,CA,51
2013-07-09,CA_3,CA,57
2013-07-09,TX_1,TX,39
2013-07-09,TX_2,TX,72
2013-07-09,WI_1,WI,41
2013-07-09,WI_2,WI,59
2013-07-10,CA_1,CA,76
2013-07-10,CA_2,CA,68
2013-07-10,CA_3,CA,86
2013-07-10,TX_1,TX,66
2013-07-10,TX_2,TX,75
2013-07-10,WI_1,WI,39
2013-07-10,WI_2,WI,94
2013-07-11,CA_1,CA,92
2013-07-11,CA_2,CA,75
2013-07-11,CA_3,CA,75
2013-07-11,TX_1,TX,42
2013-07-11,TX_2,TX,80
2013-07-11,WI_1,WI,43
2013-07-11,WI_2,WI,72
2013-07-12,CA_1,CA,104
2013-07-12,CA_2,CA,66
2013-07-12,CA_3,CA,165
2013-07-12,TX_1,TX,45
2013-07-12,TX_2,TX,83
2013-07-12,WI_1,WI,48
2013-07-12,WI_2,WI,95
2013-07-13,CA_1,CA,121
2013-07-13,CA_2,CA,77
2013-07-13,CA_3,CA,113
2013-07-13,TX_1,TX,63
2013-07-13,TX_2,TX,103
2013-07-13,WI_1,WI,47
2013-07-13,WI_2,WI,61
2013-07-14,CA_1,CA,114
2013-07-14,CA_2,CA,65
2013-07-14,CA_3,CA,109
2013-07-14,TX_1,TX,66
2013-07-14,TX_2,TX,120
2013-07-14,WI_1,WI,50
2013-07-14,WI_2,WI,46
2013-07-15,CA_1,CA,60
2013-07-15,CA_2,CA,60
2013-07-15,CA_3,CA,103
2013-07-15,TX_1,TX,58
2013-07-15,TX_2,TX,84
2013-07-15,WI_1,WI,41
2013-07-15,WI_2,WI,57
2013-07-16,CA_1,CA,53
2013-07-16,CA_2,CA,70
2013-07-16,CA_3,CA,103
2013-07-16,TX_1,TX,65
2013-07-16,TX_2,TX,71
2013-07-16,WI_1,WI,32
2013-07-16,WI_2,WI,48
2013-07-17,CA_1,CA,68
2013-07-17,CA_2,CA,49
2013-07-17,CA_3,CA,74
2013-07-17,TX_1,TX,53
2013-07-17,TX_2,TX,78
2013-07-17,WI_1,WI,29
2013-07-17,WI_2,WI,42
2013-07-18,CA_1,CA,52
2013-07-18,CA_2,CA,62
2013-07-18,CA_3,CA,106
2013-07-18,TX_1,TX,47
2013-07-18,TX_2,TX,60
2013-07-18,WI_1,WI,38
2013-07-18,WI_2,WI,46
2013-07-19,CA_1,CA,79
2013-07-19,CA_2,CA,48
2013-07-19,CA_3,CA,108
2013-07-19,TX_1,TX,29
2013-07-19,TX_2,TX,83
2013-07-19,WI_1,WI,48
2013-07-19,WI_2,WI,48
2013-07-20,CA_1,CA,89
2013-07-20,CA_2,CA,84
2013-07-20,CA_3,CA,162
2013-07-20,TX_1,TX,55
2013-07-20,TX_2,TX,72
2013-07-20,WI_1,WI,69
2013-07-20,WI_2,WI,51
2013-07-21,CA_1,CA,118
2013-07-21,CA_2,CA,67
2013-07-21,CA_3,CA,130
2013-07-21,TX_1,TX,59
2013-07-21,TX_2,TX,87
2013-07-21,WI_1,WI,49
2013-07-21,WI_2,WI,54
2013-07-22,CA_1,CA,82
2013-07-22,CA_2,CA,55
2013-07-22,CA_3,CA,116
2013-07-22,TX_1,TX,44
2013-07-22,TX_2,TX,63
2013-07-22,WI_1,WI,47
2013-07-22,WI_2,WI,58
2013-07-23,CA_1,CA,48
2013-07-23,CA_2,CA,38
2013-07-23,CA_3,CA,74
2013-07-23,TX_1,TX,42
2013-07-23,TX_2,TX,47
2013-07-23,WI_1,WI,30
2013-07-23,WI_2,WI,47
2013-07-24,CA_1,CA,74
2013-07-24,CA_2,CA,68
2013-07-24,CA_3,CA,104
2013-07-24,TX_1,TX,35
2013-07-24,TX_2,TX,66
2013-07-24,WI_1,WI,40
2013-07-24,WI_2,WI,46
2013-07-25,CA_1,CA,45
2013-07-25,CA_2,CA,41
2013-07-25,CA_3,CA,86
2013-07-25,TX_1,TX,42
2013-07-25,TX_2,TX,83
2013-07-25,WI_1,WI,22
2013-07-25,WI_2,WI,57
2013-07-26,CA_1,CA,57
2013-07-26,CA_2,CA,68
2013-07-26,CA_3,CA,111
2013-07-26,TX_1,TX,51
2013-07-26,TX_2,TX,80
2013-07-26,WI_1,WI,44
2013-07-26,WI_2,WI,50
2013-07-27,CA_1,CA,92
2013-07-27,CA_2,CA,82
2013-07-27,CA_3,CA,99
2013-07-27,TX_1,TX,43
2013-07-27,TX_2,TX,105
2013-07-27,WI_1,WI,49
2013-07-27,WI_2,WI,61
2013-07-28,CA_1,CA,78
2013-07-28,CA_2,CA,81
2013-07-28,CA_3,CA,135
2013-07-28,TX_1,TX,62
2013-07-28,TX_2,TX,78
2013-07-28,WI_1,WI,59
2013-07-28,WI_2,WI,57
2013-07-29,CA_1,CA,69
2013-07-29,CA_2,CA,44
2013-07-29,CA_3,CA,150
2013-07-29,TX_1,TX,51
2013-07-29,TX_2,TX,65
2013-07-29,WI_1,WI,26
2013-07-29,WI_2,WI,40
2013-07-30,CA_1,CA,66
2013-07-30,CA_2,CA,58
2013-07-30,CA_3,CA,149
2013-07-30,TX_1,TX,23
2013-07-30,TX_2,TX,113
2013-07-30,WI_1,WI,21
2013-07-30,WI_2,WI,43
2013-07-31,CA_1,CA,76
2013-07-31,CA_2,CA,55
2013-07-31,CA_3,CA,140
2013-07-31,TX_1,TX,38
2013-07-31,TX_2,TX,52
2013-07-31,WI_1,WI,37
2013-07-31,WI_2,WI,37
2013-08-01,CA_1,CA,53
2013-08-01,CA_2,CA,62
2013-08-01,CA_3,CA,131
2013-08-01,TX_1,TX,56
2013-08-01,TX_2,TX,66
2013-08-01,WI_1,WI,42
2013-08-01,WI_2,WI,60
2013-08-02,CA_1,CA,106
2013-08-02,CA_2,CA,97
2013-08-02,CA_3,CA,141
2013-08-02,TX_1,TX,46
2013-08-02,TX_2,TX,75
2013-08-02,WI_1,WI,47
2013-08-02,WI_2,WI,55
2013-08-03,CA_1,CA,111
2013-08-03,CA_2,CA,77
2013-08-03,CA_3,CA,129
2013-08-03,TX_1,TX,63
2013-08-03,TX_2,TX,78
2013-08-03,WI_1,WI,53
2013-08-03,WI_2,WI,115
2013-08-04,CA_1,CA,104
2013-08-04,CA_2,CA,74
2013-08-04,CA_3,CA,123
2013-08-04,TX_1,TX,68
2013-08-04,TX_2,TX,88
2013-08-04,WI_1,WI,53
2013-08-04,WI_2,WI,51
2013-08-05,CA_1,CA,104
2013-08-05,CA_2,CA,55
2013-08-05,CA_3,CA,163
2013-08-05,TX_1,TX,58
2013-08-05,TX_2,TX,80
2013-08-05,WI_1,WI,42
2013-08-05,WI_2,WI,64
2013-08-06,CA_1,CA,78
2013-08-06,CA_2,CA,37
2013-08-06,CA_3,CA,89
2013-08-06,TX_1,TX,53
2013-08-06,TX_2,TX,85
2013-08-06,WI_1,WI,24
2013-08-06,WI_2,WI,59
2013-08-07,CA_1,CA,73
2013-08-07,CA_2,CA,58
2013-08-07,CA_3,CA,102
2013-08-07,TX_1,TX,49
2013-08-07,TX_2,TX,62
2013-08-07,WI_1,WI,27
2013-08-07,WI_2,WI,21
2013-08-08,CA_1,CA,77
2013-08-08,CA_2,CA,58
2013-08-08,CA_3,CA,88
2013-08-08,TX_1,TX,32
2013-08-08,TX_2,TX,60
2013-08-08,WI_1,WI,33
2013-08-08,WI_2,WI,65
2013-08-09,CA_1,CA,82
2013-08-09,CA_2,CA,61
2013-08-09,CA_3,CA,91
2013-08-09,TX_1,TX,64
2013-08-09,TX_2,TX,87
2013-08-09,WI_1,WI,29
2013-08-09,WI_2,WI,46
2013-08-10,CA_1,CA,113
2013-08-10,CA_2,CA,98
2013-08-10,CA_3,CA,95
2013-08-10,TX_1,TX,54
2013-08-10,TX_2,TX,113
2013-08-10,WI_1,WI,54
2013-08-10,WI_2,WI,62
2013-08-11,CA_1,CA,102
2013-08-11,CA_2,CA,68
2013-08-11,CA_3,CA,94
2013-08-11,TX_1,TX,41
2013-08-11,TX_2,TX,90
2013-08-11,WI_1,WI,62
2013-08-11,WI_2,WI,47
2013-08-12,CA_1,CA,86
2013-08-12,CA_2,CA,39
2013-08-12,CA_3,CA,88
2013-08-12,TX_1,TX,59
2013-08-12,TX_2,TX,69
2013-08-12,WI_1,WI,35
2013-08-12,WI_2,WI,50
2013-08-13,CA_1,CA,35
2013-08-13,CA_2,CA,40
2013-08-13,CA_3,CA,100
2013-08-13,TX_1,TX,43
2013-08-13,TX_2,TX,44
2013-08-13,WI_1,WI,32
2013-08-13,WI_2,WI,46
2013-08-14,CA_1,CA,61
2013-08-14,CA_2,CA,58
2013-08-14,CA_3,CA,62
2013-08-14,TX_1,TX,42
2013-08-14,TX_2,TX,53
2013-08-14,WI_1,WI,40
2013-08-14,WI_2,WI,42
2013-08-15,CA_1,CA,52
2013-08-15,CA_2,CA,65
2013-08-15,CA_3,CA,123
2013-08-15,TX_1,TX,31
2013-08-15,TX_2,TX,81
2013-08-15,WI_1,WI,31
2013-08-15,WI_2,WI,68
2013-08-16,CA_1,CA,83
2013-08-16,CA_2,CA,64
2013-08-16,CA_3,CA,77
2013-08-16,TX_1,TX,47
2013-08-16,TX_2,TX,88
2013-08-16,WI_1,WI,43
2013-08-16,WI_2,WI,42
2013-08-17,CA_1,CA,128
2013-08-17,CA_2,CA,77
2013-08-17,CA_3,CA,109
2013-08-17,TX_1,TX,68
2013-08-17,TX_2,TX,69
2013-08-17,WI_1,WI,48
2013-08-17,WI_2,WI,64
2013-08-18,CA_1,CA,88
2013-08-18,CA_2,CA,58
2013-08-18,CA_3,CA,117
2013-08-18,TX_1,TX,48
2013-08-18,TX_2,TX,66
2013-08-18,WI_1,WI,40
2013-08-18,WI_2,WI,45
2013-08-19,CA_1,CA,102
2013-08-19,CA_2,CA,46
2013-08-19,CA_3,CA,152
2013-08-19,TX_1,TX,44
2013-08-19,TX_2,TX,90
2013-08-19,WI_1,WI,39
2013-08-19,WI_2,WI,40
2013-08-20,CA_1,CA,65
2013-08-20,CA_2,CA,68
2013-08-20,CA_3,CA,122
2013-08-20,TX_1,TX,34
2013-08-20,TX_2,TX,65
2013-08-20,WI_1,WI,28
2013-08-20,WI_2,WI,37
2013-08-21,CA_1,CA,88
2013-08-21,CA_2,CA,54
2013-08-21,CA_3,CA,95
2013-08-21,TX_1,TX,46
2013-08-21,TX_2,TX,52
2013-08-21,WI_1,WI,48
2013-08-21,WI_2,WI,40
2013-08-22,CA_1,CA,92
2013-08-22,CA_2,CA,51
2013-08-22,CA_3,CA,125
2013-08-22,TX_1,TX,31
2013-08-22,TX_2,TX,36
2013-08-22,WI_1,WI,54
2013-08-22,WI_2,WI,33
2013-08-23,CA_1,CA,73
2013-08-23,CA_2,CA,54
2013-08-23,CA_3,CA,104
2013-08-23,TX_1,TX,28
2013-08-23,TX_2,TX,39
2013-08-23,WI_1,WI,42
2013-08-23,WI_2,WI,40
2013-08-24,CA_1,CA,127
2013-08-24,CA_2,CA,87
2013-08-24,CA_3,CA,99
2013-08-24,TX_1,TX,39
2013-08-24,TX_2,TX,59
2013-08-24,WI_1,WI,34
2013-08-24,WI_2,WI,59
2013-08-25,CA_1,CA,123
2013-08-25,CA_2,CA,62
2013-08-25,CA_3,CA,164
2013-08-25,TX_1,TX,41
2013-08-25,TX_2,TX,67
2013-08-25,WI_1,WI,48
2013-08-25,WI_2,WI,55
2013-08-26,CA_1,CA,88
2013-08-26,CA_2,CA,46
2013-08-26,CA_3,CA,169
2013-08-26,TX_1,TX,25
2013-08-26,TX_2,TX,49
2013-08-26,WI_1,WI,48
2013-08-26,WI_2,WI,43
2013-08-27,CA_1,CA,50
2013-08-27,CA_2,CA,34
2013-08-27,CA_3,CA,105
2013-08-27,TX_1,TX,26
2013-08-27,TX_2,TX,52
2013-08-27,WI_1,WI,35
2013-08-27,WI_2,WI,34
2013-08-28,CA_1,CA,69
2013-08-28,CA_2,CA,57
2013-08-28,CA_3,CA,144
2013-08-28,TX_1,TX,35
2013-08-28,TX_2,TX,40
2013-08-28,WI_1,WI,44
2013-08-28,WI_2,WI,34
2013-08-29,CA_1,CA,74
2013-08-29,CA_2,CA,45
2013-08-29,CA_3,CA,168
2013-08-29,TX_1,TX,31
2013-08-29,TX_2,TX,57
2013-08-29,WI_1,WI,35
2013-08-29,WI_2,WI,49
2013-08-30,CA_1,CA,80
2013-08-30,CA_2,CA,51
2013-08-30,CA_3,CA,86
2013-08-30,TX_1,TX,45
2013-08-30,TX_2,TX,74
2013-08-30,WI_1,WI,56
2013-08-30,WI_2,WI,54
2013-08-31,CA_1,CA,100
2013-08-31,CA_2,CA,83
2013-08-31,CA_3,CA,133
2013-08-31,TX_1,TX,35
2013-08-31,TX_2,TX,80
2013-08-31,WI_1,WI,50
2013-08-31,WI_2,WI,65
2013-09-01,CA_1,CA,111
2013-09-01,CA_2,CA,102
2013-09-01,CA_3,CA,117
2013-09-01,TX_1,TX,77
2013-09-01,TX_2,TX,58
2013-09-01,WI_1,WI,58
2013-09-01,WI_2,WI,39
2013-09-02,CA_1,CA,84
2013-09-02,CA_2,CA,113
2013-09-02,CA_3,CA,105
2013-09-02,TX_1,TX,32
2013-09-02,TX_2,TX,54
2013-09-02,WI_1,WI,61
2013-09-02,WI_2,WI,54
2013-09-03,CA_1,CA,72
2013-09-03,CA_2,CA,60
2013-09-03,CA_3,CA,116
2013-09-03,TX_1,TX,40
2013-09-03,TX_2,TX,63
2013-09-03,WI_1,WI,40
2013-09-03,WI_2,WI,64
2013-09-04,CA_1,CA,81
2013-09-04,CA_2,CA,56
2013-09-04,CA_3,CA,91
2013-09-04,TX_1,TX,25
2013-09-04,TX_2,TX,50
2013-09-04,WI_1,WI,38
2013-09-04,WI_2,WI,64
2013-09-05,CA_1,CA,66
2013-09-05,CA_2,CA,51
2013-09-05,CA_3,CA,93
2013-09-05,TX_1,TX,27
2013-09-05,TX_2,TX,35
2013-09-05,WI_1,WI,30
2013-09-05,WI_2,WI,44
2013-09-06,CA_1,CA,67
2013-09-06,CA_2,CA,46
2013-09-06,CA_3,CA,95
2013-09-06,TX_1,TX,37
2013-09-06,TX_2,TX,52
2013-09-06,WI_1,WI,52
2013-09-06,WI_2,WI,67
2013-09-07,CA_1,CA,82
2013-09-07,CA_2,CA,75
2013-09-07,CA_3,CA,91
2013-09-07,TX_1,TX,41
2013-09-07,TX_2,TX,80
2013-09-07,WI_1,WI,61
2013-09-07,WI_2,WI,57
2013-09-08,CA_1,CA,136
2013-09-08,CA_2,CA,63
2013-09-08,CA_3,CA,145
2013-09-08,TX_1,TX,49
2013-09-08,TX_2,TX,77
2013-09-08,WI_1,WI,56
2013-09-08,WI_2,WI,61
2013-09-09,CA_1,CA,83
2013-09-09,CA_2,CA,64
2013-09-09,CA_3,CA,109
2013-09-09,TX_1,TX,27
2013-09-09,TX_2,TX,49
2013-09-09,WI_1,WI,25
2013-09-09,WI_2,WI,40
2013-09-10,CA_1,CA,88
2013-09-10,CA_2,CA,42
2013-09-10,CA_3,CA,127
2013-09-10,TX_1,TX,45
2013-09-10,TX_2,TX,63
2013-09-10,WI_1,WI,35
2013-09-10,WI_2,WI,54
2013-09-11,CA_1,CA,86
2013-09-11,CA_2,CA,53
2013-09-11,CA_3,CA,85
2013-09-11,TX_1,TX,28
2013-09-11,TX_2,TX,52
2013-09-11,WI_1,WI,27
2013-09-11,WI_2,WI,55
2013-09-12,CA_1,CA,80
2013-09-12,CA_2,CA,45
2013-09-12,CA_3,CA,99
2013-09-12,TX_1,TX,49
2013-09-12,TX_2,TX,52
2013-09-12,WI_1,WI,40
2013-09-12,WI_2,WI,48
2013-09-13,CA_1,CA,95
2013-09-13,CA_2,CA,48
2013-09-13,CA_3,CA,60
2013-09-13,TX_1,TX,44
2013-09-13,TX_2,TX,59
2013-09-13,WI_1,WI,58
2013-09-13,WI_2,WI,67
2013-09-14,CA_1,CA,97
2013-09-14,CA_2,CA,64
2013-09-14,CA_3,CA,106
2013-09-14,TX_1,TX,66
2013-09-14,TX_2,TX,61
2013-09-14,WI_1,WI,63
2013-09-14,WI_2,WI,71
2013-09-15,CA_1,CA,115
2013-09-15,CA_2,CA,69
2013-09-15,CA_3,CA,116
2013-09-15,TX_1,TX,76
2013-09-15,TX_2,TX,55
2013-09-15,WI_1,WI,57
2013-09-15,WI_2,WI,49
2013-09-16,CA_1,CA,86
2013-09-16,CA_2,CA,49
2013-09-16,CA_3,CA,115
2013-09-16,TX_1,TX,22
2013-09-16,TX_2,TX,35
2013-09-16,WI_1,WI,41
2013-09-16,WI_2,WI,37
2013-09-17,CA_1,CA,76
2013-09-17,CA_2,CA,46
2013-09-17,CA_3,CA,76
2013-09-17,TX_1,TX,39
2013-09-17,TX_2,TX,62
2013-09-17,WI_1,WI,26
2013-09-17,WI_2,WI,55
2013-09-18,CA_1,CA,77
2013-09-18,CA_2,CA,53
2013-09-18,CA_3,CA,86
2013-09-18,TX_1,TX,40
2013-09-18,TX_2,TX,50
2013-09-18,WI_1,WI,35
2013-09-18,WI_2,WI,43
2013-09-19,CA_1,CA,44
2013-09-19,CA_2,CA,37
2013-09-19,CA_3,CA,82
2013-09-19,TX_1,TX,31
2013-09-19,TX_2,TX,49
2013-09-19,WI_1,WI,47
2013-09-19,WI_2,WI,44
2013-09-20,CA_1,CA,60
2013-09-20,CA_2,CA,64
2013-09-20,CA_3,CA,78
2013-09-20,TX_1,TX,29
2013-09-20,TX_2,TX,48
2013-09-20,WI_1,WI,53
2013-09-20,WI_2,WI,37
2013-09-21,CA_1,CA,102
2013-09-21,CA_2,CA,71
2013-09-21,CA_3,CA,118
2013-09-21,TX_1,TX,39
2013-09-21,TX_2,TX,68
2013-09-21,WI_1,WI,80
2013-09-21,WI_2,WI,44
2013-09-22,CA_1,CA,101
2013-09-22,CA_2,CA,102
2013-09-22,CA_3,CA,106
2013-09-22,TX_1,TX,41
2013-09-22,TX_2,TX,67
2013-09-22,WI_1,WI,58
2013-09-22,WI_2,WI,39
2013-09-23,CA_1,CA,60
2013-09-23,CA_2,CA,55
2013-09-23,CA_3,CA,115
2013-09-23,TX_1,TX,29
2013-09-23,TX_2,TX,41
2013-09-23,WI_1,WI,40
2013-09-23,WI_2,WI,43
2013-09-24,CA_1,CA,74
2013-09-24,CA_2,CA,45
2013-09-24,CA_3,CA,109
2013-09-24,TX_1,TX,27
2013-09-24,TX_2,TX,45
2013-09-24,WI_1,WI,41
2013-09-24,WI_2,WI,36
2013-09-25,CA_1,CA,47
2013-09-25,CA_2,CA,57
2013-09-25,CA_3,CA,63
2013-09-25,TX_1,TX,29
2013-09-25,TX_2,TX,61
2013-09-25,WI_1,WI,38
2013-09-25,WI_2,WI,27
2013-09-26,CA_1,CA,76
2013-09-26,CA_2,CA,53
2013-09-26,CA_3,CA,113
2013-09-26,TX_1,TX,38
2013-09-26,TX_2,TX,44
2013-09-26,WI_1,WI,31
2013-09-26,WI_2,WI,54
2013-09-27,CA_1,CA,89
2013-09-27,CA_2,CA,53
2013-09-27,CA_3,CA,98
2013-09-27,TX_1,TX,31
2013-09-27,TX_2,TX,54
2013-09-27,WI_1,WI,58
2013-09-27,WI_2,WI,36
2013-09-28,CA_1,CA,116
2013-09-28,CA_2,CA,89
2013-09-28,CA_3,CA,97
2013-09-28,TX_1,TX,39
2013-09-28,TX_2,TX,88
2013-09-28,WI_1,WI,71
2013-09-28,WI_2,WI,61
2013-09-29,CA_1,CA,119
2013-09-29,CA_2,CA,51
2013-09-29,CA_3,CA,136
2013-09-29,TX_1,TX,50
2013-09-29,TX_2,TX,81
2013-09-29,WI_1,WI,68
2013-09-29,WI_2,WI,39
2013-09-30,CA_1,CA,75
2013-09-30,CA_2,CA,42
2013-09-30,CA_3,CA,77
2013-09-30,TX_1,TX,47
2013-09-30,TX_2,TX,45
2013-09-30,WI_1,WI,37
2013-09-30,WI_2,WI,38
2013-10-01,CA_1,CA,69
2013-10-01,CA_2,CA,44
2013-10-01,CA_3,CA,103
2013-10-01,TX_1,TX,35
2013-10-01,TX_2,TX,42
2013-10-01,WI_1,WI,44
2013-10-01,WI_2,WI,61
2013-10-02,CA_1,CA,54
2013-10-02,CA_2,CA,51
2013-10-02,CA_3,CA,89
2013-10-02,TX_1,TX,32
2013-10-02,TX_2,TX,46
2013-10-02,WI_1,WI,36
2013-10-02,WI_2,WI,42
2013-10-03,CA_1,CA,78
2013-10-03,CA_2,CA,65
2013-10-03,CA_3,CA,94
2013-10-03,TX_1,TX,38
2013-10-03,TX_2,TX,43
2013-10-03,WI_1,WI,46
2013-10-03,WI_2,WI,56
2013-10-04,CA_1,CA,98
2013-10-04,CA_2,CA,74
2013-10-04,CA_3,CA,116
2013-10-04,TX_1,TX,35
2013-10-04,TX_2,TX,50
2013-10-04,WI_1,WI,47
2013-10-04,WI_2,WI,50
2013-10-05,CA_1,CA,135
2013-10-05,CA_2,CA,77
2013-10-05,CA_3,CA,154
2013-10-05,TX_1,TX,63
2013-10-05,TX_2,TX,83
2013-10-05,WI_1,WI,74
2013-10-05,WI_2,WI,51
2013-10-06,CA_1,CA,117
2013-10-06,CA_2,CA,84
2013-10-06,CA_3,CA,150
2013-10-06,TX_1,TX,48
2013-10-06,TX_2,TX,82
2013-10-06,WI_1,WI,58
2013-10-06,WI_2,WI,34
2013-10-07,CA_1,CA,92
2013-10-07,CA_2,CA,79
2013-10-07,CA_3,CA,106
2013-10-07,TX_1,TX,46
2013-10-07,TX_2,TX,51
2013-10-07,WI_1,WI,53
2013-10-07,WI_2,WI,36
2013-10-08,CA_1,CA,78
2013-10-08,CA_2,CA,64
2013-10-08,CA_3,CA,106
2013-10-08,TX_1,TX,50
2013-10-08,TX_2,TX,54
2013-10-08,WI_1,WI,40
2013-10-08,WI_2,WI,35
2013-10-09,CA_1,CA,92
2013-10-09,CA_2,CA,47
2013-10-09,CA_3,CA,133
2013-10-09,TX_1,TX,42
2013-10-09,TX_2,TX,51
2013-10-09,WI_1,WI,51
2013-10-09,WI_2,WI,41
2013-10-10,CA_1,CA,81
2013-10-10,CA_2,CA,54
2013-10-10,CA_3,CA,110
2013-10-10,TX_1,TX,57
2013-10-10,TX_2,TX,59
2013-10-10,WI_1,WI,33
2013-10-10,WI_2,WI,43
2013-10-11,CA_1,CA,88
2013-10-11,CA_2,CA,60
2013-10-11,CA_3,CA,76
2013-10-11,TX_1,TX,44
2013-10-11,TX_2,TX,52
2013-10-11,WI_1,WI,64
2013-10-11,WI_2,WI,47
2013-10-12,CA_1,CA,125
2013-10-12,CA_2,CA,70
2013-10-12,CA_3,CA,127
2013-10-12,TX_1,TX,50
2013-10-12,TX_2,TX,60
2013-10-12,WI_1,WI,86
2013-10-12,WI_2,WI,67
2013-10-13,CA_1,CA,88
2013-10-13,CA_2,CA,62
2013-10-13,CA_3,CA,154
2013-10-13,TX_1,TX,42
2013-10-13,TX_2,TX,102
2013-10-13,WI_1,WI,79
2013-10-13,WI_2,WI,45
2013-10-14,CA_1,CA,96
2013-10-14,CA_2,CA,48
2013-10-14,CA_3,CA,97
2013-10-14,TX_1,TX,31
2013-10-14,TX_2,TX,53
2013-10-14,WI_1,WI,42
2013-10-14,WI_2,WI,33
2013-10-15,CA_1,CA,61
2013-10-15,CA_2,CA,47
2013-10-15,CA_3,CA,99
2013-10-15,TX_1,TX,44
2013-10-15,TX_2,TX,61
2013-10-15,WI_1,WI,34
2013-10-15,WI_2,WI,26
2013-10-16,CA_1,CA,77
2013-10-16,CA_2,CA,39
2013-10-16,CA_3,CA,85
2013-10-16,TX_1,TX,28
2013-10-16,TX_2,TX,62
2013-10-16,WI_1,WI,36
2013-10-16,WI_2,WI,51
2013-10-17,CA_1,CA,83
2013-10-17,CA_2,CA,60
2013-10-17,CA_3,CA,99
2013-10-17,TX_1,TX,26
2013-10-17,TX_2,TX,53
2013-10-17,WI_1,WI,31
2013-10-17,WI_2,WI,28
2013-10-18,CA_1,CA,92
2013-10-18,CA_2,CA,44
2013-10-18,CA_3,CA,88
2013-10-18,TX_1,TX,31
2013-10-18,TX_2,TX,33
2013-10-18,WI_1,WI,39
2013-10-18,WI_2,WI,26
2013-10-19,CA_1,CA,105
2013-10-19,CA_2,CA,71
2013-10-19,CA_3,CA,116
2013-10-19,TX_1,TX,24
2013-10-19,TX_2,TX,57
2013-10-19,WI_1,WI,53
2013-10-19,WI_2,WI,25
2013-10-20,CA_1,CA,128
2013-10-20,CA_2,CA,115
2013-10-20,CA_3,CA,113
2013-10-20,TX_1,TX,50
2013-10-20,TX_2,TX,61
2013-10-20,WI_1,WI,51
2013-10-20,WI_2,WI,40
2013-10-21,CA_1,CA,59
2013-10-21,CA_2,CA,33
2013-10-21,CA_3,CA,86
2013-10-21,TX_1,TX,63
2013-10-21,TX_2,TX,44
2013-10-21,WI_1,WI,38
2013-10-21,WI_2,WI,21
2013-10-22,CA_1,CA,58
2013-10-22,CA_2,CA,54
2013-10-22,CA_3,CA,98
2013-10-22,TX_1,TX,36
2013-10-22,TX_2,TX,45
2013-10-22,WI_1,WI,29
2013-10-22,WI_2,WI,30
2013-10-23,CA_1,CA,57
2013-10-23,CA_2,CA,55
2013-10-23,CA_3,CA,99
2013-10-23,TX_1,TX,26
2013-10-23,TX_2,TX,46
2013-10-23,WI_1,WI,35
2013-10-23,WI_2,WI,41
2013-10-24,CA_1,CA,50
2013-10-24,CA_2,CA,47
2013-10-24,CA_3,CA,86
2013-10-24,TX_1,TX,32
2013-10-24,TX_2,TX,36
2013-10-24,WI_1,WI,42
2013-10-24,WI_2,WI,27
2013-10-25,CA_1,CA,89
2013-10-25,CA_2,CA,37
2013-10-25,CA_3,CA,86
2013-10-25,TX_1,TX,32
2013-10-25,TX_2,TX,51
2013-10-25,WI_1,WI,50
2013-10-25,WI_2,WI,56
2013-10-26,CA_1,CA,116
2013-10-26,CA_2,CA,68
2013-10-26,CA_3,CA,153
2013-10-26,TX_1,TX,35
2013-10-26,TX_2,TX,68
2013-10-26,WI_1,WI,86
2013-10-26,WI_2,WI,81
2013-10-27,CA_1,CA,110
2013-10-27,CA_2,CA,75
2013-10-27,CA_3,CA,128
2013-10-27,TX_1,TX,52
2013-10-27,TX_2,TX,73
2013-10-27,WI_1,WI,53
2013-10-27,WI_2,WI,53
2013-10-28,CA_1,CA,69
2013-10-28,CA_2,CA,38
2013-10-28,CA_3,CA,132
2013-10-28,TX_1,TX,23
2013-10-28,TX_2,TX,43
2013-10-28,WI_1,WI,39
2013-10-28,WI_2,WI,23
2013-10-29,CA_1,CA,60
2013-10-29,CA_2,CA,95
2013-10-29,CA_3,CA,109
2013-10-29,TX_1,TX,24
2013-10-29,TX_2,TX,50
2013-10-29,WI_1,WI,39
2013-10-29,WI_2,WI,41
2013-10-30,CA_1,CA,70
2013-10-30,CA_2,CA,51
2013-10-30,CA_3,CA,83
2013-10-30,TX_1,TX,36
2013-10-30,TX_2,TX,47
2013-10-30,WI_1,WI,59
2013-10-30,WI_2,WI,79
2013-10-31,CA_1,CA,52
2013-10-31,CA_2,CA,36
2013-10-31,CA_3,CA,86
2013-10-31,TX_1,TX,35
2013-10-31,TX_2,TX,42
2013-10-31,WI_1,WI,35
2013-10-31,WI_2,WI,76
2013-11-01,CA_1,CA,72
2013-11-01,CA_2,CA,54
2013-11-01,CA_3,CA,103
2013-11-01,TX_1,TX,42
2013-11-01,TX_2,TX,101
2013-11-01,WI_1,WI,52
2013-11-01,WI_2,WI,57
2013-11-02,CA_1,CA,74
2013-11-02,CA_2,CA,56
2013-11-02,CA_3,CA,143
2013-11-02,TX_1,TX,24
2013-11-02,TX_2,TX,57
2013-11-02,WI_1,WI,65
2013-11-02,WI_2,WI,84
2013-11-03,CA_1,CA,102
2013-11-03,CA_2,CA,47
2013-11-03,CA_3,CA,107
2013-11-03,TX_1,TX,30
2013-11-03,TX_2,TX,66
2013-11-03,WI_1,WI,54
2013-11-03,WI_2,WI,76
2013-11-04,CA_1,CA,70
2013-11-04,CA_2,CA,48
2013-11-04,CA_3,CA,77
2013-11-04,TX_1,TX,25
2013-11-04,TX_2,TX,47
2013-11-04,WI_1,WI,52
2013-11-04,WI_2,WI,54
2013-11-05,CA_1,CA,75
2013-11-05,CA_2,CA,42
2013-11-05,CA_3,CA,63
2013-11-05,TX_1,TX,27
2013-11-05,TX_2,TX,37
2013-11-05,WI_1,WI,37
2013-11-05,WI_2,WI,67
2013-11-06,CA_1,CA,74
2013-11-06,CA_2,CA,30
2013-11-06,CA_3,CA,130
2013-11-06,TX_1,TX,30
2013-11-06,TX_2,TX,51
2013-11-06,WI_1,WI,47
2013-11-06,WI_2,WI,64
2013-11-07,CA_1,CA,44
2013-11-07,CA_2,CA,37
2013-11-07,CA_3,CA,108
2013-11-07,TX_1,TX,41
2013-11-07,TX_2,TX,43
2013-11-07,WI_1,WI,38
2013-11-07,WI_2,WI,55
2013-11-08,CA_1,CA,51
2013-11-08,CA_2,CA,44
2013-11-08,CA_3,CA,84
2013-11-08,TX_1,TX,27
2013-11-08,TX_2,TX,50
2013-11-08,WI_1,WI,53
2013-11-08,WI_2,WI,58
2013-11-09,CA_1,CA,124
2013-11-09,CA_2,CA,40
2013-11-09,CA_3,CA,122
2013-11-09,TX_1,TX,43
2013-11-09,TX_2,TX,86
2013-11-09,WI_1,WI,78
2013-11-09,WI_2,WI,91
2013-11-10,CA_1,CA,97
2013-11-10,CA_2,CA,51
2013-11-10,CA_3,CA,136
2013-11-10,TX_1,TX,40
2013-11-10,TX_2,TX,62
2013-11-10,WI_1,WI,68
2013-11-10,WI_2,WI,47
2013-11-11,CA_1,CA,72
2013-11-11,CA_2,CA,46
2013-11-11,CA_3,CA,95
2013-11-11,TX_1,TX,51
2013-11-11,TX_2,TX,78
2013-11-11,WI_1,WI,35
2013-11-11,WI_2,WI,59
2013-11-12,CA_1,CA,66
2013-11-12,CA_2,CA,69
2013-11-12,CA_3,CA,61
2013-11-12,TX_1,TX,37
2013-11-12,TX_2,TX,51
2013-11-12,WI_1,WI,43
2013-11-12,WI_2,WI,64
2013-11-13,CA_1,CA,55
2013-11-13,CA_2,CA,38
2013-11-13,CA_3,CA,81
2013-11-13,TX_1,TX,43
2013-11-13,TX_2,TX,48
2013-11-13,WI_1,WI,43
2013-11-13,WI_2,WI,67
2013-11-14,CA_1,CA,48
2013-11-14,CA_2,CA,23
2013-11-14,CA_3,CA,96
2013-11-14,TX_1,TX,55
2013-11-14,TX_2,TX,65
2013-11-14,WI_1,WI,44
2013-11-14,WI_2,WI,54
2013-11-15,CA_1,CA,59
2013-11-15,CA_2,CA,36
2013-11-15,CA_3,CA,137
2013-11-15,TX_1,TX,48
2013-11-15,TX_2,TX,66
2013-11-15,WI_1,WI,58
2013-11-15,WI_2,WI,65
2013-11-16,CA_1,CA,74
2013-11-16,CA_2,CA,60
2013-11-16,CA_3,CA,111
2013-11-16,TX_1,TX,66
2013-11-16,TX_2,TX,53
2013-11-16,WI_1,WI,77
2013-11-16,WI_2,WI,58
2013-11-17,CA_1,CA,77
2013-11-17,CA_2,CA,80
2013-11-17,CA_3,CA,106
2013-11-17,TX_1,TX,76
2013-11-17,TX_2,TX,70
2013-11-17,WI_1,WI,71
2013-11-17,WI_2,WI,68
2013-11-18,CA_1,CA,63
2013-11-18,CA_2,CA,29
2013-11-18,CA_3,CA,142
2013-11-18,TX_1,TX,65
2013-11-18,TX_2,TX,52
2013-11-18,WI_1,WI,45
2013-11-18,WI_2,WI,79
2013-11-19,CA_1,CA,78
2013-11-19,CA_2,CA,38
2013-11-19,CA_3,CA,120
2013-11-19,TX_1,TX,50
2013-11-19,TX_2,TX,71
2013-11-19,WI_1,WI,49
2013-11-19,WI_2,WI,47
2013-11-20,CA_1,CA,61
2013-11-20,CA_2,CA,38
2013-11-20,CA_3,CA,90
2013-11-20,TX_1,TX,42
2013-11-20,TX_2,TX,49
2013-11-20,WI_1,WI,37
2013-11-20,WI_2,WI,56
2013-11-21,CA_1,CA,57
2013-11-21,CA_2,CA,61
2013-11-21,CA_3,CA,68
2013-11-21,TX_1,TX,28
2013-11-21,TX_2,TX,85
2013-11-21,WI_1,WI,61
2013-11-21,WI_2,WI,50
2013-11-22,CA_1,CA,75
2013-11-22,CA_2,CA,54
2013-11-22,CA_3,CA,108
2013-11-22,TX_1,TX,33
2013-11-22,TX_2,TX,55
2013-11-22,WI_1,WI,60
2013-11-22,WI_2,WI,57
2013-11-23,CA_1,CA,81
2013-11-23,CA_2,CA,94
2013-11-23,CA_3,CA,100
2013-11-23,TX_1,TX,35
2013-11-23,TX_2,TX,75
2013-11-23,WI_1,WI,76
2013-11-23,WI_2,WI,48
2013-11-24,CA_1,CA,68
2013-11-24,CA_2,CA,87
2013-11-24,CA_3,CA,96
2013-11-24,TX_1,TX,40
2013-11-24,TX_2,TX,80
2013-11-24,WI_1,WI,85
2013-11-24,WI_2,WI,33
2013-11-25,CA_1,CA,67
2013-11-25,CA_2,CA,26
2013-11-25,CA_3,CA,100
2013-11-25,TX_1,TX,45
2013-11-25,TX_2,TX,60
2013-11-25,WI_1,WI,32
2013-11-25,WI_2,WI,31
2013-11-26,CA_1,CA,69
2013-11-26,CA_2,CA,51
2013-11-26,CA_3,CA,104
2013-11-26,TX_1,TX,36
2013-11-26,TX_2,TX,63
2013-11-26,WI_1,WI,69
2013-11-26,WI_2,WI,32
2013-11-27,CA_1,CA,68
2013-11-27,CA_2,CA,66
2013-11-27,CA_3,CA,132
2013-11-27,TX_1,TX,41
2013-11-27,TX_2,TX,33
2013-11-27,WI_1,WI,91
2013-11-27,WI_2,WI,29
2013-11-28,CA_1,CA,34
2013-11-28,CA_2,CA,15
2013-11-28,CA_3,CA,58
2013-11-28,TX_1,TX,29
2013-11-28,TX_2,TX,19
2013-11-28,WI_1,WI,27
2013-11-28,WI_2,WI,15
2013-11-29,CA_1,CA,46
2013-11-29,CA_2,CA,39
2013-11-29,CA_3,CA,85
2013-11-29,TX_1,TX,29
2013-11-29,TX_2,TX,28
2013-11-29,WI_1,WI,37
2013-11-29,WI_2,WI,24
2013-11-30,CA_1,CA,41
2013-11-30,CA_2,CA,55
2013-11-30,CA_3,CA,104
2013-11-30,TX_1,TX,48
2013-11-30,TX_2,TX,61
2013-11-30,WI_1,WI,73
2013-11-30,WI_2,WI,16
2013-12-01,CA_1,CA,92
2013-12-01,CA_2,CA,41
2013-12-01,CA_3,CA,112
2013-12-01,TX_1,TX,63
2013-12-01,TX_2,TX,71
2013-12-01,WI_1,WI,49
2013-12-01,WI_2,WI,29
2013-12-02,CA_1,CA,103
2013-12-02,CA_2,CA,36
2013-12-02,CA_3,CA,99
2013-12-02,TX_1,TX,34
2013-12-02,TX_2,TX,47
2013-12-02,WI_1,WI,48
2013-12-02,WI_2,WI,42
2013-12-03,CA_1,CA,48
2013-12-03,CA_2,CA,64
2013-12-03,CA_3,CA,146
2013-12-03,TX_1,TX,19
2013-12-03,TX_2,TX,53
2013-12-03,WI_1,WI,45
2013-12-03,WI_2,WI,66
2013-12-04,CA_1,CA,59
2013-12-04,CA_2,CA,29
2013-12-04,CA_3,CA,89
2013-12-04,TX_1,TX,21
2013-12-04,TX_2,TX,57
2013-12-04,WI_1,WI,59
2013-12-04,WI_2,WI,37
2013-12-05,CA_1,CA,74
2013-12-05,CA_2,CA,64
2013-12-05,CA_3,CA,97
2013-12-05,TX_1,TX,20
2013-12-05,TX_2,TX,49
2013-12-05,WI_1,WI,46
2013-12-05,WI_2,WI,55
2013-12-06,CA_1,CA,67
2013-12-06,CA_2,CA,31
2013-12-06,CA_3,CA,118
2013-12-06,TX_1,TX,30
2013-12-06,TX_2,TX,66
2013-12-06,WI_1,WI,57
2013-12-06,WI_2,WI,69
2013-12-07,CA_1,CA,80
2013-12-07,CA_2,CA,60
2013-12-07,CA_3,CA,114
2013-12-07,TX_1,TX,38
2013-12-07,TX_2,TX,67
2013-12-07,WI_1,WI,58
2013-12-07,WI_2,WI,54
2013-12-08,CA_1,CA,64
2013-12-08,CA_2,CA,55
2013-12-08,CA_3,CA,99
2013-12-08,TX_1,TX,35
2013-12-08,TX_2,TX,70
2013-12-08,WI_1,WI,28
2013-12-08,WI_2,WI,56
2013-12-09,CA_1,CA,72
2013-12-09,CA_2,CA,60
2013-12-09,CA_3,CA,96
2013-12-09,TX_1,TX,33
2013-12-09,TX_2,TX,53
2013-12-09,WI_1,WI,41
2013-12-09,WI_2,WI,47
2013-12-10,CA_1,CA,84
2013-12-10,CA_2,CA,56
2013-12-10,CA_3,CA,96
2013-12-10,TX_1,TX,32
2013-12-10,TX_2,TX,31
2013-12-10,WI_1,WI,39
2013-12-10,WI_2,WI,49
2013-12-11,CA_1,CA,65
2013-12-11,CA_2,CA,29
2013-12-11,CA_3,CA,102
2013-12-11,TX_1,TX,48
2013-12-11,TX_2,TX,69
2013-12-11,WI_1,WI,50
2013-12-11,WI_2,WI,80
2013-12-12,CA_1,CA,52
2013-12-12,CA_2,CA,43
2013-12-12,CA_3,CA,85
2013-12-12,TX_1,TX,41
2013-12-12,TX_2,TX,46
2013-12-12,WI_1,WI,33
2013-12-12,WI_2,WI,67
2013-12-13,CA_1,CA,59
2013-12-13,CA_2,CA,62
2013-12-13,CA_3,CA,79
2013-12-13,TX_1,TX,31
2013-12-13,TX_2,TX,62
2013-12-13,WI_1,WI,72
2013-12-13,WI_2,WI,75
2013-12-14,CA_1,CA,74
2013-12-14,CA_2,CA,48
2013-12-14,CA_3,CA,117
2013-12-14,TX_1,TX,46
2013-12-14,TX_2,TX,55
2013-12-14,WI_1,WI,54
2013-12-14,WI_2,WI,88
2013-12-15,CA_1,CA,84
2013-12-15,CA_2,CA,44
2013-12-15,CA_3,CA,135
2013-12-15,TX_1,TX,42
2013-12-15,TX_2,TX,63
2013-12-15,WI_1,WI,66
2013-12-15,WI_2,WI,93
2013-12-16,CA_1,CA,60
2013-12-16,CA_2,CA,72
2013-12-16,CA_3,CA,139
2013-12-16,TX_1,TX,37
2013-12-16,TX_2,TX,46
2013-12-16,WI_1,WI,39
2013-12-16,WI_2,WI,84
2013-12-17,CA_1,CA,66
2013-12-17,CA_2,CA,34
2013-12-17,CA_3,CA,80
2013-12-17,TX_1,TX,24
2013-12-17,TX_2,TX,57
2013-12-17,WI_1,WI,34
2013-12-17,WI_2,WI,48
2013-12-18,CA_1,CA,57
2013-12-18,CA_2,CA,59
2013-12-18,CA_3,CA,73
2013-12-18,TX_1,TX,31
2013-12-18,TX_2,TX,57
2013-12-18,WI_1,WI,41
2013-12-18,WI_2,WI,68
2013-12-19,CA_1,CA,70
2013-12-19,CA_2,CA,56
2013-12-19,CA_3,CA,120
2013-12-19,TX_1,TX,35
2013-12-19,TX_2,TX,35
2013-12-19,WI_1,WI,48
2013-12-19,WI_2,WI,61
2013-12-20,CA_1,CA,98
2013-12-20,CA_2,CA,38
2013-12-20,CA_3,CA,119
2013-12-20,TX_1,TX,26
2013-12-20,TX_2,TX,30
2013-12-20,WI_1,WI,52
2013-12-20,WI_2,WI,51
2013-12-21,CA_1,CA,95
2013-12-21,CA_2,CA,66
2013-12-21,CA_3,CA,108
2013-12-21,TX_1,TX,36
2013-12-21,TX_2,TX,83
2013-12-21,WI_1,WI,83
2013-12-21,WI_2,WI,58
2013-12-22,CA_1,CA,79
2013-12-22,CA_2,CA,51
2013-12-22,CA_3,CA,117
2013-12-22,TX_1,TX,36
2013-12-22,TX_2,TX,58
2013-12-22,WI_1,WI,45
2013-12-22,WI_2,WI,34
2013-12-23,CA_1,CA,71
2013-12-23,CA_2,CA,48
2013-12-23,CA_3,CA,115
2013-12-23,TX_1,TX,39
2013-12-23,TX_2,TX,49
2013-12-23,WI_1,WI,54
2013-12-23,WI_2,WI,50
2013-12-24,CA_1,CA,53
2013-12-24,CA_2,CA,24
2013-12-24,CA_3,CA,65
2013-12-24,TX_1,TX,41
2013-12-24,TX_2,TX,49
2013-12-24,WI_1,WI,69
2013-12-24,WI_2,WI,49
2013-12-25,CA_1,CA,0
2013-12-25,CA_2,CA,0
2013-12-25,CA_3,CA,0
2013-12-25,TX_1,TX,0
2013-12-25,TX_2,TX,0
2013-12-25,WI_1,WI,0
2013-12-25,WI_2,WI,0
2013-12-26,CA_1,CA,46
2013-12-26,CA_2,CA,53
2013-12-26,CA_3,CA,100
2013-12-26,TX_1,TX,33
2013-12-26,TX_2,TX,34
2013-12-26,WI_1,WI,30
2013-12-26,WI_2,WI,48
2013-12-27,CA_1,CA,119
2013-12-27,CA_2,CA,56
2013-12-27,CA_3,CA,93
2013-12-27,TX_1,TX,27
2013-12-27,TX_2,TX,44
2013-12-27,WI_1,WI,61
2013-12-27,WI_2,WI,60
2013-12-28,CA_1,CA,97
2013-12-28,CA_2,CA,47
2013-12-28,CA_3,CA,61
2013-12-28,TX_1,TX,31
2013-12-28,TX_2,TX,67
2013-12-28,WI_1,WI,78
2013-12-28,WI_2,WI,39
2013-12-29,CA_1,CA,44
2013-12-29,CA_2,CA,60
2013-12-29,CA_3,CA,63
2013-12-29,TX_1,TX,21
2013-12-29,TX_2,TX,46
2013-12-29,WI_1,WI,55
2013-12-29,WI_2,WI,50
2013-12-30,CA_1,CA,59
2013-12-30,CA_2,CA,44
2013-12-30,CA_3,CA,93
2013-12-30,TX_1,TX,28
2013-12-30,TX_2,TX,57
2013-12-30,WI_1,WI,46
2013-12-30,WI_2,WI,34
2013-12-31,CA_1,CA,69
2013-12-31,CA_2,CA,32
2013-12-31,CA_3,CA,89
2013-12-31,TX_1,TX,28
2013-12-31,TX_2,TX,39
2013-12-31,WI_1,WI,53
2013-12-31,WI_2,WI,47
2014-01-01,CA_1,CA,46
2014-01-01,CA_2,CA,24
2014-01-01,CA_3,CA,73
2014-01-01,TX_1,TX,16
2014-01-01,TX_2,TX,38
2014-01-01,WI_1,WI,14
2014-01-01,WI_2,WI,29
2014-01-02,CA_1,CA,81
2014-01-02,CA_2,CA,32
2014-01-02,CA_3,CA,92
2014-01-02,TX_1,TX,29
2014-01-02,TX_2,TX,54
2014-01-02,WI_1,WI,44
2014-01-02,WI_2,WI,57
2014-01-03,CA_1,CA,67
2014-01-03,CA_2,CA,38
2014-01-03,CA_3,CA,117
2014-01-03,TX_1,TX,44
2014-01-03,TX_2,TX,31
2014-01-03,WI_1,WI,58
2014-01-03,WI_2,WI,54
2014-01-04,CA_1,CA,92
2014-01-04,CA_2,CA,38
2014-01-04,CA_3,CA,114
2014-01-04,TX_1,TX,38
2014-01-04,TX_2,TX,63
2014-01-04,WI_1,WI,107
2014-01-04,WI_2,WI,40
2014-01-05,CA_1,CA,74
2014-01-05,CA_2,CA,36
2014-01-05,CA_3,CA,129
2014-01-05,TX_1,TX,53
2014-01-05,TX_2,TX,59
2014-01-05,WI_1,WI,67
2014-01-05,WI_2,WI,74
2014-01-06,CA_1,CA,87
2014-01-06,CA_2,CA,46
2014-01-06,CA_3,CA,101
2014-01-06,TX_1,TX,23
2014-01-06,TX_2,TX,26
2014-01-06,WI_1,WI,28
2014-01-06,WI_2,WI,42
2014-01-07,CA_1,CA,58
2014-01-07,CA_2,CA,44
2014-01-07,CA_3,CA,109
2014-01-07,TX_1,TX,26
2014-01-07,TX_2,TX,52
2014-01-07,WI_1,WI,28
2014-01-07,WI_2,WI,41
2014-01-08,CA_1,CA,84
2014-01-08,CA_2,CA,35
2014-01-08,CA_3,CA,106
2014-01-08,TX_1,TX,35
2014-01-08,TX_2,TX,51
2014-01-08,WI_1,WI,40
2014-01-08,WI_2,WI,51
2014-01-09,CA_1,CA,53
2014-01-09,CA_2,CA,20
2014-01-09,CA_3,CA,72
2014-01-09,TX_1,TX,37
2014-01-09,TX_2,TX,53
2014-01-09,WI_1,WI,45
2014-01-09,WI_2,WI,46
2014-01-10,CA_1,CA,59
2014-01-10,CA_2,CA,29
2014-01-10,CA_3,CA,63
2014-01-10,TX_1,TX,24
2014-01-10,TX_2,TX,40
2014-01-10,WI_1,WI,35
2014-01-10,WI_2,WI,34
2014-01-11,CA_1,CA,78
2014-01-11,CA_2,CA,75
2014-01-11,CA_3,CA,78
2014-01-11,TX_1,TX,46
2014-01-11,TX_2,TX,52
2014-01-11,WI_1,WI,77
2014-01-11,WI_2,WI,105
2014-01-12,CA_1,CA,60
2014-01-12,CA_2,CA,42
2014-01-12,CA_3,CA,121
2014-01-12,TX_1,TX,37
2014-01-12,TX_2,TX,35
2014-01-12,WI_1,WI,56
2014-01-12,WI_2,WI,86
2014-01-13,CA_1,CA,56
2014-01-13,CA_2,CA,39
2014-01-13,CA_3,CA,89
2014-01-13,TX_1,TX,30
2014-01-13,TX_2,TX,36
2014-01-13,WI_1,WI,36
2014-01-13,WI_2,WI,53
2014-01-14,CA_1,CA,48
2014-01-14,CA_2,CA,28
2014-01-14,CA_3,CA,109
2014-01-14,TX_1,TX,30
2014-01-14,TX_2,TX,33
2014-01-14,WI_1,WI,26
2014-01-14,WI_2,WI,77
2014-01-15,CA_1,CA,49
2014-01-15,CA_2,CA,29
2014-01-15,CA_3,CA,102
2014-01-15,TX_1,TX,28
2014-01-15,TX_2,TX,51
2014-01-15,WI_1,WI,30
2014-01-15,WI_2,WI,89
2014-01-16,CA_1,CA,51
2014-01-16,CA_2,CA,66
2014-01-16,CA_3,CA,65
2014-01-16,TX_1,TX,39
2014-01-16,TX_2,TX,44
2014-01-16,WI_1,WI,27
2014-01-16,WI_2,WI,61
2014-01-17,CA_1,CA,47
2014-01-17,CA_2,CA,51
2014-01-17,CA_3,CA,92
2014-01-17,TX_1,TX,21
2014-01-17,TX_2,TX,45
2014-01-17,WI_1,WI,60
2014-01-17,WI_2,WI,59
2014-01-18,CA_1,CA,96
2014-01-18,CA_2,CA,111
2014-01-18,CA_3,CA,108
2014-01-18,TX_1,TX,68
2014-01-18,TX_2,TX,56
2014-01-18,WI_1,WI,77
2014-01-18,WI_2,WI,74
2014-01-19,CA_1,CA,74
2014-01-19,CA_2,CA,98
2014-01-19,CA_3,CA,117
2014-01-19,TX_1,TX,28
2014-01-19,TX_2,TX,61
2014-01-19,WI_1,WI,77
2014-01-19,WI_2,WI,48
2014-01-20,CA_1,CA,48
2014-01-20,CA_2,CA,58
2014-01-20,CA_3,CA,71
2014-01-20,TX_1,TX,38
2014-01-20,TX_2,TX,40
2014-01-20,WI_1,WI,53
2014-01-20,WI_2,WI,47
2014-01-21,CA_1,CA,32
2014-01-21,CA_2,CA,31
2014-01-21,CA_3,CA,60
2014-01-21,TX_1,TX,33
2014-01-21,TX_2,TX,38
2014-01-21,WI_1,WI,24
2014-01-21,WI_2,WI,42
2014-01-22,CA_1,CA,72
2014-01-22,CA_2,CA,36
2014-01-22,CA_3,CA,183
2014-01-22,TX_1,TX,20
2014-01-22,TX_2,TX,41
2014-01-22,WI_1,WI,48
2014-01-22,WI_2,WI,28
2014-01-23,CA_1,CA,39
2014-01-23,CA_2,CA,42
2014-01-23,CA_3,CA,86
2014-01-23,TX_1,TX,29
2014-01-23,TX_2,TX,25
2014-01-23,WI_1,WI,34
2014-01-23,WI_2,WI,41
2014-01-24,CA_1,CA,50
2014-01-24,CA_2,CA,29
2014-01-24,CA_3,CA,77
2014-01-24,TX_1,TX,34
2014-01-24,TX_2,TX,49
2014-01-24,WI_1,WI,38
2014-01-24,WI_2,WI,72
2014-01-25,CA_1,CA,82
2014-01-25,CA_2,CA,91
2014-01-25,CA_3,CA,90
2014-01-25,TX_1,TX,50
2014-01-25,TX_2,TX,72
2014-01-25,WI_1,WI,65
2014-01-25,WI_2,WI,69
2014-01-26,CA_1,CA,72
2014-01-26,CA_2,CA,56
2014-01-26,CA_3,CA,104
2014-01-26,TX_1,TX,50
2014-01-26,TX_2,TX,45
2014-01-26,WI_1,WI,60
2014-01-26,WI_2,WI,75
2014-01-27,CA_1,CA,72
2014-01-27,CA_2,CA,64
2014-01-27,CA_3,CA,76
2014-01-27,TX_1,TX,41
2014-01-27,TX_2,TX,69
2014-01-27,WI_1,WI,30
2014-01-27,WI_2,WI,44
2014-01-28,CA_1,CA,45
2014-01-28,CA_2,CA,45
2014-01-28,CA_3,CA,83
2014-01-28,TX_1,TX,25
2014-01-28,TX_2,TX,23
2014-01-28,WI_1,WI,23
2014-01-28,WI_2,WI,33
2014-01-29,CA_1,CA,29
2014-01-29,CA_2,CA,42
2014-01-29,CA_3,CA,42
2014-01-29,TX_1,TX,20
2014-01-29,TX_2,TX,40
2014-01-29,WI_1,WI,38
2014-01-29,WI_2,WI,50
2014-01-30,CA_1,CA,33
2014-01-30,CA_2,CA,38
2014-01-30,CA_3,CA,88
2014-01-30,TX_1,TX,32
2014-01-30,TX_2,TX,31
2014-01-30,WI_1,WI,38
2014-01-30,WI_2,WI,56
2014-01-31,CA_1,CA,121
2014-01-31,CA_2,CA,54
2014-01-31,CA_3,CA,83
2014-01-31,TX_1,TX,45
2014-01-31,TX_2,TX,46
2014-01-31,WI_1,WI,74
2014-01-31,WI_2,WI,67
2014-02-01,CA_1,CA,81
2014-02-01,CA_2,CA,101
2014-02-01,CA_3,CA,136
2014-02-01,TX_1,TX,44
2014-02-01,TX_2,TX,60
2014-02-01,WI_1,WI,76
2014-02-01,WI_2,WI,88
2014-02-02,CA_1,CA,94
2014-02-02,CA_2,CA,74
2014-02-02,CA_3,CA,118
2014-02-02,TX_1,TX,37
2014-02-02,TX_2,TX,61
2014-02-02,WI_1,WI,66
2014-02-02,WI_2,WI,73
2014-02-03,CA_1,CA,101
2014-02-03,CA_2,CA,30
2014-02-03,CA_3,CA,136
2014-02-03,TX_1,TX,24
2014-02-03,TX_2,TX,34
2014-02-03,WI_1,WI,46
2014-02-03,WI_2,WI,86
2014-02-04,CA_1,CA,55
2014-02-04,CA_2,CA,28
2014-02-04,CA_3,CA,80
2014-02-04,TX_1,TX,41
2014-02-04,TX_2,TX,37
2014-02-04,WI_1,WI,33
2014-02-04,WI_2,WI,48
2014-02-05,CA_1,CA,61
2014-02-05,CA_2,CA,51
2014-02-05,CA_3,CA,121
2014-02-05,TX_1,TX,48
2014-02-05,TX_2,TX,38
2014-02-05,WI_1,WI,38
2014-02-05,WI_2,WI,57
2014-02-06,CA_1,CA,63
2014-02-06,CA_2,CA,38
2014-02-06,CA_3,CA,106
2014-02-06,TX_1,TX,23
2014-02-06,TX_2,TX,38
2014-02-06,WI_1,WI,38
2014-02-06,WI_2,WI,63
2014-02-07,CA_1,CA,67
2014-02-07,CA_2,CA,55
2014-02-07,CA_3,CA,94
2014-02-07,TX_1,TX,46
2014-02-07,TX_2,TX,48
2014-02-07,WI_1,WI,53
2014-02-07,WI_2,WI,72
2014-02-08,CA_1,CA,117
2014-02-08,CA_2,CA,69
2014-02-08,CA_3,CA,106
2014-02-08,TX_1,TX,45
2014-02-08,TX_2,TX,67
2014-02-08,WI_1,WI,64
2014-02-08,WI_2,WI,86
2014-02-09,CA_1,CA,111
2014-02-09,CA_2,CA,97
2014-02-09,CA_3,CA,135
2014-02-09,TX_1,TX,43
2014-02-09,TX_2,TX,57
2014-02-09,WI_1,WI,67
2014-02-09,WI_2,WI,88
2014-02-10,CA_1,CA,104
2014-02-10,CA_2,CA,61
2014-02-10,CA_3,CA,100
2014-02-10,TX_1,TX,36
2014-02-10,TX_2,TX,43
2014-02-10,WI_1,WI,40
2014-02-10,WI_2,WI,54
2014-02-11,CA_1,CA,57
2014-02-11,CA_2,CA,85
2014-02-11,CA_3,CA,88
2014-02-11,TX_1,TX,57
2014-02-11,TX_2,TX,47
2014-02-11,WI_1,WI,41
2014-02-11,WI_2,WI,84
2014-02-12,CA_1,CA,58
2014-02-12,CA_2,CA,58
2014-02-12,CA_3,CA,106
2014-02-12,TX_1,TX,32
2014-02-12,TX_2,TX,43
2014-02-12,WI_1,WI,39
2014-02-12,WI_2,WI,90
2014-02-13,CA_1,CA,74
2014-02-13,CA_2,CA,50
2014-02-13,CA_3,CA,117
2014-02-13,TX_1,TX,29
2014-02-13,TX_2,TX,56
2014-02-13,WI_1,WI,56
2014-02-13,WI_2,WI,94
2014-02-14,CA_1,CA,73
2014-02-14,CA_2,CA,56
2014-02-14,CA_3,CA,108
2014-02-14,TX_1,TX,9
2014-02-14,TX_2,TX,34
2014-02-14,WI_1,WI,53
2014-02-14,WI_2,WI,66
2014-02-15,CA_1,CA,86
2014-02-15,CA_2,CA,78
2014-02-15,CA_3,CA,113
2014-02-15,TX_1,TX,43
2014-02-15,TX_2,TX,65
2014-02-15,WI_1,WI,69
2014-02-15,WI_2,WI,118
2014-02-16,CA_1,CA,122
2014-02-16,CA_2,CA,72
2014-02-16,CA_3,CA,99
2014-02-16,TX_1,TX,63
2014-02-16,TX_2,TX,68
2014-02-16,WI_1,WI,71
2014-02-16,WI_2,WI,83
2014-02-17,CA_1,CA,63
2014-02-17,CA_2,CA,55
2014-02-17,CA_3,CA,104
2014-02-17,TX_1,TX,21
2014-02-17,TX_2,TX,57
2014-02-17,WI_1,WI,23
2014-02-17,WI_2,WI,43
2014-02-18,CA_1,CA,78
2014-02-18,CA_2,CA,64
2014-02-18,CA_3,CA,98
2014-02-18,TX_1,TX,13
2014-02-18,TX_2,TX,59
2014-02-18,WI_1,WI,43
2014-02-18,WI_2,WI,57
2014-02-19,CA_1,CA,54
2014-02-19,CA_2,CA,46
2014-02-19,CA_3,CA,114
2014-02-19,TX_1,TX,22
2014-02-19,TX_2,TX,42
2014-02-19,WI_1,WI,42
2014-02-19,WI_2,WI,85
2014-02-20,CA_1,CA,33
2014-02-20,CA_2,CA,43
2014-02-20,CA_3,CA,71
2014-02-20,TX_1,TX,29
2014-02-20,TX_2,TX,44
2014-02-20,WI_1,WI,56
2014-02-20,WI_2,WI,61
2014-02-21,CA_1,CA,62
2014-02-21,CA_2,CA,51
2014-02-21,CA_3,CA,113
2014-02-21,TX_1,TX,41
2014-02-21,TX_2,TX,46
2014-02-21,WI_1,WI,57
2014-02-21,WI_2,WI,46
2014-02-22,CA_1,CA,90
2014-02-22,CA_2,CA,94
2014-02-22,CA_3,CA,117
2014-02-22,TX_1,TX,49
2014-02-22,TX_2,TX,62
2014-02-22,WI_1,WI,83
2014-02-22,WI_2,WI,72
2014-02-23,CA_1,CA,64
2014-02-23,CA_2,CA,69
2014-02-23,CA_3,CA,75
2014-02-23,TX_1,TX,59
2014-02-23,TX_2,TX,90
2014-02-23,WI_1,WI,81
2014-02-23,WI_2,WI,85
2014-02-24,CA_1,CA,69
2014-02-24,CA_2,CA,35
2014-02-24,CA_3,CA,100
2014-02-24,TX_1,TX,46
2014-02-24,TX_2,TX,55
2014-02-24,WI_1,WI,55
2014-02-24,WI_2,WI,62
2014-02-25,CA_1,CA,41
2014-02-25,CA_2,CA,41
2014-02-25,CA_3,CA,67
2014-02-25,TX_1,TX,41
2014-02-25,TX_2,TX,36
2014-02-25,WI_1,WI,52
2014-02-25,WI_2,WI,63
2014-02-26,CA_1,CA,45
2014-02-26,CA_2,CA,43
2014-02-26,CA_3,CA,58
2014-02-26,TX_1,TX,27
2014-02-26,TX_2,TX,65
2014-02-26,WI_1,WI,45
2014-02-26,WI_2,WI,45
2014-02-27,CA_1,CA,29
2014-02-27,CA_2,CA,48
2014-02-27,CA_3,CA,68
2014-02-27,TX_1,TX,47
2014-02-27,TX_2,TX,47
2014-02-27,WI_1,WI,42
2014-02-27,WI_2,WI,49
2014-02-28,CA_1,CA,54
2014-02-28,CA_2,CA,53
2014-02-28,CA_3,CA,90
2014-02-28,TX_1,TX,50
2014-02-28,TX_2,TX,28
2014-02-28,WI_1,WI,59
2014-02-28,WI_2,WI,82
2014-03-01,CA_1,CA,70
2014-03-01,CA_2,CA,120
2014-03-01,CA_3,CA,145
2014-03-01,TX_1,TX,40
2014-03-01,TX_2,TX,80
2014-03-01,WI_1,WI,73
2014-03-01,WI_2,WI,69
2014-03-02,CA_1,CA,82
2014-03-02,CA_2,CA,111
2014-03-02,CA_3,CA,134
2014-03-02,TX_1,TX,53
2014-03-02,TX_2,TX,68
2014-03-02,WI_1,WI,85
2014-03-02,WI_2,WI,76
2014-03-03,CA_1,CA,55
2014-03-03,CA_2,CA,44
2014-03-03,CA_3,CA,108
2014-03-03,TX_1,TX,27
2014-03-03,TX_2,TX,38
2014-03-03,WI_1,WI,46
2014-03-03,WI_2,WI,87
2014-03-04,CA_1,CA,60
2014-03-04,CA_2,CA,59
2014-03-04,CA_3,CA,65
2014-03-04,TX_1,TX,49
2014-03-04,TX_2,TX,32
2014-03-04,WI_1,WI,50
2014-03-04,WI_2,WI,68
2014-03-05,CA_1,CA,54
2014-03-05,CA_2,CA,37
2014-03-05,CA_3,CA,90
2014-03-05,TX_1,TX,30
2014-03-05,TX_2,TX,47
2014-03-05,WI_1,WI,33
2014-03-05,WI_2,WI,94
2014-03-06,CA_1,CA,50
2014-03-06,CA_2,CA,44
2014-03-06,CA_3,CA,127
2014-03-06,TX_1,TX,17
2014-03-06,TX_2,TX,52
2014-03-06,WI_1,WI,62
2014-03-06,WI_2,WI,53
2014-03-07,CA_1,CA,87
2014-03-07,CA_2,CA,55
2014-03-07,CA_3,CA,76
2014-03-07,TX_1,TX,41
2014-03-07,TX_2,TX,71
2014-03-07,WI_1,WI,79
2014-03-07,WI_2,WI,87
2014-03-08,CA_1,CA,71
2014-03-08,CA_2,CA,52
2014-03-08,CA_3,CA,105
2014-03-08,TX_1,TX,57
2014-03-08,TX_2,TX,91
2014-03-08,WI_1,WI,116
2014-03-08,WI_2,WI,128
2014-03-09,CA_1,CA,114
2014-03-09,CA_2,CA,87
2014-03-09,CA_3,CA,128
2014-03-09,TX_1,TX,77
2014-03-09,TX_2,TX,70
2014-03-09,WI_1,WI,91
2014-03-09,WI_2,WI,81
2014-03-10,CA_1,CA,66
2014-03-10,CA_2,CA,65
2014-03-10,CA_3,CA,155
2014-03-10,TX_1,TX,67
2014-03-10,TX_2,TX,55
2014-03-10,WI_1,WI,62
2014-03-10,WI_2,WI,72
2014-03-11,CA_1,CA,52
2014-03-11,CA_2,CA,41
2014-03-11,CA_3,CA,141
2014-03-11,TX_1,TX,61
2014-03-11,TX_2,TX,72
2014-03-11,WI_1,WI,40
2014-03-11,WI_2,WI,63
2014-03-12,CA_1,CA,52
2014-03-12,CA_2,CA,53
2014-03-12,CA_3,CA,97
2014-03-12,TX_1,TX,41
2014-03-12,TX_2,TX,65
2014-03-12,WI_1,WI,78
2014-03-12,WI_2,WI,93
2014-03-13,CA_1,CA,62
2014-03-13,CA_2,CA,49
2014-03-13,CA_3,CA,103
2014-03-13,TX_1,TX,46
2014-03-13,TX_2,TX,55
2014-03-13,WI_1,WI,75
2014-03-13,WI_2,WI,70
2014-03-14,CA_1,CA,86
2014-03-14,CA_2,CA,46
2014-03-14,CA_3,CA,76
2014-03-14,TX_1,TX,60
2014-03-14,TX_2,TX,54
2014-03-14,WI_1,WI,41
2014-03-14,WI_2,WI,69
2014-03-15,CA_1,CA,98
2014-03-15,CA_2,CA,70
2014-03-15,CA_3,CA,141
2014-03-15,TX_1,TX,59
2014-03-15,TX_2,TX,93
2014-03-15,WI_1,WI,92
2014-03-15,WI_2,WI,76
2014-03-16,CA_1,CA,113
2014-03-16,CA_2,CA,90
2014-03-16,CA_3,CA,238
2014-03-16,TX_1,TX,57
2014-03-16,TX_2,TX,49
2014-03-16,WI_1,WI,78
2014-03-16,WI_2,WI,74
2014-03-17,CA_1,CA,67
2014-03-17,CA_2,CA,47
2014-03-17,CA_3,CA,99
2014-03-17,TX_1,TX,46
2014-03-17,TX_2,TX,51
2014-03-17,WI_1,WI,56
2014-03-17,WI_2,WI,60
2014-03-18,CA_1,CA,61
2014-03-18,CA_2,CA,36
2014-03-18,CA_3,CA,110
2014-03-18,TX_1,TX,45
2014-03-18,TX_2,TX,45
2014-03-18,WI_1,WI,38
2014-03-18,WI_2,WI,45
2014-03-19,CA_1,CA,68
2014-03-19,CA_2,CA,42
2014-03-19,CA_3,CA,61
2014-03-19,TX_1,TX,40
2014-03-19,TX_2,TX,66
2014-03-19,WI_1,WI,49
2014-03-19,WI_2,WI,59
2014-03-20,CA_1,CA,66
2014-03-20,CA_2,CA,46
2014-03-20,CA_3,CA,58
2014-03-20,TX_1,TX,36
2014-03-20,TX_2,TX,49
2014-03-20,WI_1,WI,47
2014-03-20,WI_2,WI,62
2014-03-21,CA_1,CA,76
2014-03-21,CA_2,CA,55
2014-03-21,CA_3,CA,71
2014-03-21,TX_1,TX,31
2014-03-21,TX_2,TX,59
2014-03-21,WI_1,WI,69
2014-03-21,WI_2,WI,59
2014-03-22,CA_1,CA,80
2014-03-22,CA_2,CA,79
2014-03-22,CA_3,CA,100
2014-03-22,TX_1,TX,68
2014-03-22,TX_2,TX,59
2014-03-22,WI_1,WI,68
2014-03-22,WI_2,WI,64
2014-03-23,CA_1,CA,100
2014-03-23,CA_2,CA,79
2014-03-23,CA_3,CA,112
2014-03-23,TX_1,TX,32
2014-03-23,TX_2,TX,68
2014-03-23,WI_1,WI,58
2014-03-23,WI_2,WI,52
2014-03-24,CA_1,CA,55
2014-03-24,CA_2,CA,57
2014-03-24,CA_3,CA,83
2014-03-24,TX_1,TX,38
2014-03-24,TX_2,TX,53
2014-03-24,WI_1,WI,52
2014-03-24,WI_2,WI,27
2014-03-25,CA_1,CA,59
2014-03-25,CA_2,CA,71
2014-03-25,CA_3,CA,80
2014-03-25,TX_1,TX,40
2014-03-25,TX_2,TX,41
2014-03-25,WI_1,WI,35
2014-03-25,WI_2,WI,48
2014-03-26,CA_1,CA,59
2014-03-26,CA_2,CA,43
2014-03-26,CA_3,CA,91
2014-03-26,TX_1,TX,26
2014-03-26,TX_2,TX,33
2014-03-26,WI_1,WI,37
2014-03-26,WI_2,WI,45
2014-03-27,CA_1,CA,47
2014-03-27,CA_2,CA,39
2014-03-27,CA_3,CA,77
2014-03-27,TX_1,TX,57
2014-03-27,TX_2,TX,66
2014-03-27,WI_1,WI,46
2014-03-27,WI_2,WI,35
2014-03-28,CA_1,CA,62
2014-03-28,CA_2,CA,46
2014-03-28,CA_3,CA,96
2014-03-28,TX_1,TX,26
2014-03-28,TX_2,TX,37
2014-03-28,WI_1,WI,46
2014-03-28,WI_2,WI,83
2014-03-29,CA_1,CA,91
2014-03-29,CA_2,CA,62
2014-03-29,CA_3,CA,88
2014-03-29,TX_1,TX,51
2014-03-29,TX_2,TX,71
2014-03-29,WI_1,WI,75
2014-03-29,WI_2,WI,67
2014-03-30,CA_1,CA,118
2014-03-30,CA_2,CA,71
2014-03-30,CA_3,CA,116
2014-03-30,TX_1,TX,32
2014-03-30,TX_2,TX,93
2014-03-30,WI_1,WI,71
2014-03-30,WI_2,WI,61
2014-03-31,CA_1,CA,92
2014-03-31,CA_2,CA,30
2014-03-31,CA_3,CA,114
2014-03-31,TX_1,TX,31
2014-03-31,TX_2,TX,58
2014-03-31,WI_1,WI,46
2014-03-31,WI_2,WI,64
2014-04-01,CA_1,CA,50
2014-04-01,CA_2,CA,46
2014-04-01,CA_3,CA,82
2014-04-01,TX_1,TX,38
2014-04-01,TX_2,TX,47
2014-04-01,WI_1,WI,41
2014-04-01,WI_2,WI,61
2014-04-02,CA_1,CA,72
2014-04-02,CA_2,CA,55
2014-04-02,CA_3,CA,100
2014-04-02,TX_1,TX,34
2014-04-02,TX_2,TX,51
2014-04-02,WI_1,WI,54
2014-04-02,WI_2,WI,72
2014-04-03,CA_1,CA,73
2014-04-03,CA_2,CA,47
2014-04-03,CA_3,CA,130
2014-04-03,TX_1,TX,27
2014-04-03,TX_2,TX,51
2014-04-03,WI_1,WI,49
2014-04-03,WI_2,WI,97
2014-04-04,CA_1,CA,54
2014-04-04,CA_2,CA,53
2014-04-04,CA_3,CA,100
2014-04-04,TX_1,TX,24
2014-04-04,TX_2,TX,65
2014-04-04,WI_1,WI,69
2014-04-04,WI_2,WI,54
2014-04-05,CA_1,CA,95
2014-04-05,CA_2,CA,106
2014-04-05,CA_3,CA,132
2014-04-05,TX_1,TX,24
2014-04-05,TX_2,TX,62
2014-04-05,WI_1,WI,111
2014-04-05,WI_2,WI,89
2014-04-06,CA_1,CA,143
2014-04-06,CA_2,CA,92
2014-04-06,CA_3,CA,103
2014-04-06,TX_1,TX,48
2014-04-06,TX_2,TX,90
2014-04-06,WI_1,WI,69
2014-04-06,WI_2,WI,60
2014-04-07,CA_1,CA,87
2014-04-07,CA_2,CA,51
2014-04-07,CA_3,CA,119
2014-04-07,TX_1,TX,44
2014-04-07,TX_2,TX,41
2014-04-07,WI_1,WI,37
2014-04-07,WI_2,WI,56
2014-04-08,CA_1,CA,65
2014-04-08,CA_2,CA,32
2014-04-08,CA_3,CA,85
2014-04-08,TX_1,TX,25
2014-04-08,TX_2,TX,62
2014-04-08,WI_1,WI,56
2014-04-08,WI_2,WI,75
2014-04-09,CA_1,CA,78
2014-04-09,CA_2,CA,52
2014-04-09,CA_3,CA,103
2014-04-09,TX_1,TX,24
2014-04-09,TX_2,TX,53
2014-04-09,WI_1,WI,46
2014-04-09,WI_2,WI,62
2014-04-10,CA_1,CA,67
2014-04-10,CA_2,CA,42
2014-04-10,CA_3,CA,135
2014-04-10,TX_1,TX,20
2014-04-10,TX_2,TX,60
2014-04-10,WI_1,WI,60
2014-04-10,WI_2,WI,48
2014-04-11,CA_1,CA,109
2014-04-11,CA_2,CA,41
2014-04-11,CA_3,CA,123
2014-04-11,TX_1,TX,60
2014-04-11,TX_2,TX,59
2014-04-11,WI_1,WI,97
2014-04-11,WI_2,WI,47
2014-04-12,CA_1,CA,93
2014-04-12,CA_2,CA,49
2014-04-12,CA_3,CA,81
2014-04-12,TX_1,TX,33
2014-04-12,TX_2,TX,63
2014-04-12,WI_1,WI,93
2014-04-12,WI_2,WI,79
2014-04-13,CA_1,CA,100
2014-04-13,CA_2,CA,68
2014-04-13,CA_3,CA,126
2014-04-13,TX_1,TX,41
2014-04-13,TX_2,TX,65
2014-04-13,WI_1,WI,55
2014-04-13,WI_2,WI,85
2014-04-14,CA_1,CA,80
2014-04-14,CA_2,CA,25
2014-04-14,CA_3,CA,119
2014-04-14,TX_1,TX,28
2014-04-14,TX_2,TX,30
2014-04-14,WI_1,WI,45
2014-04-14,WI_2,WI,63
2014-04-15,CA_1,CA,61
2014-04-15,CA_2,CA,40
2014-04-15,CA_3,CA,86
2014-04-15,TX_1,TX,25
2014-04-15,TX_2,TX,52
2014-04-15,WI_1,WI,54
2014-04-15,WI_2,WI,69
2014-04-16,CA_1,CA,79
2014-04-16,CA_2,CA,92
2014-04-16,CA_3,CA,107
2014-04-16,TX_1,TX,36
2014-04-16,TX_2,TX,52
2014-04-16,WI_1,WI,51
2014-04-16,WI_2,WI,54
2014-04-17,CA_1,CA,63
2014-04-17,CA_2,CA,52
2014-04-17,CA_3,CA,82
2014-04-17,TX_1,TX,26
2014-04-17,TX_2,TX,39
2014-04-17,WI_1,WI,78
2014-04-17,WI_2,WI,54
2014-04-18,CA_1,CA,89
2014-04-18,CA_2,CA,39
2014-04-18,CA_3,CA,95
2014-04-18,TX_1,TX,34
2014-04-18,TX_2,TX,99
2014-04-18,WI_1,WI,66
2014-04-18,WI_2,WI,62
2014-04-19,CA_1,CA,123
2014-04-19,CA_2,CA,59
2014-04-19,CA_3,CA,125
2014-04-19,TX_1,TX,47
2014-04-19,TX_2,TX,66
2014-04-19,WI_1,WI,99
2014-04-19,WI_2,WI,50
2014-04-20,CA_1,CA,73
2014-04-20,CA_2,CA,33
2014-04-20,CA_3,CA,113
2014-04-20,TX_1,TX,36
2014-04-20,TX_2,TX,76
2014-04-20,WI_1,WI,65
2014-04-20,WI_2,WI,41
2014-04-21,CA_1,CA,49
2014-04-21,CA_2,CA,40
2014-04-21,CA_3,CA,113
2014-04-21,TX_1,TX,23
2014-04-21,TX_2,TX,44
2014-04-21,WI_1,WI,42
2014-04-21,WI_2,WI,54
2014-04-22,CA_1,CA,82
2014-04-22,CA_2,CA,34
2014-04-22,CA_3,CA,130
2014-04-22,TX_1,TX,31
2014-04-22,TX_2,TX,51
2014-04-22,WI_1,WI,57
2014-04-22,WI_2,WI,44
2014-04-23,CA_1,CA,68
2014-04-23,CA_2,CA,42
2014-04-23,CA_3,CA,85
2014-04-23,TX_1,TX,27
2014-04-23,TX_2,TX,49
2014-04-23,WI_1,WI,49
2014-04-23,WI_2,WI,46
2014-04-24,CA_1,CA,93
2014-04-24,CA_2,CA,48
2014-04-24,CA_3,CA,115
2014-04-24,TX_1,TX,45
2014-04-24,TX_2,TX,35
2014-04-24,WI_1,WI,45
2014-04-24,WI_2,WI,50
2014-04-25,CA_1,CA,68
2014-04-25,CA_2,CA,62
2014-04-25,CA_3,CA,105
2014-04-25,TX_1,TX,32
2014-04-25,TX_2,TX,71
2014-04-25,WI_1,WI,100
2014-04-25,WI_2,WI,46
2014-04-26,CA_1,CA,105
2014-04-26,CA_2,CA,93
2014-04-26,CA_3,CA,104
2014-04-26,TX_1,TX,41
2014-04-26,TX_2,TX,50
2014-04-26,WI_1,WI,77
2014-04-26,WI_2,WI,67
2014-04-27,CA_1,CA,108
2014-04-27,CA_2,CA,48
2014-04-27,CA_3,CA,196
2014-04-27,TX_1,TX,40
2014-04-27,TX_2,TX,53
2014-04-27,WI_1,WI,70
2014-04-27,WI_2,WI,79
2014-04-28,CA_1,CA,102
2014-04-28,CA_2,CA,42
2014-04-28,CA_3,CA,98
2014-04-28,TX_1,TX,41
2014-04-28,TX_2,TX,47
2014-04-28,WI_1,WI,49
2014-04-28,WI_2,WI,53
2014-04-29,CA_1,CA,49
2014-04-29,CA_2,CA,35
2014-04-29,CA_3,CA,67
2014-04-29,TX_1,TX,25
2014-04-29,TX_2,TX,49
2014-04-29,WI_1,WI,54
2014-04-29,WI_2,WI,50
2014-04-30,CA_1,CA,49
2014-04-30,CA_2,CA,47
2014-04-30,CA_3,CA,89
2014-04-30,TX_1,TX,26
2014-04-30,TX_2,TX,56
2014-04-30,WI_1,WI,50
2014-04-30,WI_2,WI,67
2014-05-01,CA_1,CA,46
2014-05-01,CA_2,CA,70
2014-05-01,CA_3,CA,131
2014-05-01,TX_1,TX,31
2014-05-01,TX_2,TX,43
2014-05-01,WI_1,WI,37
2014-05-01,WI_2,WI,78
2014-05-02,CA_1,CA,109
2014-05-02,CA_2,CA,66
2014-05-02,CA_3,CA,101
2014-05-02,TX_1,TX,27
2014-05-02,TX_2,TX,54
2014-05-02,WI_1,WI,85
2014-05-02,WI_2,WI,65
2014-05-03,CA_1,CA,121
2014-05-03,CA_2,CA,71
2014-05-03,CA_3,CA,183
2014-05-03,TX_1,TX,55
2014-05-03,TX_2,TX,63
2014-05-03,WI_1,WI,84
2014-05-03,WI_2,WI,72
2014-05-04,CA_1,CA,70
2014-05-04,CA_2,CA,64
2014-05-04,CA_3,CA,97
2014-05-04,TX_1,TX,33
2014-05-04,TX_2,TX,76
2014-05-04,WI_1,WI,76
2014-05-04,WI_2,WI,64
2014-05-05,CA_1,CA,59
2014-05-05,CA_2,CA,37
2014-05-05,CA_3,CA,86
2014-05-05,TX_1,TX,38
2014-05-05,TX_2,TX,58
2014-05-05,WI_1,WI,44
2014-05-05,WI_2,WI,72
2014-05-06,CA_1,CA,47
2014-05-06,CA_2,CA,38
2014-05-06,CA_3,CA,86
2014-05-06,TX_1,TX,25
2014-05-06,TX_2,TX,39
2014-05-06,WI_1,WI,57
2014-05-06,WI_2,WI,60
2014-05-07,CA_1,CA,61
2014-05-07,CA_2,CA,46
2014-05-07,CA_3,CA,110
2014-05-07,TX_1,TX,38
2014-05-07,TX_2,TX,45
2014-05-07,WI_1,WI,58
2014-05-07,WI_2,WI,72
2014-05-08,CA_1,CA,60
2014-05-08,CA_2,CA,61
2014-05-08,CA_3,CA,101
2014-05-08,TX_1,TX,33
2014-05-08,TX_2,TX,42
2014-05-08,WI_1,WI,61
2014-05-08,WI_2,WI,83
2014-05-09,CA_1,CA,74
2014-05-09,CA_2,CA,48
2014-05-09,CA_3,CA,89
2014-05-09,TX_1,TX,32
2014-05-09,TX_2,TX,60
2014-05-09,WI_1,WI,72
2014-05-09,WI_2,WI,69
2014-05-10,CA_1,CA,112
2014-05-10,CA_2,CA,61
2014-05-10,CA_3,CA,141
2014-05-10,TX_1,TX,42
2014-05-10,TX_2,TX,61
2014-05-10,WI_1,WI,98
2014-05-10,WI_2,WI,67
2014-05-11,CA_1,CA,68
2014-05-11,CA_2,CA,74
2014-05-11,CA_3,CA,153
2014-05-11,TX_1,TX,47
2014-05-11,TX_2,TX,46
2014-05-11,WI_1,WI,45
2014-05-11,WI_2,WI,41
2014-05-12,CA_1,CA,72
2014-05-12,CA_2,CA,58
2014-05-12,CA_3,CA,92
2014-05-12,TX_1,TX,50
2014-05-12,TX_2,TX,61
2014-05-12,WI_1,WI,49
2014-05-12,WI_2,WI,55
2014-05-13,CA_1,CA,85
2014-05-13,CA_2,CA,62
2014-05-13,CA_3,CA,78
2014-05-13,TX_1,TX,34
2014-05-13,TX_2,TX,53
2014-05-13,WI_1,WI,71
2014-05-13,WI_2,WI,70
2014-05-14,CA_1,CA,53
2014-05-14,CA_2,CA,31
2014-05-14,CA_3,CA,147
2014-05-14,TX_1,TX,25
2014-05-14,TX_2,TX,39
2014-05-14,WI_1,WI,50
2014-05-14,WI_2,WI,56
2014-05-15,CA_1,CA,51
2014-05-15,CA_2,CA,58
2014-05-15,CA_3,CA,83
2014-05-15,TX_1,TX,27
2014-05-15,TX_2,TX,74
2014-05-15,WI_1,WI,46
2014-05-15,WI_2,WI,58
2014-05-16,CA_1,CA,88
2014-05-16,CA_2,CA,58
2014-05-16,CA_3,CA,125
2014-05-16,TX_1,TX,38
2014-05-16,TX_2,TX,62
2014-05-16,WI_1,WI,57
2014-05-16,WI_2,WI,49
2014-05-17,CA_1,CA,115
2014-05-17,CA_2,CA,81
2014-05-17,CA_3,CA,101
2014-05-17,TX_1,TX,38
2014-05-17,TX_2,TX,71
2014-05-17,WI_1,WI,99
2014-05-17,WI_2,WI,72
2014-05-18,CA_1,CA,120
2014-05-18,CA_2,CA,75
2014-05-18,CA_3,CA,171
2014-05-18,TX_1,TX,67
2014-05-18,TX_2,TX,54
2014-05-18,WI_1,WI,68
2014-05-18,WI_2,WI,56
2014-05-19,CA_1,CA,70
2014-05-19,CA_2,CA,60
2014-05-19,CA_3,CA,101
2014-05-19,TX_1,TX,65
2014-05-19,TX_2,TX,48
2014-05-19,WI_1,WI,55
2014-05-19,WI_2,WI,63
2014-05-20,CA_1,CA,66
2014-05-20,CA_2,CA,45
2014-05-20,CA_3,CA,125
2014-05-20,TX_1,TX,43
2014-05-20,TX_2,TX,41
2014-05-20,WI_1,WI,54
2014-05-20,WI_2,WI,72
2014-05-21,CA_1,CA,62
2014-05-21,CA_2,CA,32
2014-05-21,CA_3,CA,83
2014-05-21,TX_1,TX,34
2014-05-21,TX_2,TX,46
2014-05-21,WI_1,WI,49
2014-05-21,WI_2,WI,42
2014-05-22,CA_1,CA,88
2014-05-22,CA_2,CA,73
2014-05-22,CA_3,CA,111
2014-05-22,TX_1,TX,44
2014-05-22,TX_2,TX,47
2014-05-22,WI_1,WI,52
2014-05-22,WI_2,WI,62
2014-05-23,CA_1,CA,97
2014-05-23,CA_2,CA,76
2014-05-23,CA_3,CA,114
2014-05-23,TX_1,TX,20
2014-05-23,TX_2,TX,52
2014-05-23,WI_1,WI,75
2014-05-23,WI_2,WI,66
2014-05-24,CA_1,CA,88
2014-05-24,CA_2,CA,62
2014-05-24,CA_3,CA,124
2014-05-24,TX_1,TX,49
2014-05-24,TX_2,TX,78
2014-05-24,WI_1,WI,75
2014-05-24,WI_2,WI,68
2014-05-25,CA_1,CA,62
2014-05-25,CA_2,CA,43
2014-05-25,CA_3,CA,72
2014-05-25,TX_1,TX,46
2014-05-25,TX_2,TX,59
2014-05-25,WI_1,WI,55
2014-05-25,WI_2,WI,50
2014-05-26,CA_1,CA,105
2014-05-26,CA_2,CA,71
2014-05-26,CA_3,CA,147
2014-05-26,TX_1,TX,20
2014-05-26,TX_2,TX,54
2014-05-26,WI_1,WI,48
2014-05-26,WI_2,WI,36
2014-05-27,CA_1,CA,52
2014-05-27,CA_2,CA,42
2014-05-27,CA_3,CA,116
2014-05-27,TX_1,TX,22
2014-05-27,TX_2,TX,41
2014-05-27,WI_1,WI,67
2014-05-27,WI_2,WI,40
2014-05-28,CA_1,CA,53
2014-05-28,CA_2,CA,48
2014-05-28,CA_3,CA,84
2014-05-28,TX_1,TX,32
2014-05-28,TX_2,TX,48
2014-05-28,WI_1,WI,49
2014-05-28,WI_2,WI,45
2014-05-29,CA_1,CA,62
2014-05-29,CA_2,CA,35
2014-05-29,CA_3,CA,104
2014-05-29,TX_1,TX,45
2014-05-29,TX_2,TX,53
2014-05-29,WI_1,WI,52
2014-05-29,WI_2,WI,42
2014-05-30,CA_1,CA,92
2014-05-30,CA_2,CA,35
2014-05-30,CA_3,CA,140
2014-05-30,TX_1,TX,23
2014-05-30,TX_2,TX,46
2014-05-30,WI_1,WI,67
2014-05-30,WI_2,WI,53
2014-05-31,CA_1,CA,105
2014-05-31,CA_2,CA,75
2014-05-31,CA_3,CA,122
2014-05-31,TX_1,TX,33
2014-05-31,TX_2,TX,69
2014-05-31,WI_1,WI,65
2014-05-31,WI_2,WI,72
2014-06-01,CA_1,CA,110
2014-06-01,CA_2,CA,58
2014-06-01,CA_3,CA,188
2014-06-01,TX_1,TX,44
2014-06-01,TX_2,TX,67
2014-06-01,WI_1,WI,75
2014-06-01,WI_2,WI,54
2014-06-02,CA_1,CA,78
2014-06-02,CA_2,CA,46
2014-06-02,CA_3,CA,141
2014-06-02,TX_1,TX,38
2014-06-02,TX_2,TX,58
2014-06-02,WI_1,WI,35
2014-06-02,WI_2,WI,45
2014-06-03,CA_1,CA,91
2014-06-03,CA_2,CA,52
2014-06-03,CA_3,CA,221
2014-06-03,TX_1,TX,40
2014-06-03,TX_2,TX,48
2014-06-03,WI_1,WI,61
2014-06-03,WI_2,WI,65
2014-06-04,CA_1,CA,74
2014-06-04,CA_2,CA,45
2014-06-04,CA_3,CA,97
2014-06-04,TX_1,TX,44
2014-06-04,TX_2,TX,75
2014-06-04,WI_1,WI,60
2014-06-04,WI_2,WI,45
2014-06-05,CA_1,CA,69
2014-06-05,CA_2,CA,63
2014-06-05,CA_3,CA,135
2014-06-05,TX_1,TX,36
2014-06-05,TX_2,TX,65
2014-06-05,WI_1,WI,57
2014-06-05,WI_2,WI,89
2014-06-06,CA_1,CA,98
2014-06-06,CA_2,CA,52
2014-06-06,CA_3,CA,78
2014-06-06,TX_1,TX,70
2014-06-06,TX_2,TX,39
2014-06-06,WI_1,WI,42
2014-06-06,WI_2,WI,58
2014-06-07,CA_1,CA,71
2014-06-07,CA_2,CA,41
2014-06-07,CA_3,CA,118
2014-06-07,TX_1,TX,39
2014-06-07,TX_2,TX,94
2014-06-07,WI_1,WI,49
2014-06-07,WI_2,WI,63
2014-06-08,CA_1,CA,107
2014-06-08,CA_2,CA,36
2014-06-08,CA_3,CA,159
2014-06-08,TX_1,TX,47
2014-06-08,TX_2,TX,59
2014-06-08,WI_1,WI,87
2014-06-08,WI_2,WI,62
2014-06-09,CA_1,CA,104
2014-06-09,CA_2,CA,86
2014-06-09,CA_3,CA,137
2014-06-09,TX_1,TX,26
2014-06-09,TX_2,TX,43
2014-06-09,WI_1,WI,33
2014-06-09,WI_2,WI,73
2014-06-10,CA_1,CA,82
2014-06-10,CA_2,CA,30
2014-06-10,CA_3,CA,105
2014-06-10,TX_1,TX,37
2014-06-10,TX_2,TX,33
2014-06-10,WI_1,WI,39
2014-06-10,WI_2,WI,75
2014-06-11,CA_1,CA,73
2014-06-11,CA_2,CA,49
2014-06-11,CA_3,CA,161
2014-06-11,TX_1,TX,24
2014-06-11,TX_2,TX,54
2014-06-11,WI_1,WI,43
2014-06-11,WI_2,WI,72
2014-06-12,CA_1,CA,90
2014-06-12,CA_2,CA,43
2014-06-12,CA_3,CA,91
2014-06-12,TX_1,TX,42
2014-06-12,TX_2,TX,36
2014-06-12,WI_1,WI,35
2014-06-12,WI_2,WI,62
2014-06-13,CA_1,CA,91
2014-06-13,CA_2,CA,55
2014-06-13,CA_3,CA,103
2014-06-13,TX_1,TX,48
2014-06-13,TX_2,TX,57
2014-06-13,WI_1,WI,71
2014-06-13,WI_2,WI,70
2014-06-14,CA_1,CA,132
2014-06-14,CA_2,CA,46
2014-06-14,CA_3,CA,131
2014-06-14,TX_1,TX,40
2014-06-14,TX_2,TX,46
2014-06-14,WI_1,WI,55
2014-06-14,WI_2,WI,64
2014-06-15,CA_1,CA,83
2014-06-15,CA_2,CA,64
2014-06-15,CA_3,CA,130
2014-06-15,TX_1,TX,49
2014-06-15,TX_2,TX,69
2014-06-15,WI_1,WI,56
2014-06-15,WI_2,WI,50
2014-06-16,CA_1,CA,73
2014-06-16,CA_2,CA,50
2014-06-16,CA_3,CA,110
2014-06-16,TX_1,TX,49
2014-06-16,TX_2,TX,67
2014-06-16,WI_1,WI,32
2014-06-16,WI_2,WI,37
2014-06-17,CA_1,CA,47
2014-06-17,CA_2,CA,29
2014-06-17,CA_3,CA,108
2014-06-17,TX_1,TX,45
2014-06-17,TX_2,TX,43
2014-06-17,WI_1,WI,53
2014-06-17,WI_2,WI,59
2014-06-18,CA_1,CA,62
2014-06-18,CA_2,CA,31
2014-06-18,CA_3,CA,102
2014-06-18,TX_1,TX,40
2014-06-18,TX_2,TX,44
2014-06-18,WI_1,WI,54
2014-06-18,WI_2,WI,49
2014-06-19,CA_1,CA,78
2014-06-19,CA_2,CA,55
2014-06-19,CA_3,CA,117
2014-06-19,TX_1,TX,38
2014-06-19,TX_2,TX,54
2014-06-19,WI_1,WI,44
2014-06-19,WI_2,WI,46
2014-06-20,CA_1,CA,118
2014-06-20,CA_2,CA,42
2014-06-20,CA_3,CA,136
2014-06-20,TX_1,TX,28
2014-06-20,TX_2,TX,53
2014-06-20,WI_1,WI,35
2014-06-20,WI_2,WI,50
2014-06-21,CA_1,CA,105
2014-06-21,CA_2,CA,66
2014-06-21,CA_3,CA,117
2014-06-21,TX_1,TX,28
2014-06-21,TX_2,TX,67
2014-06-21,WI_1,WI,59
2014-06-21,WI_2,WI,71
2014-06-22,CA_1,CA,94
2014-06-22,CA_2,CA,63
2014-06-22,CA_3,CA,140
2014-06-22,TX_1,TX,42
2014-06-22,TX_2,TX,64
2014-06-22,WI_1,WI,63
2014-06-22,WI_2,WI,27
2014-06-23,CA_1,CA,53
2014-06-23,CA_2,CA,36
2014-06-23,CA_3,CA,94
2014-06-23,TX_1,TX,32
2014-06-23,TX_2,TX,39
2014-06-23,WI_1,WI,53
2014-06-23,WI_2,WI,57
2014-06-24,CA_1,CA,65
2014-06-24,CA_2,CA,42
2014-06-24,CA_3,CA,104
2014-06-24,TX_1,TX,39
2014-06-24,TX_2,TX,41
2014-06-24,WI_1,WI,44
2014-06-24,WI_2,WI,47
2014-06-25,CA_1,CA,94
2014-06-25,CA_2,CA,60
2014-06-25,CA_3,CA,91
2014-06-25,TX_1,TX,19
2014-06-25,TX_2,TX,43
2014-06-25,WI_1,WI,37
2014-06-25,WI_2,WI,41
2014-06-26,CA_1,CA,69
2014-06-26,CA_2,CA,31
2014-06-26,CA_3,CA,87
2014-06-26,TX_1,TX,33
2014-06-26,TX_2,TX,72
2014-06-26,WI_1,WI,44
2014-06-26,WI_2,WI,35
2014-06-27,CA_1,CA,67
2014-06-27,CA_2,CA,38
2014-06-27,CA_3,CA,132
2014-06-27,TX_1,TX,67
2014-06-27,TX_2,TX,62
2014-06-27,WI_1,WI,72
2014-06-27,WI_2,WI,64
2014-06-28,CA_1,CA,88
2014-06-28,CA_2,CA,63
2014-06-28,CA_3,CA,112
2014-06-28,TX_1,TX,38
2014-06-28,TX_2,TX,57
2014-06-28,WI_1,WI,76
2014-06-28,WI_2,WI,40
2014-06-29,CA_1,CA,111
2014-06-29,CA_2,CA,63
2014-06-29,CA_3,CA,95
2014-06-29,TX_1,TX,44
2014-06-29,TX_2,TX,71
2014-06-29,WI_1,WI,74
2014-06-29,WI_2,WI,36
2014-06-30,CA_1,CA,65
2014-06-30,CA_2,CA,57
2014-06-30,CA_3,CA,111
2014-06-30,TX_1,TX,39
2014-06-30,TX_2,TX,43
2014-06-30,WI_1,WI,41
2014-06-30,WI_2,WI,49
2014-07-01,CA_1,CA,86
2014-07-01,CA_2,CA,49
2014-07-01,CA_3,CA,123
2014-07-01,TX_1,TX,49
2014-07-01,TX_2,TX,43
2014-07-01,WI_1,WI,65
2014-07-01,WI_2,WI,87
2014-07-02,CA_1,CA,66
2014-07-02,CA_2,CA,55
2014-07-02,CA_3,CA,114
2014-07-02,TX_1,TX,44
2014-07-02,TX_2,TX,38
2014-07-02,WI_1,WI,80
2014-07-02,WI_2,WI,76
2014-07-03,CA_1,CA,139
2014-07-03,CA_2,CA,35
2014-07-03,CA_3,CA,194
2014-07-03,TX_1,TX,33
2014-07-03,TX_2,TX,67
2014-07-03,WI_1,WI,82
2014-07-03,WI_2,WI,85
2014-07-04,CA_1,CA,100
2014-07-04,CA_2,CA,48
2014-07-04,CA_3,CA,107
2014-07-04,TX_1,TX,40
2014-07-04,TX_2,TX,70
2014-07-04,WI_1,WI,61
2014-07-04,WI_2,WI,38
2014-07-05,CA_1,CA,99
2014-07-05,CA_2,CA,58
2014-07-05,CA_3,CA,85
2014-07-05,TX_1,TX,33
2014-07-05,TX_2,TX,57
2014-07-05,WI_1,WI,50
2014-07-05,WI_2,WI,77
2014-07-06,CA_1,CA,94
2014-07-06,CA_2,CA,97
2014-07-06,CA_3,CA,140
2014-07-06,TX_1,TX,37
2014-07-06,TX_2,TX,58
2014-07-06,WI_1,WI,60
2014-07-06,WI_2,WI,55
2014-07-07,CA_1,CA,94
2014-07-07,CA_2,CA,43
2014-07-07,CA_3,CA,151
2014-07-07,TX_1,TX,51
2014-07-07,TX_2,TX,58
2014-07-07,WI_1,WI,56
2014-07-07,WI_2,WI,83
2014-07-08,CA_1,CA,55
2014-07-08,CA_2,CA,33
2014-07-08,CA_3,CA,104
2014-07-08,TX_1,TX,40
2014-07-08,TX_2,TX,36
2014-07-08,WI_1,WI,64
2014-07-08,WI_2,WI,83
2014-07-09,CA_1,CA,62
2014-07-09,CA_2,CA,52
2014-07-09,CA_3,CA,120
2014-07-09,TX_1,TX,31
2014-07-09,TX_2,TX,39
2014-07-09,WI_1,WI,109
2014-07-09,WI_2,WI,65
2014-07-10,CA_1,CA,99
2014-07-10,CA_2,CA,40
2014-07-10,CA_3,CA,92
2014-07-10,TX_1,TX,27
2014-07-10,TX_2,TX,36
2014-07-10,WI_1,WI,51
2014-07-10,WI_2,WI,47
2014-07-11,CA_1,CA,69
2014-07-11,CA_2,CA,57
2014-07-11,CA_3,CA,114
2014-07-11,TX_1,TX,31
2014-07-11,TX_2,TX,42
2014-07-11,WI_1,WI,64
2014-07-11,WI_2,WI,88
2014-07-12,CA_1,CA,103
2014-07-12,CA_2,CA,66
2014-07-12,CA_3,CA,98
2014-07-12,TX_1,TX,61
2014-07-12,TX_2,TX,70
2014-07-12,WI_1,WI,69
2014-07-12,WI_2,WI,62
2014-07-13,CA_1,CA,100
2014-07-13,CA_2,CA,52
2014-07-13,CA_3,CA,131
2014-07-13,TX_1,TX,47
2014-07-13,TX_2,TX,74
2014-07-13,WI_1,WI,63
2014-07-13,WI_2,WI,50
2014-07-14,CA_1,CA,78
2014-07-14,CA_2,CA,45
2014-07-14,CA_3,CA,130
2014-07-14,TX_1,TX,41
2014-07-14,TX_2,TX,45
2014-07-14,WI_1,WI,41
2014-07-14,WI_2,WI,89
2014-07-15,CA_1,CA,79
2014-07-15,CA_2,CA,44
2014-07-15,CA_3,CA,78
2014-07-15,TX_1,TX,37
2014-07-15,TX_2,TX,45
2014-07-15,WI_1,WI,47
2014-07-15,WI_2,WI,74
2014-07-16,CA_1,CA,86
2014-07-16,CA_2,CA,49
2014-07-16,CA_3,CA,120
2014-07-16,TX_1,TX,29
2014-07-16,TX_2,TX,51
2014-07-16,WI_1,WI,48
2014-07-16,WI_2,WI,62
2014-07-17,CA_1,CA,68
2014-07-17,CA_2,CA,61
2014-07-17,CA_3,CA,98
2014-07-17,TX_1,TX,23
2014-07-17,TX_2,TX,48
2014-07-17,WI_1,WI,34
2014-07-17,WI_2,WI,59
2014-07-18,CA_1,CA,70
2014-07-18,CA_2,CA,47
2014-07-18,CA_3,CA,174
2014-07-18,TX_1,TX,46
2014-07-18,TX_2,TX,54
2014-07-18,WI_1,WI,67
2014-07-18,WI_2,WI,47
2014-07-19,CA_1,CA,95
2014-07-19,CA_2,CA,56
2014-07-19,CA_3,CA,131
2014-07-19,TX_1,TX,38
2014-07-19,TX_2,TX,50
2014-07-19,WI_1,WI,73
2014-07-19,WI_2,WI,53
2014-07-20,CA_1,CA,111
2014-07-20,CA_2,CA,42
2014-07-20,CA_3,CA,109
2014-07-20,TX_1,TX,50
2014-07-20,TX_2,TX,74
2014-07-20,WI_1,WI,64
2014-07-20,WI_2,WI,62
2014-07-21,CA_1,CA,74
2014-07-21,CA_2,CA,41
2014-07-21,CA_3,CA,101
2014-07-21,TX_1,TX,29
2014-07-21,TX_2,TX,45
2014-07-21,WI_1,WI,80
2014-07-21,WI_2,WI,66
2014-07-22,CA_1,CA,81
2014-07-22,CA_2,CA,42
2014-07-22,CA_3,CA,124
2014-07-22,TX_1,TX,37
2014-07-22,TX_2,TX,46
2014-07-22,WI_1,WI,52
2014-07-22,WI_2,WI,54
2014-07-23,CA_1,CA,87
2014-07-23,CA_2,CA,26
2014-07-23,CA_3,CA,132
2014-07-23,TX_1,TX,38
2014-07-23,TX_2,TX,45
2014-07-23,WI_1,WI,57
2014-07-23,WI_2,WI,52
2014-07-24,CA_1,CA,85
2014-07-24,CA_2,CA,58
2014-07-24,CA_3,CA,108
2014-07-24,TX_1,TX,48
2014-07-24,TX_2,TX,51
2014-07-24,WI_1,WI,66
2014-07-24,WI_2,WI,58
2014-07-25,CA_1,CA,55
2014-07-25,CA_2,CA,55
2014-07-25,CA_3,CA,119
2014-07-25,TX_1,TX,47
2014-07-25,TX_2,TX,43
2014-07-25,WI_1,WI,61
2014-07-25,WI_2,WI,53
2014-07-26,CA_1,CA,111
2014-07-26,CA_2,CA,50
2014-07-26,CA_3,CA,116
2014-07-26,TX_1,TX,38
2014-07-26,TX_2,TX,66
2014-07-26,WI_1,WI,70
2014-07-26,WI_2,WI,71
2014-07-27,CA_1,CA,88
2014-07-27,CA_2,CA,44
2014-07-27,CA_3,CA,153
2014-07-27,TX_1,TX,42
2014-07-27,TX_2,TX,67
2014-07-27,WI_1,WI,75
2014-07-27,WI_2,WI,67
2014-07-28,CA_1,CA,93
2014-07-28,CA_2,CA,52
2014-07-28,CA_3,CA,137
2014-07-28,TX_1,TX,32
2014-07-28,TX_2,TX,51
2014-07-28,WI_1,WI,33
2014-07-28,WI_2,WI,64
2014-07-29,CA_1,CA,70
2014-07-29,CA_2,CA,43
2014-07-29,CA_3,CA,137
2014-07-29,TX_1,TX,35
2014-07-29,TX_2,TX,47
2014-07-29,WI_1,WI,61
2014-07-29,WI_2,WI,46
2014-07-30,CA_1,CA,73
2014-07-30,CA_2,CA,31
2014-07-30,CA_3,CA,93
2014-07-30,TX_1,TX,44
2014-07-30,TX_2,TX,60
2014-07-30,WI_1,WI,59
2014-07-30,WI_2,WI,44
2014-07-31,CA_1,CA,82
2014-07-31,CA_2,CA,61
2014-07-31,CA_3,CA,113
2014-07-31,TX_1,TX,48
2014-07-31,TX_2,TX,63
2014-07-31,WI_1,WI,53
2014-07-31,WI_2,WI,52
2014-08-01,CA_1,CA,64
2014-08-01,CA_2,CA,54
2014-08-01,CA_3,CA,143
2014-08-01,TX_1,TX,42
2014-08-01,TX_2,TX,86
2014-08-01,WI_1,WI,66
2014-08-01,WI_2,WI,56
2014-08-02,CA_1,CA,101
2014-08-02,CA_2,CA,54
2014-08-02,CA_3,CA,184
2014-08-02,TX_1,TX,36
2014-08-02,TX_2,TX,57
2014-08-02,WI_1,WI,53
2014-08-02,WI_2,WI,81
2014-08-03,CA_1,CA,124
2014-08-03,CA_2,CA,56
2014-08-03,CA_3,CA,142
2014-08-03,TX_1,TX,53
2014-08-03,TX_2,TX,72
2014-08-03,WI_1,WI,60
2014-08-03,WI_2,WI,65
2014-08-04,CA_1,CA,106
2014-08-04,CA_2,CA,45
2014-08-04,CA_3,CA,139
2014-08-04,TX_1,TX,29
2014-08-04,TX_2,TX,44
2014-08-04,WI_1,WI,39
2014-08-04,WI_2,WI,54
2014-08-05,CA_1,CA,90
2014-08-05,CA_2,CA,33
2014-08-05,CA_3,CA,149
2014-08-05,TX_1,TX,42
2014-08-05,TX_2,TX,47
2014-08-05,WI_1,WI,66
2014-08-05,WI_2,WI,68
2014-08-06,CA_1,CA,91
2014-08-06,CA_2,CA,56
2014-08-06,CA_3,CA,128
2014-08-06,TX_1,TX,36
2014-08-06,TX_2,TX,46
2014-08-06,WI_1,WI,46
2014-08-06,WI_2,WI,51
2014-08-07,CA_1,CA,89
2014-08-07,CA_2,CA,61
2014-08-07,CA_3,CA,209
2014-08-07,TX_1,TX,30
2014-08-07,TX_2,TX,43
2014-08-07,WI_1,WI,47
2014-08-07,WI_2,WI,51
2014-08-08,CA_1,CA,116
2014-08-08,CA_2,CA,46
2014-08-08,CA_3,CA,176
2014-08-08,TX_1,TX,35
2014-08-08,TX_2,TX,39
2014-08-08,WI_1,WI,55
2014-08-08,WI_2,WI,59
2014-08-09,CA_1,CA,88
2014-08-09,CA_2,CA,67
2014-08-09,CA_3,CA,155
2014-08-09,TX_1,TX,41
2014-08-09,TX_2,TX,69
2014-08-09,WI_1,WI,75
2014-08-09,WI_2,WI,78
2014-08-10,CA_1,CA,123
2014-08-10,CA_2,CA,59
2014-08-10,CA_3,CA,136
2014-08-10,TX_1,TX,53
2014-08-10,TX_2,TX,74
2014-08-10,WI_1,WI,60
2014-08-10,WI_2,WI,56
2014-08-11,CA_1,CA,87
2014-08-11,CA_2,CA,32
2014-08-11,CA_3,CA,109
2014-08-11,TX_1,TX,32
2014-08-11,TX_2,TX,48
2014-08-11,WI_1,WI,43
2014-08-11,WI_2,WI,59
2014-08-12,CA_1,CA,57
2014-08-12,CA_2,CA,58
2014-08-12,CA_3,CA,155
2014-08-12,TX_1,TX,35
2014-08-12,TX_2,TX,53
2014-08-12,WI_1,WI,40
2014-08-12,WI_2,WI,42
2014-08-13,CA_1,CA,86
2014-08-13,CA_2,CA,36
2014-08-13,CA_3,CA,92
2014-08-13,TX_1,TX,31
2014-08-13,TX_2,TX,67
2014-08-13,WI_1,WI,40
2014-08-13,WI_2,WI,73
2014-08-14,CA_1,CA,69
2014-08-14,CA_2,CA,37
2014-08-14,CA_3,CA,132
2014-08-14,TX_1,TX,44
2014-08-14,TX_2,TX,57
2014-08-14,WI_1,WI,34
2014-08-14,WI_2,WI,52
2014-08-15,CA_1,CA,72
2014-08-15,CA_2,CA,42
2014-08-15,CA_3,CA,95
2014-08-15,TX_1,TX,43
2014-08-15,TX_2,TX,40
2014-08-15,WI_1,WI,67
2014-08-15,WI_2,WI,75
2014-08-16,CA_1,CA,120
2014-08-16,CA_2,CA,61
2014-08-16,CA_3,CA,114
2014-08-16,TX_1,TX,40
2014-08-16,TX_2,TX,104
2014-08-16,WI_1,WI,60
2014-08-16,WI_2,WI,75
2014-08-17,CA_1,CA,113
2014-08-17,CA_2,CA,57
2014-08-17,CA_3,CA,181
2014-08-17,TX_1,TX,65
2014-08-17,TX_2,TX,52
2014-08-17,WI_1,WI,73
2014-08-17,WI_2,WI,66
2014-08-18,CA_1,CA,80
2014-08-18,CA_2,CA,56
2014-08-18,CA_3,CA,129
2014-08-18,TX_1,TX,51
2014-08-18,TX_2,TX,63
2014-08-18,WI_1,WI,34
2014-08-18,WI_2,WI,50
2014-08-19,CA_1,CA,61
2014-08-19,CA_2,CA,36
2014-08-19,CA_3,CA,117
2014-08-19,TX_1,TX,29
2014-08-19,TX_2,TX,44
2014-08-19,WI_1,WI,57
2014-08-19,WI_2,WI,47
2014-08-20,CA_1,CA,89
2014-08-20,CA_2,CA,50
2014-08-20,CA_3,CA,92
2014-08-20,TX_1,TX,50
2014-08-20,TX_2,TX,62
2014-08-20,WI_1,WI,48
2014-08-20,WI_2,WI,46
2014-08-21,CA_1,CA,61
2014-08-21,CA_2,CA,78
2014-08-21,CA_3,CA,121
2014-08-21,TX_1,TX,50
2014-08-21,TX_2,TX,36
2014-08-21,WI_1,WI,51
2014-08-21,WI_2,WI,45
2014-08-22,CA_1,CA,134
2014-08-22,CA_2,CA,59
2014-08-22,CA_3,CA,89
2014-08-22,TX_1,TX,49
2014-08-22,TX_2,TX,69
2014-08-22,WI_1,WI,62
2014-08-22,WI_2,WI,58
2014-08-23,CA_1,CA,130
2014-08-23,CA_2,CA,73
2014-08-23,CA_3,CA,135
2014-08-23,TX_1,TX,63
2014-08-23,TX_2,TX,70
2014-08-23,WI_1,WI,95
2014-08-23,WI_2,WI,66
2014-08-24,CA_1,CA,114
2014-08-24,CA_2,CA,34
2014-08-24,CA_3,CA,125
2014-08-24,TX_1,TX,46
2014-08-24,TX_2,TX,88
2014-08-24,WI_1,WI,80
2014-08-24,WI_2,WI,68
2014-08-25,CA_1,CA,100
2014-08-25,CA_2,CA,69
2014-08-25,CA_3,CA,101
2014-08-25,TX_1,TX,58
2014-08-25,TX_2,TX,46
2014-08-25,WI_1,WI,54
2014-08-25,WI_2,WI,65
2014-08-26,CA_1,CA,67
2014-08-26,CA_2,CA,71
2014-08-26,CA_3,CA,128
2014-08-26,TX_1,TX,41
2014-08-26,TX_2,TX,52
2014-08-26,WI_1,WI,42
2014-08-26,WI_2,WI,53
2014-08-27,CA_1,CA,51
2014-08-27,CA_2,CA,46
2014-08-27,CA_3,CA,92
2014-08-27,TX_1,TX,45
2014-08-27,TX_2,TX,54
2014-08-27,WI_1,WI,45
2014-08-27,WI_2,WI,59
2014-08-28,CA_1,CA,47
2014-08-28,CA_2,CA,41
2014-08-28,CA_3,CA,97
2014-08-28,TX_1,TX,42
2014-08-28,TX_2,TX,42
2014-08-28,WI_1,WI,37
2014-08-28,WI_2,WI,52
2014-08-29,CA_1,CA,62
2014-08-29,CA_2,CA,74
2014-08-29,CA_3,CA,79
2014-08-29,TX_1,TX,47
2014-08-29,TX_2,TX,48
2014-08-29,WI_1,WI,48
2014-08-29,WI_2,WI,88
2014-08-30,CA_1,CA,104
2014-08-30,CA_2,CA,47
2014-08-30,CA_3,CA,87
2014-08-30,TX_1,TX,50
2014-08-30,TX_2,TX,48
2014-08-30,WI_1,WI,81
2014-08-30,WI_2,WI,64
2014-08-31,CA_1,CA,58
2014-08-31,CA_2,CA,85
2014-08-31,CA_3,CA,91
2014-08-31,TX_1,TX,58
2014-08-31,TX_2,TX,35
2014-08-31,WI_1,WI,52
2014-08-31,WI_2,WI,49
2014-09-01,CA_1,CA,68
2014-09-01,CA_2,CA,63
2014-09-01,CA_3,CA,120
2014-09-01,TX_1,TX,50
2014-09-01,TX_2,TX,40
2014-09-01,WI_1,WI,61
2014-09-01,WI_2,WI,61
2014-09-02,CA_1,CA,45
2014-09-02,CA_2,CA,41
2014-09-02,CA_3,CA,68
2014-09-02,TX_1,TX,29
2014-09-02,TX_2,TX,33
2014-09-02,WI_1,WI,27
2014-09-02,WI_2,WI,84
2014-09-03,CA_1,CA,98
2014-09-03,CA_2,CA,49
2014-09-03,CA_3,CA,107
2014-09-03,TX_1,TX,42
2014-09-03,TX_2,TX,50
2014-09-03,WI_1,WI,47
2014-09-03,WI_2,WI,107
2014-09-04,CA_1,CA,73
2014-09-04,CA_2,CA,82
2014-09-04,CA_3,CA,109
2014-09-04,TX_1,TX,41
2014-09-04,TX_2,TX,43
2014-09-04,WI_1,WI,37
2014-09-04,WI_2,WI,45
2014-09-05,CA_1,CA,91
2014-09-05,CA_2,CA,27
2014-09-05,CA_3,CA,161
2014-09-05,TX_1,TX,69
2014-09-05,TX_2,TX,81
2014-09-05,WI_1,WI,53
2014-09-05,WI_2,WI,81
2014-09-06,CA_1,CA,112
2014-09-06,CA_2,CA,50
2014-09-06,CA_3,CA,117
2014-09-06,TX_1,TX,45
2014-09-06,TX_2,TX,48
2014-09-06,WI_1,WI,86
2014-09-06,WI_2,WI,72
2014-09-07,CA_1,CA,129
2014-09-07,CA_2,CA,54
2014-09-07,CA_3,CA,131
2014-09-07,TX_1,TX,44
2014-09-07,TX_2,TX,79
2014-09-07,WI_1,WI,78
2014-09-07,WI_2,WI,63
2014-09-08,CA_1,CA,103
2014-09-08,CA_2,CA,23
2014-09-08,CA_3,CA,127
2014-09-08,TX_1,TX,54
2014-09-08,TX_2,TX,45
2014-09-08,WI_1,WI,51
2014-09-08,WI_2,WI,74
2014-09-09,CA_1,CA,76
2014-09-09,CA_2,CA,57
2014-09-09,CA_3,CA,174
2014-09-09,TX_1,TX,43
2014-09-09,TX_2,TX,37
2014-09-09,WI_1,WI,32
2014-09-09,WI_2,WI,60
2014-09-10,CA_1,CA,69
2014-09-10,CA_2,CA,56
2014-09-10,CA_3,CA,107
2014-09-10,TX_1,TX,23
2014-09-10,TX_2,TX,62
2014-09-10,WI_1,WI,61
2014-09-10,WI_2,WI,75
2014-09-11,CA_1,CA,55
2014-09-11,CA_2,CA,54
2014-09-11,CA_3,CA,225
2014-09-11,TX_1,TX,48
2014-09-11,TX_2,TX,48
2014-09-11,WI_1,WI,35
2014-09-11,WI_2,WI,102
2014-09-12,CA_1,CA,77
2014-09-12,CA_2,CA,72
2014-09-12,CA_3,CA,155
2014-09-12,TX_1,TX,38
2014-09-12,TX_2,TX,84
2014-09-12,WI_1,WI,75
2014-09-12,WI_2,WI,77
2014-09-13,CA_1,CA,145
2014-09-13,CA_2,CA,57
2014-09-13,CA_3,CA,117
2014-09-13,TX_1,TX,65
2014-09-13,TX_2,TX,70
2014-09-13,WI_1,WI,80
2014-09-13,WI_2,WI,74
2014-09-14,CA_1,CA,93
2014-09-14,CA_2,CA,65
2014-09-14,CA_3,CA,78
2014-09-14,TX_1,TX,41
2014-09-14,TX_2,TX,65
2014-09-14,WI_1,WI,55
2014-09-14,WI_2,WI,65
2014-09-15,CA_1,CA,79
2014-09-15,CA_2,CA,35
2014-09-15,CA_3,CA,74
2014-09-15,TX_1,TX,26
2014-09-15,TX_2,TX,46
2014-09-15,WI_1,WI,32
2014-09-15,WI_2,WI,72
2014-09-16,CA_1,CA,53
2014-09-16,CA_2,CA,45
2014-09-16,CA_3,CA,103
2014-09-16,TX_1,TX,28
2014-09-16,TX_2,TX,57
2014-09-16,WI_1,WI,35
2014-09-16,WI_2,WI,43
2014-09-17,CA_1,CA,48
2014-09-17,CA_2,CA,68
2014-09-17,CA_3,CA,64
2014-09-17,TX_1,TX,28
2014-09-17,TX_2,TX,47
2014-09-17,WI_1,WI,24
2014-09-17,WI_2,WI,56
2014-09-18,CA_1,CA,28
2014-09-18,CA_2,CA,59
2014-09-18,CA_3,CA,68
2014-09-18,TX_1,TX,42
2014-09-18,TX_2,TX,40
2014-09-18,WI_1,WI,70
2014-09-18,WI_2,WI,65
2014-09-19,CA_1,CA,79
2014-09-19,CA_2,CA,32
2014-09-19,CA_3,CA,89
2014-09-19,TX_1,TX,28
2014-09-19,TX_2,TX,57
2014-09-19,WI_1,WI,52
2014-09-19,WI_2,WI,59
2014-09-20,CA_1,CA,88
2014-09-20,CA_2,CA,48
2014-09-20,CA_3,CA,120
2014-09-20,TX_1,TX,50
2014-09-20,TX_2,TX,59
2014-09-20,WI_1,WI,48
2014-09-20,WI_2,WI,57
2014-09-21,CA_1,CA,92
2014-09-21,CA_2,CA,61
2014-09-21,CA_3,CA,96
2014-09-21,TX_1,TX,56
2014-09-21,TX_2,TX,76
2014-09-21,WI_1,WI,65
2014-09-21,WI_2,WI,49
2014-09-22,CA_1,CA,52
2014-09-22,CA_2,CA,30
2014-09-22,CA_3,CA,104
2014-09-22,TX_1,TX,64
2014-09-22,TX_2,TX,28
2014-09-22,WI_1,WI,42
2014-09-22,WI_2,WI,49
2014-09-23,CA_1,CA,42
2014-09-23,CA_2,CA,29
2014-09-23,CA_3,CA,115
2014-09-23,TX_1,TX,37
2014-09-23,TX_2,TX,36
2014-09-23,WI_1,WI,55
2014-09-23,WI_2,WI,56
2014-09-24,CA_1,CA,73
2014-09-24,CA_2,CA,24
2014-09-24,CA_3,CA,72
2014-09-24,TX_1,TX,30
2014-09-24,TX_2,TX,30
2014-09-24,WI_1,WI,36
2014-09-24,WI_2,WI,33
2014-09-25,CA_1,CA,54
2014-09-25,CA_2,CA,35
2014-09-25,CA_3,CA,103
2014-09-25,TX_1,TX,28
2014-09-25,TX_2,TX,47
2014-09-25,WI_1,WI,44
2014-09-25,WI_2,WI,51
2014-09-26,CA_1,CA,58
2014-09-26,CA_2,CA,44
2014-09-26,CA_3,CA,105
2014-09-26,TX_1,TX,29
2014-09-26,TX_2,TX,49
2014-09-26,WI_1,WI,47
2014-09-26,WI_2,WI,75
2014-09-27,CA_1,CA,73
2014-09-27,CA_2,CA,64
2014-09-27,CA_3,CA,139
2014-09-27,TX_1,TX,25
2014-09-27,TX_2,TX,84
2014-09-27,WI_1,WI,75
2014-09-27,WI_2,WI,59
2014-09-28,CA_1,CA,88
2014-09-28,CA_2,CA,57
2014-09-28,CA_3,CA,135
2014-09-28,TX_1,TX,31
2014-09-28,TX_2,TX,51
2014-09-28,WI_1,WI,90
2014-09-28,WI_2,WI,61
2014-09-29,CA_1,CA,84
2014-09-29,CA_2,CA,53
2014-09-29,CA_3,CA,108
2014-09-29,TX_1,TX,38
2014-09-29,TX_2,TX,33
2014-09-29,WI_1,WI,40
2014-09-29,WI_2,WI,43
2014-09-30,CA_1,CA,86
2014-09-30,CA_2,CA,29
2014-09-30,CA_3,CA,111
2014-09-30,TX_1,TX,32
2014-09-30,TX_2,TX,44
2014-09-30,WI_1,WI,50
2014-09-30,WI_2,WI,59
2014-10-01,CA_1,CA,77
2014-10-01,CA_2,CA,33
2014-10-01,CA_3,CA,110
2014-10-01,TX_1,TX,34
2014-10-01,TX_2,TX,33
2014-10-01,WI_1,WI,70
2014-10-01,WI_2,WI,80
2014-10-02,CA_1,CA,65
2014-10-02,CA_2,CA,36
2014-10-02,CA_3,CA,90
2014-10-02,TX_1,TX,35
2014-10-02,TX_2,TX,44
2014-10-02,WI_1,WI,39
2014-10-02,WI_2,WI,56
2014-10-03,CA_1,CA,71
2014-10-03,CA_2,CA,37
2014-10-03,CA_3,CA,113
2014-10-03,TX_1,TX,36
2014-10-03,TX_2,TX,59
2014-10-03,WI_1,WI,51
2014-10-03,WI_2,WI,84
2014-10-04,CA_1,CA,107
2014-10-04,CA_2,CA,72
2014-10-04,CA_3,CA,172
2014-10-04,TX_1,TX,52
2014-10-04,TX_2,TX,54
2014-10-04,WI_1,WI,65
2014-10-04,WI_2,WI,90
2014-10-05,CA_1,CA,98
2014-10-05,CA_2,CA,63
2014-10-05,CA_3,CA,147
2014-10-05,TX_1,TX,38
2014-10-05,TX_2,TX,57
2014-10-05,WI_1,WI,65
2014-10-05,WI_2,WI,73
2014-10-06,CA_1,CA,63
2014-10-06,CA_2,CA,55
2014-10-06,CA_3,CA,127
2014-10-06,TX_1,TX,33
2014-10-06,TX_2,TX,60
2014-10-06,WI_1,WI,37
2014-10-06,WI_2,WI,71
2014-10-07,CA_1,CA,62
2014-10-07,CA_2,CA,38
2014-10-07,CA_3,CA,89
2014-10-07,TX_1,TX,35
2014-10-07,TX_2,TX,54
2014-10-07,WI_1,WI,48
2014-10-07,WI_2,WI,65
2014-10-08,CA_1,CA,64
2014-10-08,CA_2,CA,41
2014-10-08,CA_3,CA,128
2014-10-08,TX_1,TX,28
2014-10-08,TX_2,TX,51
2014-10-08,WI_1,WI,54
2014-10-08,WI_2,WI,66
2014-10-09,CA_1,CA,73
2014-10-09,CA_2,CA,27
2014-10-09,CA_3,CA,122
2014-10-09,TX_1,TX,50
2014-10-09,TX_2,TX,33
2014-10-09,WI_1,WI,61
2014-10-09,WI_2,WI,51
2014-10-10,CA_1,CA,66
2014-10-10,CA_2,CA,34
2014-10-10,CA_3,CA,122
2014-10-10,TX_1,TX,27
2014-10-10,TX_2,TX,53
2014-10-10,WI_1,WI,52
2014-10-10,WI_2,WI,58
2014-10-11,CA_1,CA,79
2014-10-11,CA_2,CA,36
2014-10-11,CA_3,CA,132
2014-10-11,TX_1,TX,42
2014-10-11,TX_2,TX,60
2014-10-11,WI_1,WI,74
2014-10-11,WI_2,WI,77
2014-10-12,CA_1,CA,147
2014-10-12,CA_2,CA,92
2014-10-12,CA_3,CA,150
2014-10-12,TX_1,TX,56
2014-10-12,TX_2,TX,103
2014-10-12,WI_1,WI,82
2014-10-12,WI_2,WI,86
2014-10-13,CA_1,CA,118
2014-10-13,CA_2,CA,41
2014-10-13,CA_3,CA,143
2014-10-13,TX_1,TX,28
2014-10-13,TX_2,TX,48
2014-10-13,WI_1,WI,58
2014-10-13,WI_2,WI,56
2014-10-14,CA_1,CA,76
2014-10-14,CA_2,CA,29
2014-10-14,CA_3,CA,110
2014-10-14,TX_1,TX,48
2014-10-14,TX_2,TX,66
2014-10-14,WI_1,WI,52
2014-10-14,WI_2,WI,59
2014-10-15,CA_1,CA,59
2014-10-15,CA_2,CA,39
2014-10-15,CA_3,CA,141
2014-10-15,TX_1,TX,42
2014-10-15,TX_2,TX,49
2014-10-15,WI_1,WI,51
2014-10-15,WI_2,WI,79
2014-10-16,CA_1,CA,57
2014-10-16,CA_2,CA,26
2014-10-16,CA_3,CA,91
2014-10-16,TX_1,TX,35
2014-10-16,TX_2,TX,42
2014-10-16,WI_1,WI,63
2014-10-16,WI_2,WI,71
2014-10-17,CA_1,CA,154
2014-10-17,CA_2,CA,33
2014-10-17,CA_3,CA,116
2014-10-17,TX_1,TX,32
2014-10-17,TX_2,TX,57
2014-10-17,WI_1,WI,70
2014-10-17,WI_2,WI,61
2014-10-18,CA_1,CA,118
2014-10-18,CA_2,CA,71
2014-10-18,CA_3,CA,149
2014-10-18,TX_1,TX,38
2014-10-18,TX_2,TX,77
2014-10-18,WI_1,WI,77
2014-10-18,WI_2,WI,75
2014-10-19,CA_1,CA,130
2014-10-19,CA_2,CA,72
2014-10-19,CA_3,CA,221
2014-10-19,TX_1,TX,57
2014-10-19,TX_2,TX,72
2014-10-19,WI_1,WI,63
2014-10-19,WI_2,WI,63
2014-10-20,CA_1,CA,136
2014-10-20,CA_2,CA,34
2014-10-20,CA_3,CA,149
2014-10-20,TX_1,TX,42
2014-10-20,TX_2,TX,61
2014-10-20,WI_1,WI,41
2014-10-20,WI_2,WI,46
2014-10-21,CA_1,CA,89
2014-10-21,CA_2,CA,36
2014-10-21,CA_3,CA,89
2014-10-21,TX_1,TX,30
2014-10-21,TX_2,TX,59
2014-10-21,WI_1,WI,48
2014-10-21,WI_2,WI,65
2014-10-22,CA_1,CA,97
2014-10-22,CA_2,CA,40
2014-10-22,CA_3,CA,151
2014-10-22,TX_1,TX,37
2014-10-22,TX_2,TX,64
2014-10-22,WI_1,WI,51
2014-10-22,WI_2,WI,49
2014-10-23,CA_1,CA,90
2014-10-23,CA_2,CA,30
2014-10-23,CA_3,CA,116
2014-10-23,TX_1,TX,53
2014-10-23,TX_2,TX,55
2014-10-23,WI_1,WI,50
2014-10-23,WI_2,WI,57
2014-10-24,CA_1,CA,96
2014-10-24,CA_2,CA,39
2014-10-24,CA_3,CA,143
2014-10-24,TX_1,TX,51
2014-10-24,TX_2,TX,70
2014-10-24,WI_1,WI,93
2014-10-24,WI_2,WI,71
2014-10-25,CA_1,CA,135
2014-10-25,CA_2,CA,58
2014-10-25,CA_3,CA,141
2014-10-25,TX_1,TX,29
2014-10-25,TX_2,TX,67
2014-10-25,WI_1,WI,99
2014-10-25,WI_2,WI,76
2014-10-26,CA_1,CA,136
2014-10-26,CA_2,CA,62
2014-10-26,CA_3,CA,109
2014-10-26,TX_1,TX,53
2014-10-26,TX_2,TX,80
2014-10-26,WI_1,WI,80
2014-10-26,WI_2,WI,64
2014-10-27,CA_1,CA,140
2014-10-27,CA_2,CA,35
2014-10-27,CA_3,CA,135
2014-10-27,TX_1,TX,38
2014-10-27,TX_2,TX,53
2014-10-27,WI_1,WI,36
2014-10-27,WI_2,WI,48
2014-10-28,CA_1,CA,145
2014-10-28,CA_2,CA,46
2014-10-28,CA_3,CA,99
2014-10-28,TX_1,TX,32
2014-10-28,TX_2,TX,47
2014-10-28,WI_1,WI,57
2014-10-28,WI_2,WI,43
2014-10-29,CA_1,CA,61
2014-10-29,CA_2,CA,52
2014-10-29,CA_3,CA,82
2014-10-29,TX_1,TX,26
2014-10-29,TX_2,TX,63
2014-10-29,WI_1,WI,49
2014-10-29,WI_2,WI,59
2014-10-30,CA_1,CA,87
2014-10-30,CA_2,CA,66
2014-10-30,CA_3,CA,92
2014-10-30,TX_1,TX,39
2014-10-30,TX_2,TX,43
2014-10-30,WI_1,WI,69
2014-10-30,WI_2,WI,54
2014-10-31,CA_1,CA,158
2014-10-31,CA_2,CA,39
2014-10-31,CA_3,CA,111
2014-10-31,TX_1,TX,47
2014-10-31,TX_2,TX,57
2014-10-31,WI_1,WI,57
2014-10-31,WI_2,WI,72
2014-11-01,CA_1,CA,117
2014-11-01,CA_2,CA,96
2014-11-01,CA_3,CA,139
2014-11-01,TX_1,TX,69
2014-11-01,TX_2,TX,75
2014-11-01,WI_1,WI,89
2014-11-01,WI_2,WI,68
2014-11-02,CA_1,CA,136
2014-11-02,CA_2,CA,93
2014-11-02,CA_3,CA,164
2014-11-02,TX_1,TX,58
2014-11-02,TX_2,TX,54
2014-11-02,WI_1,WI,96
2014-11-02,WI_2,WI,58
2014-11-03,CA_1,CA,105
2014-11-03,CA_2,CA,63
2014-11-03,CA_3,CA,204
2014-11-03,TX_1,TX,57
2014-11-03,TX_2,TX,58
2014-11-03,WI_1,WI,43
2014-11-03,WI_2,WI,43
2014-11-04,CA_1,CA,62
2014-11-04,CA_2,CA,40
2014-11-04,CA_3,CA,97
2014-11-04,TX_1,TX,50
2014-11-04,TX_2,TX,55
2014-11-04,WI_1,WI,65
2014-11-04,WI_2,WI,60
2014-11-05,CA_1,CA,63
2014-11-05,CA_2,CA,27
2014-11-05,CA_3,CA,107
2014-11-05,TX_1,TX,34
2014-11-05,TX_2,TX,54
2014-11-05,WI_1,WI,38
2014-11-05,WI_2,WI,63
2014-11-06,CA_1,CA,95
2014-11-06,CA_2,CA,37
2014-11-06,CA_3,CA,105
2014-11-06,TX_1,TX,53
2014-11-06,TX_2,TX,41
2014-11-06,WI_1,WI,54
2014-11-06,WI_2,WI,47
2014-11-07,CA_1,CA,93
2014-11-07,CA_2,CA,51
2014-11-07,CA_3,CA,200
2014-11-07,TX_1,TX,44
2014-11-07,TX_2,TX,53
2014-11-07,WI_1,WI,66
2014-11-07,WI_2,WI,36
2014-11-08,CA_1,CA,123
2014-11-08,CA_2,CA,121
2014-11-08,CA_3,CA,137
2014-11-08,TX_1,TX,43
2014-11-08,TX_2,TX,41
2014-11-08,WI_1,WI,77
2014-11-08,WI_2,WI,47
2014-11-09,CA_1,CA,134
2014-11-09,CA_2,CA,95
2014-11-09,CA_3,CA,171
2014-11-09,TX_1,TX,71
2014-11-09,TX_2,TX,57
2014-11-09,WI_1,WI,77
2014-11-09,WI_2,WI,41
2014-11-10,CA_1,CA,109
2014-11-10,CA_2,CA,52
2014-11-10,CA_3,CA,120
2014-11-10,TX_1,TX,47
2014-11-10,TX_2,TX,51
2014-11-10,WI_1,WI,38
2014-11-10,WI_2,WI,37
2014-11-11,CA_1,CA,105
2014-11-11,CA_2,CA,67
2014-11-11,CA_3,CA,105
2014-11-11,TX_1,TX,34
2014-11-11,TX_2,TX,43
2014-11-11,WI_1,WI,39
2014-11-11,WI_2,WI,40
2014-11-12,CA_1,CA,69
2014-11-12,CA_2,CA,27
2014-11-12,CA_3,CA,101
2014-11-12,TX_1,TX,51
2014-11-12,TX_2,TX,45
2014-11-12,WI_1,WI,29
2014-11-12,WI_2,WI,56
2014-11-13,CA_1,CA,65
2014-11-13,CA_2,CA,45
2014-11-13,CA_3,CA,104
2014-11-13,TX_1,TX,48
2014-11-13,TX_2,TX,54
2014-11-13,WI_1,WI,54
2014-11-13,WI_2,WI,40
2014-11-14,CA_1,CA,92
2014-11-14,CA_2,CA,71
2014-11-14,CA_3,CA,97
2014-11-14,TX_1,TX,65
2014-11-14,TX_2,TX,54
2014-11-14,WI_1,WI,81
2014-11-14,WI_2,WI,53
2014-11-15,CA_1,CA,107
2014-11-15,CA_2,CA,65
2014-11-15,CA_3,CA,114
2014-11-15,TX_1,TX,61
2014-11-15,TX_2,TX,69
2014-11-15,WI_1,WI,54
2014-11-15,WI_2,WI,47
2014-11-16,CA_1,CA,122
2014-11-16,CA_2,CA,90
2014-11-16,CA_3,CA,142
2014-11-16,TX_1,TX,70
2014-11-16,TX_2,TX,63
2014-11-16,WI_1,WI,67
2014-11-16,WI_2,WI,75
2014-11-17,CA_1,CA,87
2014-11-17,CA_2,CA,39
2014-11-17,CA_3,CA,115
2014-11-17,TX_1,TX,45
2014-11-17,TX_2,TX,55
2014-11-17,WI_1,WI,56
2014-11-17,WI_2,WI,59
2014-11-18,CA_1,CA,50
2014-11-18,CA_2,CA,31
2014-11-18,CA_3,CA,85
2014-11-18,TX_1,TX,50
2014-11-18,TX_2,TX,47
2014-11-18,WI_1,WI,41
2014-11-18,WI_2,WI,50
2014-11-19,CA_1,CA,59
2014-11-19,CA_2,CA,20
2014-11-19,CA_3,CA,166
2014-11-19,TX_1,TX,68
2014-11-19,TX_2,TX,42
2014-11-19,WI_1,WI,46
2014-11-19,WI_2,WI,54
2014-11-20,CA_1,CA,55
2014-11-20,CA_2,CA,25
2014-11-20,CA_3,CA,108
2014-11-20,TX_1,TX,65
2014-11-20,TX_2,TX,59
2014-11-20,WI_1,WI,62
2014-11-20,WI_2,WI,61
2014-11-21,CA_1,CA,90
2014-11-21,CA_2,CA,59
2014-11-21,CA_3,CA,112
2014-11-21,TX_1,TX,38
2014-11-21,TX_2,TX,58
2014-11-21,WI_1,WI,67
2014-11-21,WI_2,WI,51
2014-11-22,CA_1,CA,113
2014-11-22,CA_2,CA,113
2014-11-22,CA_3,CA,122
2014-11-22,TX_1,TX,64
2014-11-22,TX_2,TX,62
2014-11-22,WI_1,WI,83
2014-11-22,WI_2,WI,67
2014-11-23,CA_1,CA,146
2014-11-23,CA_2,CA,111
2014-11-23,CA_3,CA,189
2014-11-23,TX_1,TX,66
2014-11-23,TX_2,TX,68
2014-11-23,WI_1,WI,81
2014-11-23,WI_2,WI,65
2014-11-24,CA_1,CA,106
2014-11-24,CA_2,CA,47
2014-11-24,CA_3,CA,89
2014-11-24,TX_1,TX,59
2014-11-24,TX_2,TX,68
2014-11-24,WI_1,WI,45
2014-11-24,WI_2,WI,67
2014-11-25,CA_1,CA,111
2014-11-25,CA_2,CA,49
2014-11-25,CA_3,CA,116
2014-11-25,TX_1,TX,51
2014-11-25,TX_2,TX,55
2014-11-25,WI_1,WI,52
2014-11-25,WI_2,WI,62
2014-11-26,CA_1,CA,67
2014-11-26,CA_2,CA,69
2014-11-26,CA_3,CA,117
2014-11-26,TX_1,TX,40
2014-11-26,TX_2,TX,81
2014-11-26,WI_1,WI,74
2014-11-26,WI_2,WI,53
2014-11-27,CA_1,CA,54
2014-11-27,CA_2,CA,16
2014-11-27,CA_3,CA,64
2014-11-27,TX_1,TX,59
2014-11-27,TX_2,TX,59
2014-11-27,WI_1,WI,31
2014-11-27,WI_2,WI,16
2014-11-28,CA_1,CA,64
2014-11-28,CA_2,CA,58
2014-11-28,CA_3,CA,110
2014-11-28,TX_1,TX,60
2014-11-28,TX_2,TX,78
2014-11-28,WI_1,WI,67
2014-11-28,WI_2,WI,49
2014-11-29,CA_1,CA,96
2014-11-29,CA_2,CA,87
2014-11-29,CA_3,CA,143
2014-11-29,TX_1,TX,68
2014-11-29,TX_2,TX,52
2014-11-29,WI_1,WI,80
2014-11-29,WI_2,WI,75
2014-11-30,CA_1,CA,112
2014-11-30,CA_2,CA,84
2014-11-30,CA_3,CA,143
2014-11-30,TX_1,TX,62
2014-11-30,TX_2,TX,76
2014-11-30,WI_1,WI,68
2014-11-30,WI_2,WI,69
2014-12-01,CA_1,CA,133
2014-12-01,CA_2,CA,63
2014-12-01,CA_3,CA,165
2014-12-01,TX_1,TX,101
2014-12-01,TX_2,TX,71
2014-12-01,WI_1,WI,46
2014-12-01,WI_2,WI,77
2014-12-02,CA_1,CA,69
2014-12-02,CA_2,CA,57
2014-12-02,CA_3,CA,128
2014-12-02,TX_1,TX,67
2014-12-02,TX_2,TX,63
2014-12-02,WI_1,WI,42
2014-12-02,WI_2,WI,83
2014-12-03,CA_1,CA,61
2014-12-03,CA_2,CA,64
2014-12-03,CA_3,CA,177
2014-12-03,TX_1,TX,56
2014-12-03,TX_2,TX,65
2014-12-03,WI_1,WI,44
2014-12-03,WI_2,WI,88
2014-12-04,CA_1,CA,75
2014-12-04,CA_2,CA,141
2014-12-04,CA_3,CA,111
2014-12-04,TX_1,TX,67
2014-12-04,TX_2,TX,73
2014-12-04,WI_1,WI,69
2014-12-04,WI_2,WI,87
2014-12-05,CA_1,CA,84
2014-12-05,CA_2,CA,88
2014-12-05,CA_3,CA,139
2014-12-05,TX_1,TX,50
2014-12-05,TX_2,TX,68
2014-12-05,WI_1,WI,112
2014-12-05,WI_2,WI,67
2014-12-06,CA_1,CA,119
2014-12-06,CA_2,CA,74
2014-12-06,CA_3,CA,190
2014-12-06,TX_1,TX,100
2014-12-06,TX_2,TX,88
2014-12-06,WI_1,WI,105
2014-12-06,WI_2,WI,102
2014-12-07,CA_1,CA,120
2014-12-07,CA_2,CA,74
2014-12-07,CA_3,CA,213
2014-12-07,TX_1,TX,99
2014-12-07,TX_2,TX,66
2014-12-07,WI_1,WI,80
2014-12-07,WI_2,WI,58
2014-12-08,CA_1,CA,88
2014-12-08,CA_2,CA,26
2014-12-08,CA_3,CA,148
2014-12-08,TX_1,TX,47
2014-12-08,TX_2,TX,55
2014-12-08,WI_1,WI,58
2014-12-08,WI_2,WI,68
2014-12-09,CA_1,CA,111
2014-12-09,CA_2,CA,82
2014-12-09,CA_3,CA,149
2014-12-09,TX_1,TX,41
2014-12-09,TX_2,TX,43
2014-12-09,WI_1,WI,67
2014-12-09,WI_2,WI,72
2014-12-10,CA_1,CA,122
2014-12-10,CA_2,CA,70
2014-12-10,CA_3,CA,118
2014-12-10,TX_1,TX,82
2014-12-10,TX_2,TX,43
2014-12-10,WI_1,WI,55
2014-12-10,WI_2,WI,80
2014-12-11,CA_1,CA,63
2014-12-11,CA_2,CA,27
2014-12-11,CA_3,CA,52
2014-12-11,TX_1,TX,62
2014-12-11,TX_2,TX,69
2014-12-11,WI_1,WI,72
2014-12-11,WI_2,WI,89
2014-12-12,CA_1,CA,95
2014-12-12,CA_2,CA,52
2014-12-12,CA_3,CA,127
2014-12-12,TX_1,TX,62
2014-12-12,TX_2,TX,44
2014-12-12,WI_1,WI,82
2014-12-12,WI_2,WI,79
2014-12-13,CA_1,CA,99
2014-12-13,CA_2,CA,70
2014-12-13,CA_3,CA,120
2014-12-13,TX_1,TX,61
2014-12-13,TX_2,TX,62
2014-12-13,WI_1,WI,88
2014-12-13,WI_2,WI,78
2014-12-14,CA_1,CA,149
2014-12-14,CA_2,CA,86
2014-12-14,CA_3,CA,123
2014-12-14,TX_1,TX,70
2014-12-14,TX_2,TX,46
2014-12-14,WI_1,WI,76
2014-12-14,WI_2,WI,96
2014-12-15,CA_1,CA,103
2014-12-15,CA_2,CA,50
2014-12-15,CA_3,CA,137
2014-12-15,TX_1,TX,37
2014-12-15,TX_2,TX,45
2014-12-15,WI_1,WI,83
2014-12-15,WI_2,WI,83
2014-12-16,CA_1,CA,88
2014-12-16,CA_2,CA,42
2014-12-16,CA_3,CA,123
2014-12-16,TX_1,TX,53
2014-12-16,TX_2,TX,54
2014-12-16,WI_1,WI,53
2014-12-16,WI_2,WI,71
2014-12-17,CA_1,CA,88
2014-12-17,CA_2,CA,50
2014-12-17,CA_3,CA,115
2014-12-17,TX_1,TX,70
2014-12-17,TX_2,TX,43
2014-12-17,WI_1,WI,60
2014-12-17,WI_2,WI,51
2014-12-18,CA_1,CA,58
2014-12-18,CA_2,CA,76
2014-12-18,CA_3,CA,167
2014-12-18,TX_1,TX,61
2014-12-18,TX_2,TX,63
2014-12-18,WI_1,WI,72
2014-12-18,WI_2,WI,72
2014-12-19,CA_1,CA,94
2014-12-19,CA_2,CA,66
2014-12-19,CA_3,CA,102
2014-12-19,TX_1,TX,43
2014-12-19,TX_2,TX,46
2014-12-19,WI_1,WI,89
2014-12-19,WI_2,WI,48
2014-12-20,CA_1,CA,138
2014-12-20,CA_2,CA,89
2014-12-20,CA_3,CA,133
2014-12-20,TX_1,TX,89
2014-12-20,TX_2,TX,145
2014-12-20,WI_1,WI,128
2014-12-20,WI_2,WI,64
2014-12-21,CA_1,CA,89
2014-12-21,CA_2,CA,63
2014-12-21,CA_3,CA,137
2014-12-21,TX_1,TX,53
2014-12-21,TX_2,TX,69
2014-12-21,WI_1,WI,111
2014-12-21,WI_2,WI,50
2014-12-22,CA_1,CA,135
2014-12-22,CA_2,CA,37
2014-12-22,CA_3,CA,138
2014-12-22,TX_1,TX,69
2014-12-22,TX_2,TX,62
2014-12-22,WI_1,WI,81
2014-12-22,WI_2,WI,48
2014-12-23,CA_1,CA,89
2014-12-23,CA_2,CA,43
2014-12-23,CA_3,CA,138
2014-12-23,TX_1,TX,60
2014-12-23,TX_2,TX,53
2014-12-23,WI_1,WI,124
2014-12-23,WI_2,WI,54
2014-12-24,CA_1,CA,76
2014-12-24,CA_2,CA,74
2014-12-24,CA_3,CA,106
2014-12-24,TX_1,TX,51
2014-12-24,TX_2,TX,59
2014-12-24,WI_1,WI,78
2014-12-24,WI_2,WI,82
2014-12-25,CA_1,CA,0
2014-12-25,CA_2,CA,0
2014-12-25,CA_3,CA,0
2014-12-25,TX_1,TX,0
2014-12-25,TX_2,TX,0
2014-12-25,WI_1,WI,0
2014-12-25,WI_2,WI,0
2014-12-26,CA_1,CA,72
2014-12-26,CA_2,CA,85
2014-12-26,CA_3,CA,103
2014-12-26,TX_1,TX,68
2014-12-26,TX_2,TX,98
2014-12-26,WI_1,WI,85
2014-12-26,WI_2,WI,68
2014-12-27,CA_1,CA,119
2014-12-27,CA_2,CA,52
2014-12-27,CA_3,CA,89
2014-12-27,TX_1,TX,53
2014-12-27,TX_2,TX,56
2014-12-27,WI_1,WI,96
2014-12-27,WI_2,WI,68
2014-12-28,CA_1,CA,82
2014-12-28,CA_2,CA,59
2014-12-28,CA_3,CA,143
2014-12-28,TX_1,TX,34
2014-12-28,TX_2,TX,69
2014-12-28,WI_1,WI,53
2014-12-28,WI_2,WI,34
2014-12-29,CA_1,CA,107
2014-12-29,CA_2,CA,54
2014-12-29,CA_3,CA,82
2014-12-29,TX_1,TX,44
2014-12-29,TX_2,TX,55
2014-12-29,WI_1,WI,62
2014-12-29,WI_2,WI,54
2014-12-30,CA_1,CA,70
2014-12-30,CA_2,CA,34
2014-12-30,CA_3,CA,75
2014-12-30,TX_1,TX,41
2014-12-30,TX_2,TX,54
2014-12-30,WI_1,WI,84
2014-12-30,WI_2,WI,57
2014-12-31,CA_1,CA,70
2014-12-31,CA_2,CA,36
2014-12-31,CA_3,CA,89
2014-12-31,TX_1,TX,37
2014-12-31,TX_2,TX,82
2014-12-31,WI_1,WI,57
2014-12-31,WI_2,WI,64
2015-01-01,CA_1,CA,75
2015-01-01,CA_2,CA,55
2015-01-01,CA_3,CA,134
2015-01-01,TX_1,TX,46
2015-01-01,TX_2,TX,62
2015-01-01,WI_1,WI,43
2015-01-01,WI_2,WI,38
2015-01-02,CA_1,CA,113
2015-01-02,CA_2,CA,40
2015-01-02,CA_3,CA,127
2015-01-02,TX_1,TX,65
2015-01-02,TX_2,TX,66
2015-01-02,WI_1,WI,87
2015-01-02,WI_2,WI,73
2015-01-03,CA_1,CA,112
2015-01-03,CA_2,CA,85
2015-01-03,CA_3,CA,152
2015-01-03,TX_1,TX,60
2015-01-03,TX_2,TX,76
2015-01-03,WI_1,WI,93
2015-01-03,WI_2,WI,91
2015-01-04,CA_1,CA,105
2015-01-04,CA_2,CA,48
2015-01-04,CA_3,CA,119
2015-01-04,TX_1,TX,51
2015-01-04,TX_2,TX,64
2015-01-04,WI_1,WI,67
2015-01-04,WI_2,WI,60
2015-01-05,CA_1,CA,77
2015-01-05,CA_2,CA,43
2015-01-05,CA_3,CA,89
2015-01-05,TX_1,TX,44
2015-01-05,TX_2,TX,56
2015-01-05,WI_1,WI,57
2015-01-05,WI_2,WI,69
2015-01-06,CA_1,CA,69
2015-01-06,CA_2,CA,60
2015-01-06,CA_3,CA,79
2015-01-06,TX_1,TX,62
2015-01-06,TX_2,TX,60
2015-01-06,WI_1,WI,50
2015-01-06,WI_2,WI,66
2015-01-07,CA_1,CA,61
2015-01-07,CA_2,CA,51
2015-01-07,CA_3,CA,92
2015-01-07,TX_1,TX,39
2015-01-07,TX_2,TX,51
2015-01-07,WI_1,WI,45
2015-01-07,WI_2,WI,69
2015-01-08,CA_1,CA,55
2015-01-08,CA_2,CA,48
2015-01-08,CA_3,CA,151
2015-01-08,TX_1,TX,51
2015-01-08,TX_2,TX,54
2015-01-08,WI_1,WI,28
2015-01-08,WI_2,WI,60
2015-01-09,CA_1,CA,73
2015-01-09,CA_2,CA,63
2015-01-09,CA_3,CA,165
2015-01-09,TX_1,TX,57
2015-01-09,TX_2,TX,58
2015-01-09,WI_1,WI,55
2015-01-09,WI_2,WI,67
2015-01-10,CA_1,CA,127
2015-01-10,CA_2,CA,73
2015-01-10,CA_3,CA,144
2015-01-10,TX_1,TX,53
2015-01-10,TX_2,TX,56
2015-01-10,WI_1,WI,83
2015-01-10,WI_2,WI,90
2015-01-11,CA_1,CA,86
2015-01-11,CA_2,CA,73
2015-01-11,CA_3,CA,113
2015-01-11,TX_1,TX,69
2015-01-11,TX_2,TX,63
2015-01-11,WI_1,WI,71
2015-01-11,WI_2,WI,69
2015-01-12,CA_1,CA,61
2015-01-12,CA_2,CA,38
2015-01-12,CA_3,CA,124
2015-01-12,TX_1,TX,48
2015-01-12,TX_2,TX,66
2015-01-12,WI_1,WI,71
2015-01-12,WI_2,WI,61
2015-01-13,CA_1,CA,132
2015-01-13,CA_2,CA,74
2015-01-13,CA_3,CA,110
2015-01-13,TX_1,TX,44
2015-01-13,TX_2,TX,56
2015-01-13,WI_1,WI,52
2015-01-13,WI_2,WI,70
2015-01-14,CA_1,CA,60
2015-01-14,CA_2,CA,41
2015-01-14,CA_3,CA,53
2015-01-14,TX_1,TX,56
2015-01-14,TX_2,TX,48
2015-01-14,WI_1,WI,52
2015-01-14,WI_2,WI,85
2015-01-15,CA_1,CA,53
2015-01-15,CA_2,CA,51
2015-01-15,CA_3,CA,69
2015-01-15,TX_1,TX,35
2015-01-15,TX_2,TX,46
2015-01-15,WI_1,WI,65
2015-01-15,WI_2,WI,74
2015-01-16,CA_1,CA,74
2015-01-16,CA_2,CA,79
2015-01-16,CA_3,CA,79
2015-01-16,TX_1,TX,40
2015-01-16,TX_2,TX,54
2015-01-16,WI_1,WI,58
2015-01-16,WI_2,WI,49
2015-01-17,CA_1,CA,103
2015-01-17,CA_2,CA,52
2015-01-17,CA_3,CA,161
2015-01-17,TX_1,TX,50
2015-01-17,TX_2,TX,72
2015-01-17,WI_1,WI,122
2015-01-17,WI_2,WI,88
2015-01-18,CA_1,CA,113
2015-01-18,CA_2,CA,49
2015-01-18,CA_3,CA,159
2015-01-18,TX_1,TX,68
2015-01-18,TX_2,TX,83
2015-01-18,WI_1,WI,78
2015-01-18,WI_2,WI,55
2015-01-19,CA_1,CA,76
2015-01-19,CA_2,CA,54
2015-01-19,CA_3,CA,118
2015-01-19,TX_1,TX,63
2015-01-19,TX_2,TX,42
2015-01-19,WI_1,WI,54
2015-01-19,WI_2,WI,41
2015-01-20,CA_1,CA,76
2015-01-20,CA_2,CA,37
2015-01-20,CA_3,CA,92
2015-01-20,TX_1,TX,73
2015-01-20,TX_2,TX,58
2015-01-20,WI_1,WI,68
2015-01-20,WI_2,WI,44
2015-01-21,CA_1,CA,52
2015-01-21,CA_2,CA,32
2015-01-21,CA_3,CA,128
2015-01-21,TX_1,TX,50
2015-01-21,TX_2,TX,46
2015-01-21,WI_1,WI,46
2015-01-21,WI_2,WI,43
2015-01-22,CA_1,CA,50
2015-01-22,CA_2,CA,30
2015-01-22,CA_3,CA,160
2015-01-22,TX_1,TX,75
2015-01-22,TX_2,TX,40
2015-01-22,WI_1,WI,34
2015-01-22,WI_2,WI,53
2015-01-23,CA_1,CA,86
2015-01-23,CA_2,CA,36
2015-01-23,CA_3,CA,113
2015-01-23,TX_1,TX,64
2015-01-23,TX_2,TX,58
2015-01-23,WI_1,WI,59
2015-01-23,WI_2,WI,63
2015-01-24,CA_1,CA,90
2015-01-24,CA_2,CA,58
2015-01-24,CA_3,CA,135
2015-01-24,TX_1,TX,66
2015-01-24,TX_2,TX,75
2015-01-24,WI_1,WI,66
2015-01-24,WI_2,WI,47
2015-01-25,CA_1,CA,109
2015-01-25,CA_2,CA,67
2015-01-25,CA_3,CA,106
2015-01-25,TX_1,TX,61
2015-01-25,TX_2,TX,86
2015-01-25,WI_1,WI,64
2015-01-25,WI_2,WI,71
2015-01-26,CA_1,CA,74
2015-01-26,CA_2,CA,73
2015-01-26,CA_3,CA,111
2015-01-26,TX_1,TX,52
2015-01-26,TX_2,TX,104
2015-01-26,WI_1,WI,51
2015-01-26,WI_2,WI,107
2015-01-27,CA_1,CA,78
2015-01-27,CA_2,CA,29
2015-01-27,CA_3,CA,92
2015-01-27,TX_1,TX,40
2015-01-27,TX_2,TX,64
2015-01-27,WI_1,WI,54
2015-01-27,WI_2,WI,45
2015-01-28,CA_1,CA,55
2015-01-28,CA_2,CA,49
2015-01-28,CA_3,CA,149
2015-01-28,TX_1,TX,32
2015-01-28,TX_2,TX,52
2015-01-28,WI_1,WI,67
2015-01-28,WI_2,WI,60
2015-01-29,CA_1,CA,61
2015-01-29,CA_2,CA,64
2015-01-29,CA_3,CA,127
2015-01-29,TX_1,TX,44
2015-01-29,TX_2,TX,59
2015-01-29,WI_1,WI,55
2015-01-29,WI_2,WI,53
2015-01-30,CA_1,CA,77
2015-01-30,CA_2,CA,39
2015-01-30,CA_3,CA,147
2015-01-30,TX_1,TX,113
2015-01-30,TX_2,TX,86
2015-01-30,WI_1,WI,94
2015-01-30,WI_2,WI,96
2015-01-31,CA_1,CA,130
2015-01-31,CA_2,CA,116
2015-01-31,CA_3,CA,194
2015-01-31,TX_1,TX,88
2015-01-31,TX_2,TX,107
2015-01-31,WI_1,WI,133
2015-01-31,WI_2,WI,88
2015-02-01,CA_1,CA,124
2015-02-01,CA_2,CA,66
2015-02-01,CA_3,CA,198
2015-02-01,TX_1,TX,65
2015-02-01,TX_2,TX,110
2015-02-01,WI_1,WI,38
2015-02-01,WI_2,WI,53
2015-02-02,CA_1,CA,94
2015-02-02,CA_2,CA,38
2015-02-02,CA_3,CA,111
2015-02-02,TX_1,TX,55
2015-02-02,TX_2,TX,71
2015-02-02,WI_1,WI,60
2015-02-02,WI_2,WI,48
2015-02-03,CA_1,CA,79
2015-02-03,CA_2,CA,43
2015-02-03,CA_3,CA,170
2015-02-03,TX_1,TX,69
2015-02-03,TX_2,TX,65
2015-02-03,WI_1,WI,60
2015-02-03,WI_2,WI,84
2015-02-04,CA_1,CA,70
2015-02-04,CA_2,CA,80
2015-02-04,CA_3,CA,123
2015-02-04,TX_1,TX,54
2015-02-04,TX_2,TX,89
2015-02-04,WI_1,WI,53
2015-02-04,WI_2,WI,64
2015-02-05,CA_1,CA,53
2015-02-05,CA_2,CA,51
2015-02-05,CA_3,CA,125
2015-02-05,TX_1,TX,57
2015-02-05,TX_2,TX,67
2015-02-05,WI_1,WI,61
2015-02-05,WI_2,WI,68
2015-02-06,CA_1,CA,65
2015-02-06,CA_2,CA,33
2015-02-06,CA_3,CA,116
2015-02-06,TX_1,TX,65
2015-02-06,TX_2,TX,84
2015-02-06,WI_1,WI,73
2015-02-06,WI_2,WI,94
2015-02-07,CA_1,CA,137
2015-02-07,CA_2,CA,58
2015-02-07,CA_3,CA,191
2015-02-07,TX_1,TX,63
2015-02-07,TX_2,TX,99
2015-02-07,WI_1,WI,117
2015-02-07,WI_2,WI,94
2015-02-08,CA_1,CA,111
2015-02-08,CA_2,CA,90
2015-02-08,CA_3,CA,183
2015-02-08,TX_1,TX,57
2015-02-08,TX_2,TX,99
2015-02-08,WI_1,WI,95
2015-02-08,WI_2,WI,110
2015-02-09,CA_1,CA,115
2015-02-09,CA_2,CA,39
2015-02-09,CA_3,CA,231
2015-02-09,TX_1,TX,35
2015-02-09,TX_2,TX,77
2015-02-09,WI_1,WI,65
2015-02-09,WI_2,WI,71
2015-02-10,CA_1,CA,64
2015-02-10,CA_2,CA,66
2015-02-10,CA_3,CA,147
2015-02-10,TX_1,TX,90
2015-02-10,TX_2,TX,63
2015-02-10,WI_1,WI,41
2015-02-10,WI_2,WI,91
2015-02-11,CA_1,CA,75
2015-02-11,CA_2,CA,37
2015-02-11,CA_3,CA,107
2015-02-11,TX_1,TX,63
2015-02-11,TX_2,TX,79
2015-02-11,WI_1,WI,72
2015-02-11,WI_2,WI,89
2015-02-12,CA_1,CA,88
2015-02-12,CA_2,CA,51
2015-02-12,CA_3,CA,179
2015-02-12,TX_1,TX,59
2015-02-12,TX_2,TX,69
2015-02-12,WI_1,WI,59
2015-02-12,WI_2,WI,80
2015-02-13,CA_1,CA,93
2015-02-13,CA_2,CA,70
2015-02-13,CA_3,CA,114
2015-02-13,TX_1,TX,59
2015-02-13,TX_2,TX,78
2015-02-13,WI_1,WI,69
2015-02-13,WI_2,WI,68
2015-02-14,CA_1,CA,86
2015-02-14,CA_2,CA,55
2015-02-14,CA_3,CA,153
2015-02-14,TX_1,TX,70
2015-02-14,TX_2,TX,81
2015-02-14,WI_1,WI,94
2015-02-14,WI_2,WI,74
2015-02-15,CA_1,CA,103
2015-02-15,CA_2,CA,97
2015-02-15,CA_3,CA,173
2015-02-15,TX_1,TX,69
2015-02-15,TX_2,TX,80
2015-02-15,WI_1,WI,78
2015-02-15,WI_2,WI,67
2015-02-16,CA_1,CA,95
2015-02-16,CA_2,CA,47
2015-02-16,CA_3,CA,162
2015-02-16,TX_1,TX,50
2015-02-16,TX_2,TX,66
2015-02-16,WI_1,WI,69
2015-02-16,WI_2,WI,78
2015-02-17,CA_1,CA,108
2015-02-17,CA_2,CA,56
2015-02-17,CA_3,CA,122
2015-02-17,TX_1,TX,63
2015-02-17,TX_2,TX,57
2015-02-17,WI_1,WI,52
2015-02-17,WI_2,WI,78
2015-02-18,CA_1,CA,66
2015-02-18,CA_2,CA,60
2015-02-18,CA_3,CA,121
2015-02-18,TX_1,TX,71
2015-02-18,TX_2,TX,72
2015-02-18,WI_1,WI,57
2015-02-18,WI_2,WI,51
2015-02-19,CA_1,CA,84
2015-02-19,CA_2,CA,48
2015-02-19,CA_3,CA,110
2015-02-19,TX_1,TX,70
2015-02-19,TX_2,TX,55
2015-02-19,WI_1,WI,72
2015-02-19,WI_2,WI,28
2015-02-20,CA_1,CA,110
2015-02-20,CA_2,CA,46
2015-02-20,CA_3,CA,146
2015-02-20,TX_1,TX,82
2015-02-20,TX_2,TX,95
2015-02-20,WI_1,WI,78
2015-02-20,WI_2,WI,53
2015-02-21,CA_1,CA,94
2015-02-21,CA_2,CA,86
2015-02-21,CA_3,CA,144
2015-02-21,TX_1,TX,78
2015-02-21,TX_2,TX,97
2015-02-21,WI_1,WI,103
2015-02-21,WI_2,WI,42
2015-02-22,CA_1,CA,116
2015-02-22,CA_2,CA,43
2015-02-22,CA_3,CA,132
2015-02-22,TX_1,TX,82
2015-02-22,TX_2,TX,65
2015-02-22,WI_1,WI,94
2015-02-22,WI_2,WI,54
2015-02-23,CA_1,CA,79
2015-02-23,CA_2,CA,60
2015-02-23,CA_3,CA,151
2015-02-23,TX_1,TX,48
2015-02-23,TX_2,TX,49
2015-02-23,WI_1,WI,55
2015-02-23,WI_2,WI,53
2015-02-24,CA_1,CA,69
2015-02-24,CA_2,CA,31
2015-02-24,CA_3,CA,119
2015-02-24,TX_1,TX,42
2015-02-24,TX_2,TX,76
2015-02-24,WI_1,WI,81
2015-02-24,WI_2,WI,38
2015-02-25,CA_1,CA,48
2015-02-25,CA_2,CA,39
2015-02-25,CA_3,CA,104
2015-02-25,TX_1,TX,57
2015-02-25,TX_2,TX,57
2015-02-25,WI_1,WI,62
2015-02-25,WI_2,WI,52
2015-02-26,CA_1,CA,71
2015-02-26,CA_2,CA,52
2015-02-26,CA_3,CA,137
2015-02-26,TX_1,TX,69
2015-02-26,TX_2,TX,76
2015-02-26,WI_1,WI,63
2015-02-26,WI_2,WI,53
2015-02-27,CA_1,CA,128
2015-02-27,CA_2,CA,43
2015-02-27,CA_3,CA,108
2015-02-27,TX_1,TX,50
2015-02-27,TX_2,TX,79
2015-02-27,WI_1,WI,84
2015-02-27,WI_2,WI,34
2015-02-28,CA_1,CA,125
2015-02-28,CA_2,CA,63
2015-02-28,CA_3,CA,114
2015-02-28,TX_1,TX,97
2015-02-28,TX_2,TX,88
2015-02-28,WI_1,WI,119
2015-02-28,WI_2,WI,77
2015-03-01,CA_1,CA,100
2015-03-01,CA_2,CA,69
2015-03-01,CA_3,CA,162
2015-03-01,TX_1,TX,66
2015-03-01,TX_2,TX,74
2015-03-01,WI_1,WI,101
2015-03-01,WI_2,WI,50
2015-03-02,CA_1,CA,106
2015-03-02,CA_2,CA,51
2015-03-02,CA_3,CA,124
2015-03-02,TX_1,TX,77
2015-03-02,TX_2,TX,66
2015-03-02,WI_1,WI,67
2015-03-02,WI_2,WI,57
2015-03-03,CA_1,CA,62
2015-03-03,CA_2,CA,47
2015-03-03,CA_3,CA,159
2015-03-03,TX_1,TX,57
2015-03-03,TX_2,TX,59
2015-03-03,WI_1,WI,39
2015-03-03,WI_2,WI,48
2015-03-04,CA_1,CA,56
2015-03-04,CA_2,CA,34
2015-03-04,CA_3,CA,162
2015-03-04,TX_1,TX,67
2015-03-04,TX_2,TX,64
2015-03-04,WI_1,WI,86
2015-03-04,WI_2,WI,56
2015-03-05,CA_1,CA,66
2015-03-05,CA_2,CA,42
2015-03-05,CA_3,CA,107
2015-03-05,TX_1,TX,55
2015-03-05,TX_2,TX,79
2015-03-05,WI_1,WI,73
2015-03-05,WI_2,WI,32
2015-03-06,CA_1,CA,76
2015-03-06,CA_2,CA,36
2015-03-06,CA_3,CA,128
2015-03-06,TX_1,TX,61
2015-03-06,TX_2,TX,54
2015-03-06,WI_1,WI,77
2015-03-06,WI_2,WI,60
2015-03-07,CA_1,CA,139
2015-03-07,CA_2,CA,89
2015-03-07,CA_3,CA,125
2015-03-07,TX_1,TX,93
2015-03-07,TX_2,TX,74
2015-03-07,WI_1,WI,109
2015-03-07,WI_2,WI,64
2015-03-08,CA_1,CA,126
2015-03-08,CA_2,CA,63
2015-03-08,CA_3,CA,153
2015-03-08,TX_1,TX,61
2015-03-08,TX_2,TX,77
2015-03-08,WI_1,WI,94
2015-03-08,WI_2,WI,53
2015-03-09,CA_1,CA,80
2015-03-09,CA_2,CA,30
2015-03-09,CA_3,CA,142
2015-03-09,TX_1,TX,65
2015-03-09,TX_2,TX,68
2015-03-09,WI_1,WI,75
2015-03-09,WI_2,WI,47
2015-03-10,CA_1,CA,86
2015-03-10,CA_2,CA,46
2015-03-10,CA_3,CA,95
2015-03-10,TX_1,TX,73
2015-03-10,TX_2,TX,77
2015-03-10,WI_1,WI,35
2015-03-10,WI_2,WI,57
2015-03-11,CA_1,CA,60
2015-03-11,CA_2,CA,42
2015-03-11,CA_3,CA,92
2015-03-11,TX_1,TX,59
2015-03-11,TX_2,TX,70
2015-03-11,WI_1,WI,47
2015-03-11,WI_2,WI,63
2015-03-12,CA_1,CA,61
2015-03-12,CA_2,CA,51
2015-03-12,CA_3,CA,85
2015-03-12,TX_1,TX,49
2015-03-12,TX_2,TX,59
2015-03-12,WI_1,WI,47
2015-03-12,WI_2,WI,70
2015-03-13,CA_1,CA,68
2015-03-13,CA_2,CA,50
2015-03-13,CA_3,CA,136
2015-03-13,TX_1,TX,106
2015-03-13,TX_2,TX,79
2015-03-13,WI_1,WI,92
2015-03-13,WI_2,WI,58
2015-03-14,CA_1,CA,104
2015-03-14,CA_2,CA,67
2015-03-14,CA_3,CA,130
2015-03-14,TX_1,TX,64
2015-03-14,TX_2,TX,68
2015-03-14,WI_1,WI,101
2015-03-14,WI_2,WI,97
2015-03-15,CA_1,CA,96
2015-03-15,CA_2,CA,95
2015-03-15,CA_3,CA,196
2015-03-15,TX_1,TX,72
2015-03-15,TX_2,TX,76
2015-03-15,WI_1,WI,84
2015-03-15,WI_2,WI,49
2015-03-16,CA_1,CA,111
2015-03-16,CA_2,CA,42
2015-03-16,CA_3,CA,135
2015-03-16,TX_1,TX,72
2015-03-16,TX_2,TX,76
2015-03-16,WI_1,WI,54
2015-03-16,WI_2,WI,39
2015-03-17,CA_1,CA,57
2015-03-17,CA_2,CA,38
2015-03-17,CA_3,CA,110
2015-03-17,TX_1,TX,77
2015-03-17,TX_2,TX,59
2015-03-17,WI_1,WI,44
2015-03-17,WI_2,WI,63
2015-03-18,CA_1,CA,56
2015-03-18,CA_2,CA,57
2015-03-18,CA_3,CA,104
2015-03-18,TX_1,TX,60
2015-03-18,TX_2,TX,34
2015-03-18,WI_1,WI,61
2015-03-18,WI_2,WI,28
2015-03-19,CA_1,CA,53
2015-03-19,CA_2,CA,27
2015-03-19,CA_3,CA,120
2015-03-19,TX_1,TX,54
2015-03-19,TX_2,TX,80
2015-03-19,WI_1,WI,51
2015-03-19,WI_2,WI,38
2015-03-20,CA_1,CA,72
2015-03-20,CA_2,CA,60
2015-03-20,CA_3,CA,98
2015-03-20,TX_1,TX,75
2015-03-20,TX_2,TX,75
2015-03-20,WI_1,WI,54
2015-03-20,WI_2,WI,47
2015-03-21,CA_1,CA,85
2015-03-21,CA_2,CA,35
2015-03-21,CA_3,CA,126
2015-03-21,TX_1,TX,46
2015-03-21,TX_2,TX,62
2015-03-21,WI_1,WI,78
2015-03-21,WI_2,WI,49
2015-03-22,CA_1,CA,110
2015-03-22,CA_2,CA,90
2015-03-22,CA_3,CA,200
2015-03-22,TX_1,TX,65
2015-03-22,TX_2,TX,61
2015-03-22,WI_1,WI,90
2015-03-22,WI_2,WI,47
2015-03-23,CA_1,CA,70
2015-03-23,CA_2,CA,45
2015-03-23,CA_3,CA,113
2015-03-23,TX_1,TX,64
2015-03-23,TX_2,TX,51
2015-03-23,WI_1,WI,60
2015-03-23,WI_2,WI,40
2015-03-24,CA_1,CA,30
2015-03-24,CA_2,CA,43
2015-03-24,CA_3,CA,157
2015-03-24,TX_1,TX,113
2015-03-24,TX_2,TX,3
2015-03-24,WI_1,WI,57
2015-03-24,WI_2,WI,56
2015-03-25,CA_1,CA,83
2015-03-25,CA_2,CA,38
2015-03-25,CA_3,CA,83
2015-03-25,TX_1,TX,31
2015-03-25,TX_2,TX,143
2015-03-25,WI_1,WI,39
2015-03-25,WI_2,WI,51
2015-03-26,CA_1,CA,60
2015-03-26,CA_2,CA,51
2015-03-26,CA_3,CA,105
2015-03-26,TX_1,TX,54
2015-03-26,TX_2,TX,55
2015-03-26,WI_1,WI,81
2015-03-26,WI_2,WI,40
2015-03-27,CA_1,CA,76
2015-03-27,CA_2,CA,47
2015-03-27,CA_3,CA,99
2015-03-27,TX_1,TX,46
2015-03-27,TX_2,TX,61
2015-03-27,WI_1,WI,54
2015-03-27,WI_2,WI,70
2015-03-28,CA_1,CA,93
2015-03-28,CA_2,CA,54
2015-03-28,CA_3,CA,115
2015-03-28,TX_1,TX,60
2015-03-28,TX_2,TX,93
2015-03-28,WI_1,WI,75
2015-03-28,WI_2,WI,63
2015-03-29,CA_1,CA,117
2015-03-29,CA_2,CA,76
2015-03-29,CA_3,CA,159
2015-03-29,TX_1,TX,73
2015-03-29,TX_2,TX,79
2015-03-29,WI_1,WI,70
2015-03-29,WI_2,WI,67
2015-03-30,CA_1,CA,116
2015-03-30,CA_2,CA,33
2015-03-30,CA_3,CA,114
2015-03-30,TX_1,TX,53
2015-03-30,TX_2,TX,46
2015-03-30,WI_1,WI,41
2015-03-30,WI_2,WI,57
2015-03-31,CA_1,CA,49
2015-03-31,CA_2,CA,47
2015-03-31,CA_3,CA,189
2015-03-31,TX_1,TX,50
2015-03-31,TX_2,TX,70
2015-03-31,WI_1,WI,59
2015-03-31,WI_2,WI,73
2015-04-01,CA_1,CA,62
2015-04-01,CA_2,CA,32
2015-04-01,CA_3,CA,169
2015-04-01,TX_1,TX,54
2015-04-01,TX_2,TX,56
2015-04-01,WI_1,WI,56
2015-04-01,WI_2,WI,62
2015-04-02,CA_1,CA,66
2015-04-02,CA_2,CA,42
2015-04-02,CA_3,CA,129
2015-04-02,TX_1,TX,41
2015-04-02,TX_2,TX,39
2015-04-02,WI_1,WI,61
2015-04-02,WI_2,WI,52
2015-04-03,CA_1,CA,104
2015-04-03,CA_2,CA,43
2015-04-03,CA_3,CA,181
2015-04-03,TX_1,TX,67
2015-04-03,TX_2,TX,79
2015-04-03,WI_1,WI,84
2015-04-03,WI_2,WI,65
2015-04-04,CA_1,CA,116
2015-04-04,CA_2,CA,69
2015-04-04,CA_3,CA,160
2015-04-04,TX_1,TX,63
2015-04-04,TX_2,TX,68
2015-04-04,WI_1,WI,134
2015-04-04,WI_2,WI,72
2015-04-05,CA_1,CA,111
2015-04-05,CA_2,CA,48
2015-04-05,CA_3,CA,165
2015-04-05,TX_1,TX,96
2015-04-05,TX_2,TX,67
2015-04-05,WI_1,WI,47
2015-04-05,WI_2,WI,53
2015-04-06,CA_1,CA,77
2015-04-06,CA_2,CA,57
2015-04-06,CA_3,CA,134
2015-04-06,TX_1,TX,66
2015-04-06,TX_2,TX,55
2015-04-06,WI_1,WI,52
2015-04-06,WI_2,WI,56
2015-04-07,CA_1,CA,92
2015-04-07,CA_2,CA,30
2015-04-07,CA_3,CA,105
2015-04-07,TX_1,TX,64
2015-04-07,TX_2,TX,66
2015-04-07,WI_1,WI,51
2015-04-07,WI_2,WI,52
2015-04-08,CA_1,CA,64
2015-04-08,CA_2,CA,47
2015-04-08,CA_3,CA,104
2015-04-08,TX_1,TX,39
2015-04-08,TX_2,TX,65
2015-04-08,WI_1,WI,55
2015-04-08,WI_2,WI,38
2015-04-09,CA_1,CA,56
2015-04-09,CA_2,CA,13
2015-04-09,CA_3,CA,93
2015-04-09,TX_1,TX,77
2015-04-09,TX_2,TX,75
2015-04-09,WI_1,WI,54
2015-04-09,WI_2,WI,48
2015-04-10,CA_1,CA,90
2015-04-10,CA_2,CA,38
2015-04-10,CA_3,CA,103
2015-04-10,TX_1,TX,77
2015-04-10,TX_2,TX,60
2015-04-10,WI_1,WI,74
2015-04-10,WI_2,WI,54
2015-04-11,CA_1,CA,143
2015-04-11,CA_2,CA,76
2015-04-11,CA_3,CA,117
2015-04-11,TX_1,TX,61
2015-04-11,TX_2,TX,76
2015-04-11,WI_1,WI,151
2015-04-11,WI_2,WI,90
2015-04-12,CA_1,CA,106
2015-04-12,CA_2,CA,69
2015-04-12,CA_3,CA,142
2015-04-12,TX_1,TX,63
2015-04-12,TX_2,TX,81
2015-04-12,WI_1,WI,106
2015-04-12,WI_2,WI,68
2015-04-13,CA_1,CA,61
2015-04-13,CA_2,CA,28
2015-04-13,CA_3,CA,97
2015-04-13,TX_1,TX,77
2015-04-13,TX_2,TX,59
2015-04-13,WI_1,WI,59
2015-04-13,WI_2,WI,55
2015-04-14,CA_1,CA,52
2015-04-14,CA_2,CA,34
2015-04-14,CA_3,CA,140
2015-04-14,TX_1,TX,53
2015-04-14,TX_2,TX,48
2015-04-14,WI_1,WI,67
2015-04-14,WI_2,WI,46
2015-04-15,CA_1,CA,70
2015-04-15,CA_2,CA,30
2015-04-15,CA_3,CA,118
2015-04-15,TX_1,TX,88
2015-04-15,TX_2,TX,76
2015-04-15,WI_1,WI,72
2015-04-15,WI_2,WI,52
2015-04-16,CA_1,CA,57
2015-04-16,CA_2,CA,45
2015-04-16,CA_3,CA,83
2015-04-16,TX_1,TX,43
2015-04-16,TX_2,TX,33
2015-04-16,WI_1,WI,50
2015-04-16,WI_2,WI,44
2015-04-17,CA_1,CA,57
2015-04-17,CA_2,CA,28
2015-04-17,CA_3,CA,107
2015-04-17,TX_1,TX,42
2015-04-17,TX_2,TX,56
2015-04-17,WI_1,WI,56
2015-04-17,WI_2,WI,42
2015-04-18,CA_1,CA,92
2015-04-18,CA_2,CA,32
2015-04-18,CA_3,CA,95
2015-04-18,TX_1,TX,81
2015-04-18,TX_2,TX,87
2015-04-18,WI_1,WI,84
2015-04-18,WI_2,WI,45
2015-04-19,CA_1,CA,66
2015-04-19,CA_2,CA,70
2015-04-19,CA_3,CA,109
2015-04-19,TX_1,TX,47
2015-04-19,TX_2,TX,52
2015-04-19,WI_1,WI,82
2015-04-19,WI_2,WI,43
2015-04-20,CA_1,CA,63
2015-04-20,CA_2,CA,54
2015-04-20,CA_3,CA,83
2015-04-20,TX_1,TX,56
2015-04-20,TX_2,TX,44
2015-04-20,WI_1,WI,47
2015-04-20,WI_2,WI,44
2015-04-21,CA_1,CA,62
2015-04-21,CA_2,CA,40
2015-04-21,CA_3,CA,81
2015-04-21,TX_1,TX,39
2015-04-21,TX_2,TX,39
2015-04-21,WI_1,WI,32
2015-04-21,WI_2,WI,46
2015-04-22,CA_1,CA,78
2015-04-22,CA_2,CA,50
2015-04-22,CA_3,CA,112
2015-04-22,TX_1,TX,49
2015-04-22,TX_2,TX,51
2015-04-22,WI_1,WI,38
2015-04-22,WI_2,WI,24
2015-04-23,CA_1,CA,65
2015-04-23,CA_2,CA,63
2015-04-23,CA_3,CA,92
2015-04-23,TX_1,TX,57
2015-04-23,TX_2,TX,46
2015-04-23,WI_1,WI,45
2015-04-23,WI_2,WI,46
2015-04-24,CA_1,CA,66
2015-04-24,CA_2,CA,35
2015-04-24,CA_3,CA,85
2015-04-24,TX_1,TX,45
2015-04-24,TX_2,TX,48
2015-04-24,WI_1,WI,53
2015-04-24,WI_2,WI,49
2015-04-25,CA_1,CA,104
2015-04-25,CA_2,CA,56
2015-04-25,CA_3,CA,133
2015-04-25,TX_1,TX,60
2015-04-25,TX_2,TX,76
2015-04-25,WI_1,WI,104
2015-04-25,WI_2,WI,38
2015-04-26,CA_1,CA,66
2015-04-26,CA_2,CA,58
2015-04-26,CA_3,CA,121
2015-04-26,TX_1,TX,54
2015-04-26,TX_2,TX,49
2015-04-26,WI_1,WI,71
2015-04-26,WI_2,WI,37
2015-04-27,CA_1,CA,56
2015-04-27,CA_2,CA,52
2015-04-27,CA_3,CA,67
2015-04-27,TX_1,TX,45
2015-04-27,TX_2,TX,49
2015-04-27,WI_1,WI,58
2015-04-27,WI_2,WI,34
2015-04-28,CA_1,CA,40
2015-04-28,CA_2,CA,29
2015-04-28,CA_3,CA,93
2015-04-28,TX_1,TX,44
2015-04-28,TX_2,TX,49
2015-04-28,WI_1,WI,54
2015-04-28,WI_2,WI,29
2015-04-29,CA_1,CA,56
2015-04-29,CA_2,CA,35
2015-04-29,CA_3,CA,84
2015-04-29,TX_1,TX,49
2015-04-29,TX_2,TX,42
2015-04-29,WI_1,WI,53
2015-04-29,WI_2,WI,32
2015-04-30,CA_1,CA,49
2015-04-30,CA_2,CA,25
2015-04-30,CA_3,CA,115
2015-04-30,TX_1,TX,45
2015-04-30,TX_2,TX,50
2015-04-30,WI_1,WI,61
2015-04-30,WI_2,WI,46
2015-05-01,CA_1,CA,76
2015-05-01,CA_2,CA,53
2015-05-01,CA_3,CA,108
2015-05-01,TX_1,TX,53
2015-05-01,TX_2,TX,67
2015-05-01,WI_1,WI,58
2015-05-01,WI_2,WI,54
2015-05-02,CA_1,CA,103
2015-05-02,CA_2,CA,40
2015-05-02,CA_3,CA,108
2015-05-02,TX_1,TX,69
2015-05-02,TX_2,TX,61
2015-05-02,WI_1,WI,57
2015-05-02,WI_2,WI,67
2015-05-03,CA_1,CA,85
2015-05-03,CA_2,CA,50
2015-05-03,CA_3,CA,101
2015-05-03,TX_1,TX,85
2015-05-03,TX_2,TX,55
2015-05-03,WI_1,WI,62
2015-05-03,WI_2,WI,76
2015-05-04,CA_1,CA,89
2015-05-04,CA_2,CA,83
2015-05-04,CA_3,CA,84
2015-05-04,TX_1,TX,32
2015-05-04,TX_2,TX,48
2015-05-04,WI_1,WI,57
2015-05-04,WI_2,WI,50
2015-05-05,CA_1,CA,42
2015-05-05,CA_2,CA,41
2015-05-05,CA_3,CA,82
2015-05-05,TX_1,TX,43
2015-05-05,TX_2,TX,53
2015-05-05,WI_1,WI,50
2015-05-05,WI_2,WI,46
2015-05-06,CA_1,CA,55
2015-05-06,CA_2,CA,30
2015-05-06,CA_3,CA,72
2015-05-06,TX_1,TX,44
2015-05-06,TX_2,TX,59
2015-05-06,WI_1,WI,34
2015-05-06,WI_2,WI,30
2015-05-07,CA_1,CA,52
2015-05-07,CA_2,CA,39
2015-05-07,CA_3,CA,80
2015-05-07,TX_1,TX,33
2015-05-07,TX_2,TX,60
2015-05-07,WI_1,WI,47
2015-05-07,WI_2,WI,35
2015-05-08,CA_1,CA,53
2015-05-08,CA_2,CA,50
2015-05-08,CA_3,CA,73
2015-05-08,TX_1,TX,67
2015-05-08,TX_2,TX,43
2015-05-08,WI_1,WI,73
2015-05-08,WI_2,WI,26
2015-05-09,CA_1,CA,105
2015-05-09,CA_2,CA,38
2015-05-09,CA_3,CA,91
2015-05-09,TX_1,TX,47
2015-05-09,TX_2,TX,67
2015-05-09,WI_1,WI,63
2015-05-09,WI_2,WI,61
2015-05-10,CA_1,CA,82
2015-05-10,CA_2,CA,40
2015-05-10,CA_3,CA,151
2015-05-10,TX_1,TX,61
2015-05-10,TX_2,TX,41
2015-05-10,WI_1,WI,52
2015-05-10,WI_2,WI,57
2015-05-11,CA_1,CA,80
2015-05-11,CA_2,CA,55
2015-05-11,CA_3,CA,69
2015-05-11,TX_1,TX,34
2015-05-11,TX_2,TX,40
2015-05-11,WI_1,WI,51
2015-05-11,WI_2,WI,35
2015-05-12,CA_1,CA,46
2015-05-12,CA_2,CA,46
2015-05-12,CA_3,CA,96
2015-05-12,TX_1,TX,59
2015-05-12,TX_2,TX,41
2015-05-12,WI_1,WI,27
2015-05-12,WI_2,WI,72
2015-05-13,CA_1,CA,87
2015-05-13,CA_2,CA,37
2015-05-13,CA_3,CA,123
2015-05-13,TX_1,TX,68
2015-05-13,TX_2,TX,61
2015-05-13,WI_1,WI,53
2015-05-13,WI_2,WI,46
2015-05-14,CA_1,CA,64
2015-05-14,CA_2,CA,33
2015-05-14,CA_3,CA,99
2015-05-14,TX_1,TX,43
2015-05-14,TX_2,TX,58
2015-05-14,WI_1,WI,74
2015-05-14,WI_2,WI,54
2015-05-15,CA_1,CA,93
2015-05-15,CA_2,CA,58
2015-05-15,CA_3,CA,134
2015-05-15,TX_1,TX,51
2015-05-15,TX_2,TX,86
2015-05-15,WI_1,WI,64
2015-05-15,WI_2,WI,66
2015-05-16,CA_1,CA,135
2015-05-16,CA_2,CA,59
2015-05-16,CA_3,CA,134
2015-05-16,TX_1,TX,76
2015-05-16,TX_2,TX,65
2015-05-16,WI_1,WI,80
2015-05-16,WI_2,WI,58
2015-05-17,CA_1,CA,116
2015-05-17,CA_2,CA,58
2015-05-17,CA_3,CA,149
2015-05-17,TX_1,TX,90
2015-05-17,TX_2,TX,71
2015-05-17,WI_1,WI,75
2015-05-17,WI_2,WI,52
2015-05-18,CA_1,CA,83
2015-05-18,CA_2,CA,43
2015-05-18,CA_3,CA,81
2015-05-18,TX_1,TX,49
2015-05-18,TX_2,TX,54
2015-05-18,WI_1,WI,53
2015-05-18,WI_2,WI,40
2015-05-19,CA_1,CA,80
2015-05-19,CA_2,CA,46
2015-05-19,CA_3,CA,116
2015-05-19,TX_1,TX,47
2015-05-19,TX_2,TX,71
2015-05-19,WI_1,WI,74
2015-05-19,WI_2,WI,35
2015-05-20,CA_1,CA,64
2015-05-20,CA_2,CA,47
2015-05-20,CA_3,CA,91
2015-05-20,TX_1,TX,38
2015-05-20,TX_2,TX,73
2015-05-20,WI_1,WI,51
2015-05-20,WI_2,WI,50
2015-05-21,CA_1,CA,70
2015-05-21,CA_2,CA,41
2015-05-21,CA_3,CA,86
2015-05-21,TX_1,TX,40
2015-05-21,TX_2,TX,49
2015-05-21,WI_1,WI,49
2015-05-21,WI_2,WI,38
2015-05-22,CA_1,CA,106
2015-05-22,CA_2,CA,42
2015-05-22,CA_3,CA,104
2015-05-22,TX_1,TX,44
2015-05-22,TX_2,TX,79
2015-05-22,WI_1,WI,80
2015-05-22,WI_2,WI,66
2015-05-23,CA_1,CA,137
2015-05-23,CA_2,CA,60
2015-05-23,CA_3,CA,109
2015-05-23,TX_1,TX,76
2015-05-23,TX_2,TX,94
2015-05-23,WI_1,WI,93
2015-05-23,WI_2,WI,54
2015-05-24,CA_1,CA,121
2015-05-24,CA_2,CA,40
2015-05-24,CA_3,CA,123
2015-05-24,TX_1,TX,57
2015-05-24,TX_2,TX,79
2015-05-24,WI_1,WI,65
2015-05-24,WI_2,WI,36
2015-05-25,CA_1,CA,103
2015-05-25,CA_2,CA,66
2015-05-25,CA_3,CA,99
2015-05-25,TX_1,TX,72
2015-05-25,TX_2,TX,44
2015-05-25,WI_1,WI,63
2015-05-25,WI_2,WI,48
2015-05-26,CA_1,CA,55
2015-05-26,CA_2,CA,51
2015-05-26,CA_3,CA,104
2015-05-26,TX_1,TX,65
2015-05-26,TX_2,TX,39
2015-05-26,WI_1,WI,61
2015-05-26,WI_2,WI,38
2015-05-27,CA_1,CA,117
2015-05-27,CA_2,CA,42
2015-05-27,CA_3,CA,92
2015-05-27,TX_1,TX,60
2015-05-27,TX_2,TX,58
2015-05-27,WI_1,WI,50
2015-05-27,WI_2,WI,38
2015-05-28,CA_1,CA,67
2015-05-28,CA_2,CA,64
2015-05-28,CA_3,CA,109
2015-05-28,TX_1,TX,57
2015-05-28,TX_2,TX,54
2015-05-28,WI_1,WI,38
2015-05-28,WI_2,WI,41
2015-05-29,CA_1,CA,87
2015-05-29,CA_2,CA,58
2015-05-29,CA_3,CA,113
2015-05-29,TX_1,TX,35
2015-05-29,TX_2,TX,71
2015-05-29,WI_1,WI,71
2015-05-29,WI_2,WI,51
2015-05-30,CA_1,CA,135
2015-05-30,CA_2,CA,83
2015-05-30,CA_3,CA,135
2015-05-30,TX_1,TX,50
2015-05-30,TX_2,TX,59
2015-05-30,WI_1,WI,99
2015-05-30,WI_2,WI,60
2015-05-31,CA_1,CA,105
2015-05-31,CA_2,CA,55
2015-05-31,CA_3,CA,156
2015-05-31,TX_1,TX,85
2015-05-31,TX_2,TX,79
2015-05-31,WI_1,WI,94
2015-05-31,WI_2,WI,65
2015-06-01,CA_1,CA,109
2015-06-01,CA_2,CA,65
2015-06-01,CA_3,CA,147
2015-06-01,TX_1,TX,55
2015-06-01,TX_2,TX,73
2015-06-01,WI_1,WI,51
2015-06-01,WI_2,WI,61
2015-06-02,CA_1,CA,120
2015-06-02,CA_2,CA,32
2015-06-02,CA_3,CA,89
2015-06-02,TX_1,TX,96
2015-06-02,TX_2,TX,68
2015-06-02,WI_1,WI,70
2015-06-02,WI_2,WI,55
2015-06-03,CA_1,CA,66
2015-06-03,CA_2,CA,46
2015-06-03,CA_3,CA,157
2015-06-03,TX_1,TX,48
2015-06-03,TX_2,TX,72
2015-06-03,WI_1,WI,74
2015-06-03,WI_2,WI,70
2015-06-04,CA_1,CA,71
2015-06-04,CA_2,CA,74
2015-06-04,CA_3,CA,84
2015-06-04,TX_1,TX,67
2015-06-04,TX_2,TX,46
2015-06-04,WI_1,WI,67
2015-06-04,WI_2,WI,69
2015-06-05,CA_1,CA,99
2015-06-05,CA_2,CA,61
2015-06-05,CA_3,CA,161
2015-06-05,TX_1,TX,52
2015-06-05,TX_2,TX,63
2015-06-05,WI_1,WI,84
2015-06-05,WI_2,WI,76
2015-06-06,CA_1,CA,126
2015-06-06,CA_2,CA,63
2015-06-06,CA_3,CA,130
2015-06-06,TX_1,TX,82
2015-06-06,TX_2,TX,104
2015-06-06,WI_1,WI,91
2015-06-06,WI_2,WI,76
2015-06-07,CA_1,CA,94
2015-06-07,CA_2,CA,88
2015-06-07,CA_3,CA,124
2015-06-07,TX_1,TX,80
2015-06-07,TX_2,TX,82
2015-06-07,WI_1,WI,82
2015-06-07,WI_2,WI,52
2015-06-08,CA_1,CA,99
2015-06-08,CA_2,CA,53
2015-06-08,CA_3,CA,118
2015-06-08,TX_1,TX,48
2015-06-08,TX_2,TX,81
2015-06-08,WI_1,WI,64
2015-06-08,WI_2,WI,65
2015-06-09,CA_1,CA,105
2015-06-09,CA_2,CA,43
2015-06-09,CA_3,CA,107
2015-06-09,TX_1,TX,42
2015-06-09,TX_2,TX,66
2015-06-09,WI_1,WI,69
2015-06-09,WI_2,WI,67
2015-06-10,CA_1,CA,62
2015-06-10,CA_2,CA,55
2015-06-10,CA_3,CA,129
2015-06-10,TX_1,TX,43
2015-06-10,TX_2,TX,57
2015-06-10,WI_1,WI,57
2015-06-10,WI_2,WI,68
2015-06-11,CA_1,CA,69
2015-06-11,CA_2,CA,56
2015-06-11,CA_3,CA,121
2015-06-11,TX_1,TX,61
2015-06-11,TX_2,TX,62
2015-06-11,WI_1,WI,64
2015-06-11,WI_2,WI,57
2015-06-12,CA_1,CA,67
2015-06-12,CA_2,CA,47
2015-06-12,CA_3,CA,119
2015-06-12,TX_1,TX,54
2015-06-12,TX_2,TX,69
2015-06-12,WI_1,WI,69
2015-06-12,WI_2,WI,80
2015-06-13,CA_1,CA,137
2015-06-13,CA_2,CA,85
2015-06-13,CA_3,CA,139
2015-06-13,TX_1,TX,72
2015-06-13,TX_2,TX,84
2015-06-13,WI_1,WI,101
2015-06-13,WI_2,WI,70
2015-06-14,CA_1,CA,93
2015-06-14,CA_2,CA,70
2015-06-14,CA_3,CA,94
2015-06-14,TX_1,TX,84
2015-06-14,TX_2,TX,90
2015-06-14,WI_1,WI,73
2015-06-14,WI_2,WI,60
2015-06-15,CA_1,CA,80
2015-06-15,CA_2,CA,57
2015-06-15,CA_3,CA,120
2015-06-15,TX_1,TX,76
2015-06-15,TX_2,TX,151
2015-06-15,WI_1,WI,53
2015-06-15,WI_2,WI,64
2015-06-16,CA_1,CA,67
2015-06-16,CA_2,CA,64
2015-06-16,CA_3,CA,103
2015-06-16,TX_1,TX,56
2015-06-16,TX_2,TX,33
2015-06-16,WI_1,WI,54
2015-06-16,WI_2,WI,60
2015-06-17,CA_1,CA,114
2015-06-17,CA_2,CA,62
2015-06-17,CA_3,CA,91
2015-06-17,TX_1,TX,44
2015-06-17,TX_2,TX,49
2015-06-17,WI_1,WI,48
2015-06-17,WI_2,WI,41
2015-06-18,CA_1,CA,55
2015-06-18,CA_2,CA,48
2015-06-18,CA_3,CA,98
2015-06-18,TX_1,TX,52
2015-06-18,TX_2,TX,55
2015-06-18,WI_1,WI,57
2015-06-18,WI_2,WI,62
2015-06-19,CA_1,CA,87
2015-06-19,CA_2,CA,84
2015-06-19,CA_3,CA,100
2015-06-19,TX_1,TX,69
2015-06-19,TX_2,TX,63
2015-06-19,WI_1,WI,64
2015-06-19,WI_2,WI,44
2015-06-20,CA_1,CA,97
2015-06-20,CA_2,CA,73
2015-06-20,CA_3,CA,154
2015-06-20,TX_1,TX,53
2015-06-20,TX_2,TX,68
2015-06-20,WI_1,WI,95
2015-06-20,WI_2,WI,68
2015-06-21,CA_1,CA,88
2015-06-21,CA_2,CA,86
2015-06-21,CA_3,CA,118
2015-06-21,TX_1,TX,53
2015-06-21,TX_2,TX,94
2015-06-21,WI_1,WI,68
2015-06-21,WI_2,WI,47
2015-06-22,CA_1,CA,103
2015-06-22,CA_2,CA,89
2015-06-22,CA_3,CA,128
2015-06-22,TX_1,TX,45
2015-06-22,TX_2,TX,89
2015-06-22,WI_1,WI,41
2015-06-22,WI_2,WI,55
2015-06-23,CA_1,CA,110
2015-06-23,CA_2,CA,59
2015-06-23,CA_3,CA,91
2015-06-23,TX_1,TX,58
2015-06-23,TX_2,TX,46
2015-06-23,WI_1,WI,47
2015-06-23,WI_2,WI,42
2015-06-24,CA_1,CA,74
2015-06-24,CA_2,CA,57
2015-06-24,CA_3,CA,107
2015-06-24,TX_1,TX,55
2015-06-24,TX_2,TX,61
2015-06-24,WI_1,WI,59
2015-06-24,WI_2,WI,47
2015-06-25,CA_1,CA,69
2015-06-25,CA_2,CA,54
2015-06-25,CA_3,CA,91
2015-06-25,TX_1,TX,61
2015-06-25,TX_2,TX,74
2015-06-25,WI_1,WI,57
2015-06-25,WI_2,WI,37
2015-06-26,CA_1,CA,97
2015-06-26,CA_2,CA,74
2015-06-26,CA_3,CA,136
2015-06-26,TX_1,TX,61
2015-06-26,TX_2,TX,61
2015-06-26,WI_1,WI,62
2015-06-26,WI_2,WI,46
2015-06-27,CA_1,CA,102
2015-06-27,CA_2,CA,77
2015-06-27,CA_3,CA,153
2015-06-27,TX_1,TX,53
2015-06-27,TX_2,TX,80
2015-06-27,WI_1,WI,87
2015-06-27,WI_2,WI,58
2015-06-28,CA_1,CA,104
2015-06-28,CA_2,CA,87
2015-06-28,CA_3,CA,138
2015-06-28,TX_1,TX,86
2015-06-28,TX_2,TX,69
2015-06-28,WI_1,WI,74
2015-06-28,WI_2,WI,47
2015-06-29,CA_1,CA,68
2015-06-29,CA_2,CA,54
2015-06-29,CA_3,CA,149
2015-06-29,TX_1,TX,55
2015-06-29,TX_2,TX,77
2015-06-29,WI_1,WI,49
2015-06-29,WI_2,WI,37
2015-06-30,CA_1,CA,98
2015-06-30,CA_2,CA,74
2015-06-30,CA_3,CA,137
2015-06-30,TX_1,TX,56
2015-06-30,TX_2,TX,41
2015-06-30,WI_1,WI,58
2015-06-30,WI_2,WI,46
2015-07-01,CA_1,CA,94
2015-07-01,CA_2,CA,68
2015-07-01,CA_3,CA,125
2015-07-01,TX_1,TX,107
2015-07-01,TX_2,TX,64
2015-07-01,WI_1,WI,64
2015-07-01,WI_2,WI,66
2015-07-02,CA_1,CA,112
2015-07-02,CA_2,CA,47
2015-07-02,CA_3,CA,126
2015-07-02,TX_1,TX,76
2015-07-02,TX_2,TX,57
2015-07-02,WI_1,WI,79
2015-07-02,WI_2,WI,79
2015-07-03,CA_1,CA,87
2015-07-03,CA_2,CA,96
2015-07-03,CA_3,CA,150
2015-07-03,TX_1,TX,46
2015-07-03,TX_2,TX,79
2015-07-03,WI_1,WI,70
2015-07-03,WI_2,WI,87
2015-07-04,CA_1,CA,117
2015-07-04,CA_2,CA,82
2015-07-04,CA_3,CA,105
2015-07-04,TX_1,TX,48
2015-07-04,TX_2,TX,62
2015-07-04,WI_1,WI,68
2015-07-04,WI_2,WI,73
2015-07-05,CA_1,CA,112
2015-07-05,CA_2,CA,92
2015-07-05,CA_3,CA,111
2015-07-05,TX_1,TX,54
2015-07-05,TX_2,TX,54
2015-07-05,WI_1,WI,51
2015-07-05,WI_2,WI,44
2015-07-06,CA_1,CA,124
2015-07-06,CA_2,CA,86
2015-07-06,CA_3,CA,78
2015-07-06,TX_1,TX,47
2015-07-06,TX_2,TX,86
2015-07-06,WI_1,WI,61
2015-07-06,WI_2,WI,59
2015-07-07,CA_1,CA,48
2015-07-07,CA_2,CA,43
2015-07-07,CA_3,CA,81
2015-07-07,TX_1,TX,57
2015-07-07,TX_2,TX,54
2015-07-07,WI_1,WI,32
2015-07-07,WI_2,WI,50
2015-07-08,CA_1,CA,70
2015-07-08,CA_2,CA,40
2015-07-08,CA_3,CA,65
2015-07-08,TX_1,TX,59
2015-07-08,TX_2,TX,58
2015-07-08,WI_1,WI,59
2015-07-08,WI_2,WI,68
2015-07-09,CA_1,CA,60
2015-07-09,CA_2,CA,57
2015-07-09,CA_3,CA,67
2015-07-09,TX_1,TX,60
2015-07-09,TX_2,TX,67
2015-07-09,WI_1,WI,46
2015-07-09,WI_2,WI,68
2015-07-10,CA_1,CA,131
2015-07-10,CA_2,CA,66
2015-07-10,CA_3,CA,107
2015-07-10,TX_1,TX,46
2015-07-10,TX_2,TX,59
2015-07-10,WI_1,WI,59
2015-07-10,WI_2,WI,66
2015-07-11,CA_1,CA,61
2015-07-11,CA_2,CA,121
2015-07-11,CA_3,CA,148
2015-07-11,TX_1,TX,49
2015-07-11,TX_2,TX,84
2015-07-11,WI_1,WI,65
2015-07-11,WI_2,WI,57
2015-07-12,CA_1,CA,107
2015-07-12,CA_2,CA,81
2015-07-12,CA_3,CA,129
2015-07-12,TX_1,TX,61
2015-07-12,TX_2,TX,59
2015-07-12,WI_1,WI,49
2015-07-12,WI_2,WI,55
2015-07-13,CA_1,CA,68
2015-07-13,CA_2,CA,51
2015-07-13,CA_3,CA,118
2015-07-13,TX_1,TX,33
2015-07-13,TX_2,TX,66
2015-07-13,WI_1,WI,29
2015-07-13,WI_2,WI,41
2015-07-14,CA_1,CA,43
2015-07-14,CA_2,CA,45
2015-07-14,CA_3,CA,77
2015-07-14,TX_1,TX,48
2015-07-14,TX_2,TX,60
2015-07-14,WI_1,WI,47
2015-07-14,WI_2,WI,66
2015-07-15,CA_1,CA,59
2015-07-15,CA_2,CA,45
2015-07-15,CA_3,CA,64
2015-07-15,TX_1,TX,52
2015-07-15,TX_2,TX,47
2015-07-15,WI_1,WI,53
2015-07-15,WI_2,WI,55
2015-07-16,CA_1,CA,60
2015-07-16,CA_2,CA,53
2015-07-16,CA_3,CA,91
2015-07-16,TX_1,TX,74
2015-07-16,TX_2,TX,45
2015-07-16,WI_1,WI,46
2015-07-16,WI_2,WI,61
2015-07-17,CA_1,CA,72
2015-07-17,CA_2,CA,74
2015-07-17,CA_3,CA,77
2015-07-17,TX_1,TX,46
2015-07-17,TX_2,TX,67
2015-07-17,WI_1,WI,57
2015-07-17,WI_2,WI,57
2015-07-18,CA_1,CA,88
2015-07-18,CA_2,CA,96
2015-07-18,CA_3,CA,108
2015-07-18,TX_1,TX,72
2015-07-18,TX_2,TX,87
2015-07-18,WI_1,WI,81
2015-07-18,WI_2,WI,62
2015-07-19,CA_1,CA,83
2015-07-19,CA_2,CA,101
2015-07-19,CA_3,CA,125
2015-07-19,TX_1,TX,71
2015-07-19,TX_2,TX,63
2015-07-19,WI_1,WI,56
2015-07-19,WI_2,WI,79
2015-07-20,CA_1,CA,57
2015-07-20,CA_2,CA,55
2015-07-20,CA_3,CA,86
2015-07-20,TX_1,TX,76
2015-07-20,TX_2,TX,73
2015-07-20,WI_1,WI,28
2015-07-20,WI_2,WI,69
2015-07-21,CA_1,CA,62
2015-07-21,CA_2,CA,58
2015-07-21,CA_3,CA,92
2015-07-21,TX_1,TX,85
2015-07-21,TX_2,TX,77
2015-07-21,WI_1,WI,32
2015-07-21,WI_2,WI,64
2015-07-22,CA_1,CA,72
2015-07-22,CA_2,CA,62
2015-07-22,CA_3,CA,55
2015-07-22,TX_1,TX,46
2015-07-22,TX_2,TX,41
2015-07-22,WI_1,WI,45
2015-07-22,WI_2,WI,57
2015-07-23,CA_1,CA,46
2015-07-23,CA_2,CA,61
2015-07-23,CA_3,CA,96
2015-07-23,TX_1,TX,54
2015-07-23,TX_2,TX,37
2015-07-23,WI_1,WI,38
2015-07-23,WI_2,WI,67
2015-07-24,CA_1,CA,77
2015-07-24,CA_2,CA,69
2015-07-24,CA_3,CA,94
2015-07-24,TX_1,TX,38
2015-07-24,TX_2,TX,42
2015-07-24,WI_1,WI,69
2015-07-24,WI_2,WI,84
2015-07-25,CA_1,CA,85
2015-07-25,CA_2,CA,79
2015-07-25,CA_3,CA,141
2015-07-25,TX_1,TX,72
2015-07-25,TX_2,TX,71
2015-07-25,WI_1,WI,62
2015-07-25,WI_2,WI,58
2015-07-26,CA_1,CA,83
2015-07-26,CA_2,CA,86
2015-07-26,CA_3,CA,110
2015-07-26,TX_1,TX,74
2015-07-26,TX_2,TX,79
2015-07-26,WI_1,WI,52
2015-07-26,WI_2,WI,72
2015-07-27,CA_1,CA,126
2015-07-27,CA_2,CA,77
2015-07-27,CA_3,CA,75
2015-07-27,TX_1,TX,51
2015-07-27,TX_2,TX,84
2015-07-27,WI_1,WI,39
2015-07-27,WI_2,WI,65
2015-07-28,CA_1,CA,48
2015-07-28,CA_2,CA,70
2015-07-28,CA_3,CA,100
2015-07-28,TX_1,TX,59
2015-07-28,TX_2,TX,51
2015-07-28,WI_1,WI,38
2015-07-28,WI_2,WI,50
2015-07-29,CA_1,CA,53
2015-07-29,CA_2,CA,63
2015-07-29,CA_3,CA,83
2015-07-29,TX_1,TX,62
2015-07-29,TX_2,TX,49
2015-07-29,WI_1,WI,37
2015-07-29,WI_2,WI,39
2015-07-30,CA_1,CA,47
2015-07-30,CA_2,CA,69
2015-07-30,CA_3,CA,99
2015-07-30,TX_1,TX,54
2015-07-30,TX_2,TX,53
2015-07-30,WI_1,WI,41
2015-07-30,WI_2,WI,39
2015-07-31,CA_1,CA,65
2015-07-31,CA_2,CA,58
2015-07-31,CA_3,CA,90
2015-07-31,TX_1,TX,63
2015-07-31,TX_2,TX,55
2015-07-31,WI_1,WI,58
2015-07-31,WI_2,WI,90
2015-08-01,CA_1,CA,80
2015-08-01,CA_2,CA,73
2015-08-01,CA_3,CA,114
2015-08-01,TX_1,TX,80
2015-08-01,TX_2,TX,86
2015-08-01,WI_1,WI,68
2015-08-01,WI_2,WI,92
2015-08-02,CA_1,CA,149
2015-08-02,CA_2,CA,79
2015-08-02,CA_3,CA,137
2015-08-02,TX_1,TX,61
2015-08-02,TX_2,TX,63
2015-08-02,WI_1,WI,69
2015-08-02,WI_2,WI,72
2015-08-03,CA_1,CA,59
2015-08-03,CA_2,CA,65
2015-08-03,CA_3,CA,85
2015-08-03,TX_1,TX,47
2015-08-03,TX_2,TX,86
2015-08-03,WI_1,WI,37
2015-08-03,WI_2,WI,66
2015-08-04,CA_1,CA,104
2015-08-04,CA_2,CA,66
2015-08-04,CA_3,CA,111
2015-08-04,TX_1,TX,50
2015-08-04,TX_2,TX,91
2015-08-04,WI_1,WI,63
2015-08-04,WI_2,WI,74
2015-08-05,CA_1,CA,78
2015-08-05,CA_2,CA,75
2015-08-05,CA_3,CA,95
2015-08-05,TX_1,TX,75
2015-08-05,TX_2,TX,87
2015-08-05,WI_1,WI,75
2015-08-05,WI_2,WI,89
2015-08-06,CA_1,CA,123
2015-08-06,CA_2,CA,63
2015-08-06,CA_3,CA,122
2015-08-06,TX_1,TX,83
2015-08-06,TX_2,TX,87
2015-08-06,WI_1,WI,69
2015-08-06,WI_2,WI,88
2015-08-07,CA_1,CA,133
2015-08-07,CA_2,CA,78
2015-08-07,CA_3,CA,111
2015-08-07,TX_1,TX,87
2015-08-07,TX_2,TX,97
2015-08-07,WI_1,WI,94
2015-08-07,WI_2,WI,65
2015-08-08,CA_1,CA,93
2015-08-08,CA_2,CA,142
2015-08-08,CA_3,CA,174
2015-08-08,TX_1,TX,108
2015-08-08,TX_2,TX,112
2015-08-08,WI_1,WI,80
2015-08-08,WI_2,WI,103
2015-08-09,CA_1,CA,108
2015-08-09,CA_2,CA,93
2015-08-09,CA_3,CA,162
2015-08-09,TX_1,TX,70
2015-08-09,TX_2,TX,144
2015-08-09,WI_1,WI,87
2015-08-09,WI_2,WI,106
2015-08-10,CA_1,CA,102
2015-08-10,CA_2,CA,70
2015-08-10,CA_3,CA,108
2015-08-10,TX_1,TX,58
2015-08-10,TX_2,TX,70
2015-08-10,WI_1,WI,67
2015-08-10,WI_2,WI,73
2015-08-11,CA_1,CA,61
2015-08-11,CA_2,CA,67
2015-08-11,CA_3,CA,91
2015-08-11,TX_1,TX,53
2015-08-11,TX_2,TX,74
2015-08-11,WI_1,WI,58
2015-08-11,WI_2,WI,70
2015-08-12,CA_1,CA,80
2015-08-12,CA_2,CA,64
2015-08-12,CA_3,CA,99
2015-08-12,TX_1,TX,71
2015-08-12,TX_2,TX,62
2015-08-12,WI_1,WI,47
2015-08-12,WI_2,WI,55
2015-08-13,CA_1,CA,58
2015-08-13,CA_2,CA,97
2015-08-13,CA_3,CA,126
2015-08-13,TX_1,TX,69
2015-08-13,TX_2,TX,86
2015-08-13,WI_1,WI,85
2015-08-13,WI_2,WI,72
2015-08-14,CA_1,CA,69
2015-08-14,CA_2,CA,111
2015-08-14,CA_3,CA,87
2015-08-14,TX_1,TX,89
2015-08-14,TX_2,TX,83
2015-08-14,WI_1,WI,67
2015-08-14,WI_2,WI,74
2015-08-15,CA_1,CA,95
2015-08-15,CA_2,CA,91
2015-08-15,CA_3,CA,114
2015-08-15,TX_1,TX,97
2015-08-15,TX_2,TX,81
2015-08-15,WI_1,WI,73
2015-08-15,WI_2,WI,92
2015-08-16,CA_1,CA,104
2015-08-16,CA_2,CA,82
2015-08-16,CA_3,CA,150
2015-08-16,TX_1,TX,82
2015-08-16,TX_2,TX,89
2015-08-16,WI_1,WI,94
2015-08-16,WI_2,WI,83
2015-08-17,CA_1,CA,92
2015-08-17,CA_2,CA,65
2015-08-17,CA_3,CA,149
2015-08-17,TX_1,TX,66
2015-08-17,TX_2,TX,64
2015-08-17,WI_1,WI,64
2015-08-17,WI_2,WI,56
2015-08-18,CA_1,CA,67
2015-08-18,CA_2,CA,63
2015-08-18,CA_3,CA,111
2015-08-18,TX_1,TX,52
2015-08-18,TX_2,TX,73
2015-08-18,WI_1,WI,66
2015-08-18,WI_2,WI,62
2015-08-19,CA_1,CA,49
2015-08-19,CA_2,CA,61
2015-08-19,CA_3,CA,126
2015-08-19,TX_1,TX,43
2015-08-19,TX_2,TX,70
2015-08-19,WI_1,WI,49
2015-08-19,WI_2,WI,51
2015-08-20,CA_1,CA,98
2015-08-20,CA_2,CA,80
2015-08-20,CA_3,CA,95
2015-08-20,TX_1,TX,37
2015-08-20,TX_2,TX,60
2015-08-20,WI_1,WI,58
2015-08-20,WI_2,WI,80
2015-08-21,CA_1,CA,83
2015-08-21,CA_2,CA,68
2015-08-21,CA_3,CA,112
2015-08-21,TX_1,TX,50
2015-08-21,TX_2,TX,72
2015-08-21,WI_1,WI,57
2015-08-21,WI_2,WI,55
2015-08-22,CA_1,CA,97
2015-08-22,CA_2,CA,100
2015-08-22,CA_3,CA,99
2015-08-22,TX_1,TX,80
2015-08-22,TX_2,TX,80
2015-08-22,WI_1,WI,96
2015-08-22,WI_2,WI,58
2015-08-23,CA_1,CA,90
2015-08-23,CA_2,CA,109
2015-08-23,CA_3,CA,123
2015-08-23,TX_1,TX,104
2015-08-23,TX_2,TX,77
2015-08-23,WI_1,WI,97
2015-08-23,WI_2,WI,60
2015-08-24,CA_1,CA,49
2015-08-24,CA_2,CA,70
2015-08-24,CA_3,CA,121
2015-08-24,TX_1,TX,76
2015-08-24,TX_2,TX,78
2015-08-24,WI_1,WI,60
2015-08-24,WI_2,WI,78
2015-08-25,CA_1,CA,48
2015-08-25,CA_2,CA,57
2015-08-25,CA_3,CA,132
2015-08-25,TX_1,TX,40
2015-08-25,TX_2,TX,37
2015-08-25,WI_1,WI,56
2015-08-25,WI_2,WI,85
2015-08-26,CA_1,CA,96
2015-08-26,CA_2,CA,72
2015-08-26,CA_3,CA,95
2015-08-26,TX_1,TX,52
2015-08-26,TX_2,TX,71
2015-08-26,WI_1,WI,63
2015-08-26,WI_2,WI,72
2015-08-27,CA_1,CA,48
2015-08-27,CA_2,CA,68
2015-08-27,CA_3,CA,124
2015-08-27,TX_1,TX,57
2015-08-27,TX_2,TX,39
2015-08-27,WI_1,WI,47
2015-08-27,WI_2,WI,76
2015-08-28,CA_1,CA,72
2015-08-28,CA_2,CA,74
2015-08-28,CA_3,CA,124
2015-08-28,TX_1,TX,82
2015-08-28,TX_2,TX,59
2015-08-28,WI_1,WI,88
2015-08-28,WI_2,WI,97
2015-08-29,CA_1,CA,116
2015-08-29,CA_2,CA,111
2015-08-29,CA_3,CA,135
2015-08-29,TX_1,TX,67
2015-08-29,TX_2,TX,66
2015-08-29,WI_1,WI,87
2015-08-29,WI_2,WI,102
2015-08-30,CA_1,CA,112
2015-08-30,CA_2,CA,118
2015-08-30,CA_3,CA,137
2015-08-30,TX_1,TX,65
2015-08-30,TX_2,TX,104
2015-08-30,WI_1,WI,97
2015-08-30,WI_2,WI,79
2015-08-31,CA_1,CA,85
2015-08-31,CA_2,CA,66
2015-08-31,CA_3,CA,106
2015-08-31,TX_1,TX,48
2015-08-31,TX_2,TX,92
2015-08-31,WI_1,WI,67
2015-08-31,WI_2,WI,73
2015-09-01,CA_1,CA,83
2015-09-01,CA_2,CA,41
2015-09-01,CA_3,CA,148
2015-09-01,TX_1,TX,74
2015-09-01,TX_2,TX,42
2015-09-01,WI_1,WI,68
2015-09-01,WI_2,WI,82
2015-09-02,CA_1,CA,83
2015-09-02,CA_2,CA,55
2015-09-02,CA_3,CA,98
2015-09-02,TX_1,TX,51
2015-09-02,TX_2,TX,55
2015-09-02,WI_1,WI,78
2015-09-02,WI_2,WI,89
2015-09-03,CA_1,CA,109
2015-09-03,CA_2,CA,56
2015-09-03,CA_3,CA,113
2015-09-03,TX_1,TX,45
2015-09-03,TX_2,TX,62
2015-09-03,WI_1,WI,75
2015-09-03,WI_2,WI,99
2015-09-04,CA_1,CA,84
2015-09-04,CA_2,CA,116
2015-09-04,CA_3,CA,93
2015-09-04,TX_1,TX,58
2015-09-04,TX_2,TX,84
2015-09-04,WI_1,WI,97
2015-09-04,WI_2,WI,95
2015-09-05,CA_1,CA,117
2015-09-05,CA_2,CA,97
2015-09-05,CA_3,CA,96
2015-09-05,TX_1,TX,59
2015-09-05,TX_2,TX,53
2015-09-05,WI_1,WI,91
2015-09-05,WI_2,WI,78
2015-09-06,CA_1,CA,105
2015-09-06,CA_2,CA,89
2015-09-06,CA_3,CA,118
2015-09-06,TX_1,TX,56
2015-09-06,TX_2,TX,82
2015-09-06,WI_1,WI,67
2015-09-06,WI_2,WI,65
2015-09-07,CA_1,CA,126
2015-09-07,CA_2,CA,105
2015-09-07,CA_3,CA,94
2015-09-07,TX_1,TX,54
2015-09-07,TX_2,TX,97
2015-09-07,WI_1,WI,84
2015-09-07,WI_2,WI,41
2015-09-08,CA_1,CA,85
2015-09-08,CA_2,CA,75
2015-09-08,CA_3,CA,142
2015-09-08,TX_1,TX,43
2015-09-08,TX_2,TX,48
2015-09-08,WI_1,WI,68
2015-09-08,WI_2,WI,66
2015-09-09,CA_1,CA,98
2015-09-09,CA_2,CA,49
2015-09-09,CA_3,CA,110
2015-09-09,TX_1,TX,67
2015-09-09,TX_2,TX,39
2015-09-09,WI_1,WI,59
2015-09-09,WI_2,WI,86
2015-09-10,CA_1,CA,67
2015-09-10,CA_2,CA,72
2015-09-10,CA_3,CA,118
2015-09-10,TX_1,TX,45
2015-09-10,TX_2,TX,54
2015-09-10,WI_1,WI,68
2015-09-10,WI_2,WI,80
2015-09-11,CA_1,CA,96
2015-09-11,CA_2,CA,54
2015-09-11,CA_3,CA,114
2015-09-11,TX_1,TX,85
2015-09-11,TX_2,TX,59
2015-09-11,WI_1,WI,76
2015-09-11,WI_2,WI,106
2015-09-12,CA_1,CA,128
2015-09-12,CA_2,CA,116
2015-09-12,CA_3,CA,128
2015-09-12,TX_1,TX,53
2015-09-12,TX_2,TX,72
2015-09-12,WI_1,WI,106
2015-09-12,WI_2,WI,84
2015-09-13,CA_1,CA,131
2015-09-13,CA_2,CA,91
2015-09-13,CA_3,CA,190
2015-09-13,TX_1,TX,88
2015-09-13,TX_2,TX,94
2015-09-13,WI_1,WI,76
2015-09-13,WI_2,WI,78
2015-09-14,CA_1,CA,98
2015-09-14,CA_2,CA,87
2015-09-14,CA_3,CA,145
2015-09-14,TX_1,TX,54
2015-09-14,TX_2,TX,52
2015-09-14,WI_1,WI,55
2015-09-14,WI_2,WI,49
2015-09-15,CA_1,CA,116
2015-09-15,CA_2,CA,84
2015-09-15,CA_3,CA,116
2015-09-15,TX_1,TX,61
2015-09-15,TX_2,TX,69
2015-09-15,WI_1,WI,86
2015-09-15,WI_2,WI,61
2015-09-16,CA_1,CA,73
2015-09-16,CA_2,CA,85
2015-09-16,CA_3,CA,98
2015-09-16,TX_1,TX,42
2015-09-16,TX_2,TX,59
2015-09-16,WI_1,WI,68
2015-09-16,WI_2,WI,47
2015-09-17,CA_1,CA,58
2015-09-17,CA_2,CA,73
2015-09-17,CA_3,CA,63
2015-09-17,TX_1,TX,41
2015-09-17,TX_2,TX,40
2015-09-17,WI_1,WI,53
2015-09-17,WI_2,WI,61
2015-09-18,CA_1,CA,81
2015-09-18,CA_2,CA,59
2015-09-18,CA_3,CA,86
2015-09-18,TX_1,TX,57
2015-09-18,TX_2,TX,49
2015-09-18,WI_1,WI,50
2015-09-18,WI_2,WI,54
2015-09-19,CA_1,CA,69
2015-09-19,CA_2,CA,107
2015-09-19,CA_3,CA,116
2015-09-19,TX_1,TX,79
2015-09-19,TX_2,TX,76
2015-09-19,WI_1,WI,85
2015-09-19,WI_2,WI,70
2015-09-20,CA_1,CA,117
2015-09-20,CA_2,CA,72
2015-09-20,CA_3,CA,85
2015-09-20,TX_1,TX,52
2015-09-20,TX_2,TX,60
2015-09-20,WI_1,WI,86
2015-09-20,WI_2,WI,57
2015-09-21,CA_1,CA,44
2015-09-21,CA_2,CA,57
2015-09-21,CA_3,CA,74
2015-09-21,TX_1,TX,40
2015-09-21,TX_2,TX,52
2015-09-21,WI_1,WI,65
2015-09-21,WI_2,WI,43
2015-09-22,CA_1,CA,59
2015-09-22,CA_2,CA,47
2015-09-22,CA_3,CA,75
2015-09-22,TX_1,TX,56
2015-09-22,TX_2,TX,41
2015-09-22,WI_1,WI,30
2015-09-22,WI_2,WI,48
2015-09-23,CA_1,CA,72
2015-09-23,CA_2,CA,75
2015-09-23,CA_3,CA,120
2015-09-23,TX_1,TX,50
2015-09-23,TX_2,TX,37
2015-09-23,WI_1,WI,67
2015-09-23,WI_2,WI,56
2015-09-24,CA_1,CA,50
2015-09-24,CA_2,CA,74
2015-09-24,CA_3,CA,75
2015-09-24,TX_1,TX,39
2015-09-24,TX_2,TX,34
2015-09-24,WI_1,WI,53
2015-09-24,WI_2,WI,39
2015-09-25,CA_1,CA,69
2015-09-25,CA_2,CA,73
2015-09-25,CA_3,CA,104
2015-09-25,TX_1,TX,37
2015-09-25,TX_2,TX,42
2015-09-25,WI_1,WI,65
2015-09-25,WI_2,WI,57
2015-09-26,CA_1,CA,81
2015-09-26,CA_2,CA,77
2015-09-26,CA_3,CA,111
2015-09-26,TX_1,TX,43
2015-09-26,TX_2,TX,50
2015-09-26,WI_1,WI,80
2015-09-26,WI_2,WI,69
2015-09-27,CA_1,CA,84
2015-09-27,CA_2,CA,87
2015-09-27,CA_3,CA,148
2015-09-27,TX_1,TX,63
2015-09-27,TX_2,TX,63
2015-09-27,WI_1,WI,72
2015-09-27,WI_2,WI,61
2015-09-28,CA_1,CA,66
2015-09-28,CA_2,CA,83
2015-09-28,CA_3,CA,85
2015-09-28,TX_1,TX,47
2015-09-28,TX_2,TX,43
2015-09-28,WI_1,WI,50
2015-09-28,WI_2,WI,43
2015-09-29,CA_1,CA,50
2015-09-29,CA_2,CA,66
2015-09-29,CA_3,CA,66
2015-09-29,TX_1,TX,35
2015-09-29,TX_2,TX,45
2015-09-29,WI_1,WI,56
2015-09-29,WI_2,WI,53
2015-09-30,CA_1,CA,43
2015-09-30,CA_2,CA,48
2015-09-30,CA_3,CA,108
2015-09-30,TX_1,TX,40
2015-09-30,TX_2,TX,26
2015-09-30,WI_1,WI,52
2015-09-30,WI_2,WI,71
2015-10-01,CA_1,CA,59
2015-10-01,CA_2,CA,72
2015-10-01,CA_3,CA,77
2015-10-01,TX_1,TX,49
2015-10-01,TX_2,TX,38
2015-10-01,WI_1,WI,62
2015-10-01,WI_2,WI,65
2015-10-02,CA_1,CA,75
2015-10-02,CA_2,CA,102
2015-10-02,CA_3,CA,122
2015-10-02,TX_1,TX,45
2015-10-02,TX_2,TX,53
2015-10-02,WI_1,WI,64
2015-10-02,WI_2,WI,81
2015-10-03,CA_1,CA,89
2015-10-03,CA_2,CA,111
2015-10-03,CA_3,CA,116
2015-10-03,TX_1,TX,59
2015-10-03,TX_2,TX,69
2015-10-03,WI_1,WI,70
2015-10-03,WI_2,WI,61
2015-10-04,CA_1,CA,108
2015-10-04,CA_2,CA,89
2015-10-04,CA_3,CA,127
2015-10-04,TX_1,TX,54
2015-10-04,TX_2,TX,79
2015-10-04,WI_1,WI,94
2015-10-04,WI_2,WI,68
2015-10-05,CA_1,CA,72
2015-10-05,CA_2,CA,80
2015-10-05,CA_3,CA,104
2015-10-05,TX_1,TX,32
2015-10-05,TX_2,TX,49
2015-10-05,WI_1,WI,79
2015-10-05,WI_2,WI,40
2015-10-06,CA_1,CA,104
2015-10-06,CA_2,CA,70
2015-10-06,CA_3,CA,86
2015-10-06,TX_1,TX,45
2015-10-06,TX_2,TX,54
2015-10-06,WI_1,WI,57
2015-10-06,WI_2,WI,61
2015-10-07,CA_1,CA,70
2015-10-07,CA_2,CA,75
2015-10-07,CA_3,CA,107
2015-10-07,TX_1,TX,37
2015-10-07,TX_2,TX,62
2015-10-07,WI_1,WI,46
2015-10-07,WI_2,WI,76
2015-10-08,CA_1,CA,53
2015-10-08,CA_2,CA,56
2015-10-08,CA_3,CA,99
2015-10-08,TX_1,TX,24
2015-10-08,TX_2,TX,31
2015-10-08,WI_1,WI,69
2015-10-08,WI_2,WI,48
2015-10-09,CA_1,CA,79
2015-10-09,CA_2,CA,62
2015-10-09,CA_3,CA,129
2015-10-09,TX_1,TX,47
2015-10-09,TX_2,TX,53
2015-10-09,WI_1,WI,82
2015-10-09,WI_2,WI,67
2015-10-10,CA_1,CA,99
2015-10-10,CA_2,CA,106
2015-10-10,CA_3,CA,119
2015-10-10,TX_1,TX,57
2015-10-10,TX_2,TX,65
2015-10-10,WI_1,WI,108
2015-10-10,WI_2,WI,62
2015-10-11,CA_1,CA,94
2015-10-11,CA_2,CA,104
2015-10-11,CA_3,CA,77
2015-10-11,TX_1,TX,41
2015-10-11,TX_2,TX,66
2015-10-11,WI_1,WI,94
2015-10-11,WI_2,WI,52
2015-10-12,CA_1,CA,108
2015-10-12,CA_2,CA,56
2015-10-12,CA_3,CA,90
2015-10-12,TX_1,TX,60
2015-10-12,TX_2,TX,54
2015-10-12,WI_1,WI,57
2015-10-12,WI_2,WI,70
2015-10-13,CA_1,CA,52
2015-10-13,CA_2,CA,41
2015-10-13,CA_3,CA,92
2015-10-13,TX_1,TX,51
2015-10-13,TX_2,TX,49
2015-10-13,WI_1,WI,52
2015-10-13,WI_2,WI,58
2015-10-14,CA_1,CA,58
2015-10-14,CA_2,CA,60
2015-10-14,CA_3,CA,63
2015-10-14,TX_1,TX,64
2015-10-14,TX_2,TX,43
2015-10-14,WI_1,WI,52
2015-10-14,WI_2,WI,58
2015-10-15,CA_1,CA,130
2015-10-15,CA_2,CA,67
2015-10-15,CA_3,CA,74
2015-10-15,TX_1,TX,86
2015-10-15,TX_2,TX,52
2015-10-15,WI_1,WI,60
2015-10-15,WI_2,WI,60
2015-10-16,CA_1,CA,100
2015-10-16,CA_2,CA,57
2015-10-16,CA_3,CA,99
2015-10-16,TX_1,TX,57
2015-10-16,TX_2,TX,85
2015-10-16,WI_1,WI,102
2015-10-16,WI_2,WI,87
2015-10-17,CA_1,CA,156
2015-10-17,CA_2,CA,140
2015-10-17,CA_3,CA,152
2015-10-17,TX_1,TX,67
2015-10-17,TX_2,TX,77
2015-10-17,WI_1,WI,116
2015-10-17,WI_2,WI,70
2015-10-18,CA_1,CA,145
2015-10-18,CA_2,CA,98
2015-10-18,CA_3,CA,151
2015-10-18,TX_1,TX,93
2015-10-18,TX_2,TX,100
2015-10-18,WI_1,WI,97
2015-10-18,WI_2,WI,60
2015-10-19,CA_1,CA,84
2015-10-19,CA_2,CA,58
2015-10-19,CA_3,CA,87
2015-10-19,TX_1,TX,63
2015-10-19,TX_2,TX,62
2015-10-19,WI_1,WI,54
2015-10-19,WI_2,WI,41
2015-10-20,CA_1,CA,115
2015-10-20,CA_2,CA,79
2015-10-20,CA_3,CA,107
2015-10-20,TX_1,TX,50
2015-10-20,TX_2,TX,60
2015-10-20,WI_1,WI,73
2015-10-20,WI_2,WI,44
2015-10-21,CA_1,CA,65
2015-10-21,CA_2,CA,56
2015-10-21,CA_3,CA,98
2015-10-21,TX_1,TX,81
2015-10-21,TX_2,TX,83
2015-10-21,WI_1,WI,76
2015-10-21,WI_2,WI,105
2015-10-22,CA_1,CA,73
2015-10-22,CA_2,CA,71
2015-10-22,CA_3,CA,75
2015-10-22,TX_1,TX,43
2015-10-22,TX_2,TX,86
2015-10-22,WI_1,WI,49
2015-10-22,WI_2,WI,83
2015-10-23,CA_1,CA,85
2015-10-23,CA_2,CA,93
2015-10-23,CA_3,CA,86
2015-10-23,TX_1,TX,56
2015-10-23,TX_2,TX,120
2015-10-23,WI_1,WI,70
2015-10-23,WI_2,WI,67
2015-10-24,CA_1,CA,96
2015-10-24,CA_2,CA,140
2015-10-24,CA_3,CA,128
2015-10-24,TX_1,TX,49
2015-10-24,TX_2,TX,86
2015-10-24,WI_1,WI,92
2015-10-24,WI_2,WI,100
2015-10-25,CA_1,CA,178
2015-10-25,CA_2,CA,121
2015-10-25,CA_3,CA,126
2015-10-25,TX_1,TX,75
2015-10-25,TX_2,TX,113
2015-10-25,WI_1,WI,111
2015-10-25,WI_2,WI,80
2015-10-26,CA_1,CA,93
2015-10-26,CA_2,CA,69
2015-10-26,CA_3,CA,106
2015-10-26,TX_1,TX,66
2015-10-26,TX_2,TX,123
2015-10-26,WI_1,WI,80
2015-10-26,WI_2,WI,59
2015-10-27,CA_1,CA,114
2015-10-27,CA_2,CA,69
2015-10-27,CA_3,CA,103
2015-10-27,TX_1,TX,75
2015-10-27,TX_2,TX,101
2015-10-27,WI_1,WI,66
2015-10-27,WI_2,WI,75
2015-10-28,CA_1,CA,82
2015-10-28,CA_2,CA,94
2015-10-28,CA_3,CA,142
2015-10-28,TX_1,TX,40
2015-10-28,TX_2,TX,90
2015-10-28,WI_1,WI,60
2015-10-28,WI_2,WI,53
2015-10-29,CA_1,CA,95
2015-10-29,CA_2,CA,64
2015-10-29,CA_3,CA,84
2015-10-29,TX_1,TX,67
2015-10-29,TX_2,TX,84
2015-10-29,WI_1,WI,88
2015-10-29,WI_2,WI,62
2015-10-30,CA_1,CA,104
2015-10-30,CA_2,CA,129
2015-10-30,CA_3,CA,127
2015-10-30,TX_1,TX,58
2015-10-30,TX_2,TX,79
2015-10-30,WI_1,WI,96
2015-10-30,WI_2,WI,98
2015-10-31,CA_1,CA,152
2015-10-31,CA_2,CA,105
2015-10-31,CA_3,CA,122
2015-10-31,TX_1,TX,74
2015-10-31,TX_2,TX,62
2015-10-31,WI_1,WI,104
2015-10-31,WI_2,WI,78
2015-11-01,CA_1,CA,135
2015-11-01,CA_2,CA,99
2015-11-01,CA_3,CA,228
2015-11-01,TX_1,TX,106
2015-11-01,TX_2,TX,82
2015-11-01,WI_1,WI,111
2015-11-01,WI_2,WI,81
2015-11-02,CA_1,CA,103
2015-11-02,CA_2,CA,64
2015-11-02,CA_3,CA,105
2015-11-02,TX_1,TX,54
2015-11-02,TX_2,TX,63
2015-11-02,WI_1,WI,83
2015-11-02,WI_2,WI,47
2015-11-03,CA_1,CA,82
2015-11-03,CA_2,CA,57
2015-11-03,CA_3,CA,92
2015-11-03,TX_1,TX,55
2015-11-03,TX_2,TX,82
2015-11-03,WI_1,WI,74
2015-11-03,WI_2,WI,68
2015-11-04,CA_1,CA,65
2015-11-04,CA_2,CA,92
2015-11-04,CA_3,CA,73
2015-11-04,TX_1,TX,52
2015-11-04,TX_2,TX,102
2015-11-04,WI_1,WI,54
2015-11-04,WI_2,WI,73
2015-11-05,CA_1,CA,88
2015-11-05,CA_2,CA,70
2015-11-05,CA_3,CA,107
2015-11-05,TX_1,TX,36
2015-11-05,TX_2,TX,79
2015-11-05,WI_1,WI,74
2015-11-05,WI_2,WI,99
2015-11-06,CA_1,CA,92
2015-11-06,CA_2,CA,83
2015-11-06,CA_3,CA,143
2015-11-06,TX_1,TX,43
2015-11-06,TX_2,TX,96
2015-11-06,WI_1,WI,59
2015-11-06,WI_2,WI,98
2015-11-07,CA_1,CA,120
2015-11-07,CA_2,CA,87
2015-11-07,CA_3,CA,113
2015-11-07,TX_1,TX,95
2015-11-07,TX_2,TX,119
2015-11-07,WI_1,WI,153
2015-11-07,WI_2,WI,84
2015-11-08,CA_1,CA,111
2015-11-08,CA_2,CA,122
2015-11-08,CA_3,CA,166
2015-11-08,TX_1,TX,57
2015-11-08,TX_2,TX,99
2015-11-08,WI_1,WI,105
2015-11-08,WI_2,WI,72
2015-11-09,CA_1,CA,86
2015-11-09,CA_2,CA,54
2015-11-09,CA_3,CA,105
2015-11-09,TX_1,TX,65
2015-11-09,TX_2,TX,71
2015-11-09,WI_1,WI,61
2015-11-09,WI_2,WI,86
2015-11-10,CA_1,CA,89
2015-11-10,CA_2,CA,77
2015-11-10,CA_3,CA,89
2015-11-10,TX_1,TX,86
2015-11-10,TX_2,TX,77
2015-11-10,WI_1,WI,54
2015-11-10,WI_2,WI,57
2015-11-11,CA_1,CA,70
2015-11-11,CA_2,CA,64
2015-11-11,CA_3,CA,92
2015-11-11,TX_1,TX,56
2015-11-11,TX_2,TX,73
2015-11-11,WI_1,WI,49
2015-11-11,WI_2,WI,72
2015-11-12,CA_1,CA,83
2015-11-12,CA_2,CA,62
2015-11-12,CA_3,CA,122
2015-11-12,TX_1,TX,46
2015-11-12,TX_2,TX,65
2015-11-12,WI_1,WI,49
2015-11-12,WI_2,WI,70
2015-11-13,CA_1,CA,100
2015-11-13,CA_2,CA,55
2015-11-13,CA_3,CA,98
2015-11-13,TX_1,TX,54
2015-11-13,TX_2,TX,62
2015-11-13,WI_1,WI,86
2015-11-13,WI_2,WI,79
2015-11-14,CA_1,CA,110
2015-11-14,CA_2,CA,106
2015-11-14,CA_3,CA,137
2015-11-14,TX_1,TX,51
2015-11-14,TX_2,TX,92
2015-11-14,WI_1,WI,78
2015-11-14,WI_2,WI,62
2015-11-15,CA_1,CA,144
2015-11-15,CA_2,CA,93
2015-11-15,CA_3,CA,148
2015-11-15,TX_1,TX,75
2015-11-15,TX_2,TX,73
2015-11-15,WI_1,WI,102
2015-11-15,WI_2,WI,53
2015-11-16,CA_1,CA,64
2015-11-16,CA_2,CA,89
2015-11-16,CA_3,CA,92
2015-11-16,TX_1,TX,55
2015-11-16,TX_2,TX,52
2015-11-16,WI_1,WI,52
2015-11-16,WI_2,WI,67
2015-11-17,CA_1,CA,69
2015-11-17,CA_2,CA,55
2015-11-17,CA_3,CA,86
2015-11-17,TX_1,TX,41
2015-11-17,TX_2,TX,49
2015-11-17,WI_1,WI,30
2015-11-17,WI_2,WI,52
2015-11-18,CA_1,CA,61
2015-11-18,CA_2,CA,96
2015-11-18,CA_3,CA,139
2015-11-18,TX_1,TX,79
2015-11-18,TX_2,TX,44
2015-11-18,WI_1,WI,50
2015-11-18,WI_2,WI,63
2015-11-19,CA_1,CA,72
2015-11-19,CA_2,CA,85
2015-11-19,CA_3,CA,111
2015-11-19,TX_1,TX,56
2015-11-19,TX_2,TX,52
2015-11-19,WI_1,WI,69
2015-11-19,WI_2,WI,66
2015-11-20,CA_1,CA,101
2015-11-20,CA_2,CA,56
2015-11-20,CA_3,CA,91
2015-11-20,TX_1,TX,51
2015-11-20,TX_2,TX,57
2015-11-20,WI_1,WI,109
2015-11-20,WI_2,WI,72
2015-11-21,CA_1,CA,86
2015-11-21,CA_2,CA,132
2015-11-21,CA_3,CA,115
2015-11-21,TX_1,TX,75
2015-11-21,TX_2,TX,70
2015-11-21,WI_1,WI,58
2015-11-21,WI_2,WI,49
2015-11-22,CA_1,CA,88
2015-11-22,CA_2,CA,82
2015-11-22,CA_3,CA,116
2015-11-22,TX_1,TX,77
2015-11-22,TX_2,TX,62
2015-11-22,WI_1,WI,98
2015-11-22,WI_2,WI,60
2015-11-23,CA_1,CA,93
2015-11-23,CA_2,CA,87
2015-11-23,CA_3,CA,118
2015-11-23,TX_1,TX,42
2015-11-23,TX_2,TX,45
2015-11-23,WI_1,WI,68
2015-11-23,WI_2,WI,40
2015-11-24,CA_1,CA,90
2015-11-24,CA_2,CA,57
2015-11-24,CA_3,CA,97
2015-11-24,TX_1,TX,64
2015-11-24,TX_2,TX,60
2015-11-24,WI_1,WI,74
2015-11-24,WI_2,WI,49
2015-11-25,CA_1,CA,90
2015-11-25,CA_2,CA,84
2015-11-25,CA_3,CA,79
2015-11-25,TX_1,TX,46
2015-11-25,TX_2,TX,70
2015-11-25,WI_1,WI,64
2015-11-25,WI_2,WI,64
2015-11-26,CA_1,CA,24
2015-11-26,CA_2,CA,51
2015-11-26,CA_3,CA,47
2015-11-26,TX_1,TX,52
2015-11-26,TX_2,TX,48
2015-11-26,WI_1,WI,34
2015-11-26,WI_2,WI,16
2015-11-27,CA_1,CA,58
2015-11-27,CA_2,CA,65
2015-11-27,CA_3,CA,86
2015-11-27,TX_1,TX,66
2015-11-27,TX_2,TX,52
2015-11-27,WI_1,WI,48
2015-11-27,WI_2,WI,66
2015-11-28,CA_1,CA,78
2015-11-28,CA_2,CA,106
2015-11-28,CA_3,CA,100
2015-11-28,TX_1,TX,31
2015-11-28,TX_2,TX,28
2015-11-28,WI_1,WI,79
2015-11-28,WI_2,WI,32
2015-11-29,CA_1,CA,99
2015-11-29,CA_2,CA,85
2015-11-29,CA_3,CA,82
2015-11-29,TX_1,TX,44
2015-11-29,TX_2,TX,52
2015-11-29,WI_1,WI,83
2015-11-29,WI_2,WI,53
2015-11-30,CA_1,CA,82
2015-11-30,CA_2,CA,63
2015-11-30,CA_3,CA,112
2015-11-30,TX_1,TX,38
2015-11-30,TX_2,TX,54
2015-11-30,WI_1,WI,55
2015-11-30,WI_2,WI,42
2015-12-01,CA_1,CA,74
2015-12-01,CA_2,CA,63
2015-12-01,CA_3,CA,110
2015-12-01,TX_1,TX,69
2015-12-01,TX_2,TX,73
2015-12-01,WI_1,WI,76
2015-12-01,WI_2,WI,61
2015-12-02,CA_1,CA,99
2015-12-02,CA_2,CA,52
2015-12-02,CA_3,CA,116
2015-12-02,TX_1,TX,37
2015-12-02,TX_2,TX,41
2015-12-02,WI_1,WI,53
2015-12-02,WI_2,WI,64
2015-12-03,CA_1,CA,123
2015-12-03,CA_2,CA,56
2015-12-03,CA_3,CA,138
2015-12-03,TX_1,TX,62
2015-12-03,TX_2,TX,73
2015-12-03,WI_1,WI,71
2015-12-03,WI_2,WI,75
2015-12-04,CA_1,CA,98
2015-12-04,CA_2,CA,105
2015-12-04,CA_3,CA,133
2015-12-04,TX_1,TX,51
2015-12-04,TX_2,TX,55
2015-12-04,WI_1,WI,109
2015-12-04,WI_2,WI,56
2015-12-05,CA_1,CA,120
2015-12-05,CA_2,CA,127
2015-12-05,CA_3,CA,104
2015-12-05,TX_1,TX,54
2015-12-05,TX_2,TX,78
2015-12-05,WI_1,WI,109
2015-12-05,WI_2,WI,80
2015-12-06,CA_1,CA,116
2015-12-06,CA_2,CA,100
2015-12-06,CA_3,CA,133
2015-12-06,TX_1,TX,69
2015-12-06,TX_2,TX,74
2015-12-06,WI_1,WI,109
2015-12-06,WI_2,WI,54
2015-12-07,CA_1,CA,91
2015-12-07,CA_2,CA,62
2015-12-07,CA_3,CA,83
2015-12-07,TX_1,TX,30
2015-12-07,TX_2,TX,62
2015-12-07,WI_1,WI,67
2015-12-07,WI_2,WI,80
2015-12-08,CA_1,CA,57
2015-12-08,CA_2,CA,47
2015-12-08,CA_3,CA,89
2015-12-08,TX_1,TX,34
2015-12-08,TX_2,TX,76
2015-12-08,WI_1,WI,63
2015-12-08,WI_2,WI,73
2015-12-09,CA_1,CA,59
2015-12-09,CA_2,CA,59
2015-12-09,CA_3,CA,90
2015-12-09,TX_1,TX,67
2015-12-09,TX_2,TX,65
2015-12-09,WI_1,WI,37
2015-12-09,WI_2,WI,41
2015-12-10,CA_1,CA,74
2015-12-10,CA_2,CA,83
2015-12-10,CA_3,CA,122
2015-12-10,TX_1,TX,49
2015-12-10,TX_2,TX,71
2015-12-10,WI_1,WI,71
2015-12-10,WI_2,WI,77
2015-12-11,CA_1,CA,87
2015-12-11,CA_2,CA,96
2015-12-11,CA_3,CA,147
2015-12-11,TX_1,TX,57
2015-12-11,TX_2,TX,91
2015-12-11,WI_1,WI,91
2015-12-11,WI_2,WI,81
2015-12-12,CA_1,CA,125
2015-12-12,CA_2,CA,94
2015-12-12,CA_3,CA,152
2015-12-12,TX_1,TX,66
2015-12-12,TX_2,TX,75
2015-12-12,WI_1,WI,125
2015-12-12,WI_2,WI,123
2015-12-13,CA_1,CA,112
2015-12-13,CA_2,CA,110
2015-12-13,CA_3,CA,154
2015-12-13,TX_1,TX,61
2015-12-13,TX_2,TX,90
2015-12-13,WI_1,WI,89
2015-12-13,WI_2,WI,78
2015-12-14,CA_1,CA,110
2015-12-14,CA_2,CA,93
2015-12-14,CA_3,CA,115
2015-12-14,TX_1,TX,41
2015-12-14,TX_2,TX,99
2015-12-14,WI_1,WI,58
2015-12-14,WI_2,WI,72
2015-12-15,CA_1,CA,60
2015-12-15,CA_2,CA,81
2015-12-15,CA_3,CA,110
2015-12-15,TX_1,TX,56
2015-12-15,TX_2,TX,83
2015-12-15,WI_1,WI,77
2015-12-15,WI_2,WI,106
2015-12-16,CA_1,CA,104
2015-12-16,CA_2,CA,71
2015-12-16,CA_3,CA,141
2015-12-16,TX_1,TX,59
2015-12-16,TX_2,TX,78
2015-12-16,WI_1,WI,74
2015-12-16,WI_2,WI,62
2015-12-17,CA_1,CA,91
2015-12-17,CA_2,CA,65
2015-12-17,CA_3,CA,95
2015-12-17,TX_1,TX,28
2015-12-17,TX_2,TX,73
2015-12-17,WI_1,WI,88
2015-12-17,WI_2,WI,92
2015-12-18,CA_1,CA,77
2015-12-18,CA_2,CA,64
2015-12-18,CA_3,CA,91
2015-12-18,TX_1,TX,47
2015-12-18,TX_2,TX,74
2015-12-18,WI_1,WI,80
2015-12-18,WI_2,WI,81
2015-12-19,CA_1,CA,143
2015-12-19,CA_2,CA,119
2015-12-19,CA_3,CA,162
2015-12-19,TX_1,TX,69
2015-12-19,TX_2,TX,76
2015-12-19,WI_1,WI,120
2015-12-19,WI_2,WI,60
2015-12-20,CA_1,CA,127
2015-12-20,CA_2,CA,103
2015-12-20,CA_3,CA,180
2015-12-20,TX_1,TX,60
2015-12-20,TX_2,TX,87
2015-12-20,WI_1,WI,116
2015-12-20,WI_2,WI,73
2015-12-21,CA_1,CA,82
2015-12-21,CA_2,CA,81
2015-12-21,CA_3,CA,113
2015-12-21,TX_1,TX,46
2015-12-21,TX_2,TX,78
2015-12-21,WI_1,WI,88
2015-12-21,WI_2,WI,63
2015-12-22,CA_1,CA,110
2015-12-22,CA_2,CA,81
2015-12-22,CA_3,CA,125
2015-12-22,TX_1,TX,42
2015-12-22,TX_2,TX,66
2015-12-22,WI_1,WI,99
2015-12-22,WI_2,WI,78
2015-12-23,CA_1,CA,100
2015-12-23,CA_2,CA,90
2015-12-23,CA_3,CA,96
2015-12-23,TX_1,TX,48
2015-12-23,TX_2,TX,64
2015-12-23,WI_1,WI,96
2015-12-23,WI_2,WI,60
2015-12-24,CA_1,CA,73
2015-12-24,CA_2,CA,68
2015-12-24,CA_3,CA,129
2015-12-24,TX_1,TX,49
2015-12-24,TX_2,TX,78
2015-12-24,WI_1,WI,88
2015-12-24,WI_2,WI,75
2015-12-25,CA_1,CA,0
2015-12-25,CA_2,CA,0
2015-12-25,CA_3,CA,0
2015-12-25,TX_1,TX,0
2015-12-25,TX_2,TX,0
2015-12-25,WI_1,WI,1
2015-12-25,WI_2,WI,0
2015-12-26,CA_1,CA,76
2015-12-26,CA_2,CA,92
2015-12-26,CA_3,CA,126
2015-12-26,TX_1,TX,58
2015-12-26,TX_2,TX,65
2015-12-26,WI_1,WI,70
2015-12-26,WI_2,WI,25
2015-12-27,CA_1,CA,93
2015-12-27,CA_2,CA,96
2015-12-27,CA_3,CA,78
2015-12-27,TX_1,TX,42
2015-12-27,TX_2,TX,56
2015-12-27,WI_1,WI,83
2015-12-27,WI_2,WI,36
2015-12-28,CA_1,CA,61
2015-12-28,CA_2,CA,45
2015-12-28,CA_3,CA,128
2015-12-28,TX_1,TX,40
2015-12-28,TX_2,TX,80
2015-12-28,WI_1,WI,31
2015-12-28,WI_2,WI,53
2015-12-29,CA_1,CA,67
2015-12-29,CA_2,CA,75
2015-12-29,CA_3,CA,136
2015-12-29,TX_1,TX,51
2015-12-29,TX_2,TX,86
2015-12-29,WI_1,WI,56
2015-12-29,WI_2,WI,60
2015-12-30,CA_1,CA,80
2015-12-30,CA_2,CA,72
2015-12-30,CA_3,CA,93
2015-12-30,TX_1,TX,65
2015-12-30,TX_2,TX,42
2015-12-30,WI_1,WI,67
2015-12-30,WI_2,WI,85
2015-12-31,CA_1,CA,82
2015-12-31,CA_2,CA,73
2015-12-31,CA_3,CA,116
2015-12-31,TX_1,TX,58
2015-12-31,TX_2,TX,68
2015-12-31,WI_1,WI,129
2015-12-31,WI_2,WI,96
2016-01-01,CA_1,CA,68
2016-01-01,CA_2,CA,69
2016-01-01,CA_3,CA,60
2016-01-01,TX_1,TX,43
2016-01-01,TX_2,TX,49
2016-01-01,WI_1,WI,59
2016-01-01,WI_2,WI,58
2016-01-02,CA_1,CA,111
2016-01-02,CA_2,CA,92
2016-01-02,CA_3,CA,73
2016-01-02,TX_1,TX,62
2016-01-02,TX_2,TX,67
2016-01-02,WI_1,WI,99
2016-01-02,WI_2,WI,54
2016-01-03,CA_1,CA,105
2016-01-03,CA_2,CA,94
2016-01-03,CA_3,CA,107
2016-01-03,TX_1,TX,67
2016-01-03,TX_2,TX,83
2016-01-03,WI_1,WI,64
2016-01-03,WI_2,WI,74
2016-01-04,CA_1,CA,74
2016-01-04,CA_2,CA,59
2016-01-04,CA_3,CA,94
2016-01-04,TX_1,TX,63
2016-01-04,TX_2,TX,67
2016-01-04,WI_1,WI,67
2016-01-04,WI_2,WI,43
2016-01-05,CA_1,CA,74
2016-01-05,CA_2,CA,63
2016-01-05,CA_3,CA,91
2016-01-05,TX_1,TX,59
2016-01-05,TX_2,TX,69
2016-01-05,WI_1,WI,82
2016-01-05,WI_2,WI,47
2016-01-06,CA_1,CA,57
2016-01-06,CA_2,CA,63
2016-01-06,CA_3,CA,67
2016-01-06,TX_1,TX,55
2016-01-06,TX_2,TX,58
2016-01-06,WI_1,WI,64
2016-01-06,WI_2,WI,83
2016-01-07,CA_1,CA,85
2016-01-07,CA_2,CA,79
2016-01-07,CA_3,CA,72
2016-01-07,TX_1,TX,61
2016-01-07,TX_2,TX,73
2016-01-07,WI_1,WI,47
2016-01-07,WI_2,WI,39
2016-01-08,CA_1,CA,111
2016-01-08,CA_2,CA,56
2016-01-08,CA_3,CA,101
2016-01-08,TX_1,TX,65
2016-01-08,TX_2,TX,60
2016-01-08,WI_1,WI,82
2016-01-08,WI_2,WI,57
2016-01-09,CA_1,CA,120
2016-01-09,CA_2,CA,89
2016-01-09,CA_3,CA,134
2016-01-09,TX_1,TX,90
2016-01-09,TX_2,TX,88
2016-01-09,WI_1,WI,133
2016-01-09,WI_2,WI,86
2016-01-10,CA_1,CA,100
2016-01-10,CA_2,CA,75
2016-01-10,CA_3,CA,167
2016-01-10,TX_1,TX,86
2016-01-10,TX_2,TX,84
2016-01-10,WI_1,WI,73
2016-01-10,WI_2,WI,62
2016-01-11,CA_1,CA,91
2016-01-11,CA_2,CA,56
2016-01-11,CA_3,CA,94
2016-01-11,TX_1,TX,66
2016-01-11,TX_2,TX,77
2016-01-11,WI_1,WI,49
2016-01-11,WI_2,WI,61
2016-01-12,CA_1,CA,60
2016-01-12,CA_2,CA,53
2016-01-12,CA_3,CA,69
2016-01-12,TX_1,TX,63
2016-01-12,TX_2,TX,46
2016-01-12,WI_1,WI,46
2016-01-12,WI_2,WI,82
2016-01-13,CA_1,CA,63
2016-01-13,CA_2,CA,39
2016-01-13,CA_3,CA,87
2016-01-13,TX_1,TX,32
2016-01-13,TX_2,TX,49
2016-01-13,WI_1,WI,38
2016-01-13,WI_2,WI,61
2016-01-14,CA_1,CA,72
2016-01-14,CA_2,CA,77
2016-01-14,CA_3,CA,62
2016-01-14,TX_1,TX,51
2016-01-14,TX_2,TX,62
2016-01-14,WI_1,WI,81
2016-01-14,WI_2,WI,80
2016-01-15,CA_1,CA,70
2016-01-15,CA_2,CA,108
2016-01-15,CA_3,CA,107
2016-01-15,TX_1,TX,36
2016-01-15,TX_2,TX,68
2016-01-15,WI_1,WI,108
2016-01-15,WI_2,WI,98
2016-01-16,CA_1,CA,123
2016-01-16,CA_2,CA,83
2016-01-16,CA_3,CA,121
2016-01-16,TX_1,TX,30
2016-01-16,TX_2,TX,64
2016-01-16,WI_1,WI,124
2016-01-16,WI_2,WI,99
2016-01-17,CA_1,CA,99
2016-01-17,CA_2,CA,93
2016-01-17,CA_3,CA,124
2016-01-17,TX_1,TX,41
2016-01-17,TX_2,TX,101
2016-01-17,WI_1,WI,59
2016-01-17,WI_2,WI,73
2016-01-18,CA_1,CA,86
2016-01-18,CA_2,CA,101
2016-01-18,CA_3,CA,104
2016-01-18,TX_1,TX,39
2016-01-18,TX_2,TX,47
2016-01-18,WI_1,WI,53
2016-01-18,WI_2,WI,45
2016-01-19,CA_1,CA,65
2016-01-19,CA_2,CA,54
2016-01-19,CA_3,CA,90
2016-01-19,TX_1,TX,59
2016-01-19,TX_2,TX,54
2016-01-19,WI_1,WI,57
2016-01-19,WI_2,WI,63
2016-01-20,CA_1,CA,104
2016-01-20,CA_2,CA,77
2016-01-20,CA_3,CA,130
2016-01-20,TX_1,TX,52
2016-01-20,TX_2,TX,43
2016-01-20,WI_1,WI,73
2016-01-20,WI_2,WI,81
2016-01-21,CA_1,CA,78
2016-01-21,CA_2,CA,49
2016-01-21,CA_3,CA,107
2016-01-21,TX_1,TX,35
2016-01-21,TX_2,TX,39
2016-01-21,WI_1,WI,53
2016-01-21,WI_2,WI,34
2016-01-22,CA_1,CA,47
2016-01-22,CA_2,CA,59
2016-01-22,CA_3,CA,88
2016-01-22,TX_1,TX,35
2016-01-22,TX_2,TX,46
2016-01-22,WI_1,WI,53
2016-01-22,WI_2,WI,40
2016-01-23,CA_1,CA,106
2016-01-23,CA_2,CA,76
2016-01-23,CA_3,CA,121
2016-01-23,TX_1,TX,35
2016-01-23,TX_2,TX,62
2016-01-23,WI_1,WI,87
2016-01-23,WI_2,WI,51
2016-01-24,CA_1,CA,90
2016-01-24,CA_2,CA,95
2016-01-24,CA_3,CA,111
2016-01-24,TX_1,TX,51
2016-01-24,TX_2,TX,70
2016-01-24,WI_1,WI,69
2016-01-24,WI_2,WI,68
2016-01-25,CA_1,CA,84
2016-01-25,CA_2,CA,46
2016-01-25,CA_3,CA,117
2016-01-25,TX_1,TX,45
2016-01-25,TX_2,TX,52
2016-01-25,WI_1,WI,40
2016-01-25,WI_2,WI,51
2016-01-26,CA_1,CA,41
2016-01-26,CA_2,CA,67
2016-01-26,CA_3,CA,94
2016-01-26,TX_1,TX,28
2016-01-26,TX_2,TX,25
2016-01-26,WI_1,WI,48
2016-01-26,WI_2,WI,42
2016-01-27,CA_1,CA,72
2016-01-27,CA_2,CA,50
2016-01-27,CA_3,CA,110
2016-01-27,TX_1,TX,32
2016-01-27,TX_2,TX,63
2016-01-27,WI_1,WI,41
2016-01-27,WI_2,WI,80
2016-01-28,CA_1,CA,58
2016-01-28,CA_2,CA,60
2016-01-28,CA_3,CA,81
2016-01-28,TX_1,TX,28
2016-01-28,TX_2,TX,51
2016-01-28,WI_1,WI,46
2016-01-28,WI_2,WI,60
2016-01-29,CA_1,CA,61
2016-01-29,CA_2,CA,66
2016-01-29,CA_3,CA,98
2016-01-29,TX_1,TX,55
2016-01-29,TX_2,TX,62
2016-01-29,WI_1,WI,76
2016-01-29,WI_2,WI,71
2016-01-30,CA_1,CA,106
2016-01-30,CA_2,CA,105
2016-01-30,CA_3,CA,140
2016-01-30,TX_1,TX,60
2016-01-30,TX_2,TX,61
2016-01-30,WI_1,WI,56
2016-01-30,WI_2,WI,64
2016-01-31,CA_1,CA,115
2016-01-31,CA_2,CA,90
2016-01-31,CA_3,CA,128
2016-01-31,TX_1,TX,47
2016-01-31,TX_2,TX,78
2016-01-31,WI_1,WI,82
2016-01-31,WI_2,WI,56
2016-02-01,CA_1,CA,84
2016-02-01,CA_2,CA,47
2016-02-01,CA_3,CA,93
2016-02-01,TX_1,TX,46
2016-02-01,TX_2,TX,54
2016-02-01,WI_1,WI,51
2016-02-01,WI_2,WI,63
2016-02-02,CA_1,CA,73
2016-02-02,CA_2,CA,48
2016-02-02,CA_3,CA,107
2016-02-02,TX_1,TX,32
2016-02-02,TX_2,TX,57
2016-02-02,WI_1,WI,41
2016-02-02,WI_2,WI,32
2016-02-03,CA_1,CA,86
2016-02-03,CA_2,CA,76
2016-02-03,CA_3,CA,103
2016-02-03,TX_1,TX,43
2016-02-03,TX_2,TX,72
2016-02-03,WI_1,WI,47
2016-02-03,WI_2,WI,53
2016-02-04,CA_1,CA,76
2016-02-04,CA_2,CA,66
2016-02-04,CA_3,CA,88
2016-02-04,TX_1,TX,35
2016-02-04,TX_2,TX,52
2016-02-04,WI_1,WI,76
2016-02-04,WI_2,WI,43
2016-02-05,CA_1,CA,60
2016-02-05,CA_2,CA,80
2016-02-05,CA_3,CA,99
2016-02-05,TX_1,TX,54
2016-02-05,TX_2,TX,67
2016-02-05,WI_1,WI,58
2016-02-05,WI_2,WI,63
2016-02-06,CA_1,CA,134
2016-02-06,CA_2,CA,156
2016-02-06,CA_3,CA,115
2016-02-06,TX_1,TX,46
2016-02-06,TX_2,TX,95
2016-02-06,WI_1,WI,91
2016-02-06,WI_2,WI,52
2016-02-07,CA_1,CA,82
2016-02-07,CA_2,CA,59
2016-02-07,CA_3,CA,132
2016-02-07,TX_1,TX,93
2016-02-07,TX_2,TX,75
2016-02-07,WI_1,WI,102
2016-02-07,WI_2,WI,66
2016-02-08,CA_1,CA,70
2016-02-08,CA_2,CA,45
2016-02-08,CA_3,CA,94
2016-02-08,TX_1,TX,34
2016-02-08,TX_2,TX,41
2016-02-08,WI_1,WI,43
2016-02-08,WI_2,WI,50
2016-02-09,CA_1,CA,54
2016-02-09,CA_2,CA,54
2016-02-09,CA_3,CA,80
2016-02-09,TX_1,TX,43
2016-02-09,TX_2,TX,62
2016-02-09,WI_1,WI,53
2016-02-09,WI_2,WI,77
2016-02-10,CA_1,CA,84
2016-02-10,CA_2,CA,61
2016-02-10,CA_3,CA,76
2016-02-10,TX_1,TX,53
2016-02-10,TX_2,TX,82
2016-02-10,WI_1,WI,55
2016-02-10,WI_2,WI,68
2016-02-11,CA_1,CA,114
2016-02-11,CA_2,CA,61
2016-02-11,CA_3,CA,115
2016-02-11,TX_1,TX,44
2016-02-11,TX_2,TX,74
2016-02-11,WI_1,WI,70
2016-02-11,WI_2,WI,92
2016-02-12,CA_1,CA,87
2016-02-12,CA_2,CA,65
2016-02-12,CA_3,CA,119
2016-02-12,TX_1,TX,37
2016-02-12,TX_2,TX,60
2016-02-12,WI_1,WI,77
2016-02-12,WI_2,WI,83
2016-02-13,CA_1,CA,96
2016-02-13,CA_2,CA,104
2016-02-13,CA_3,CA,125
2016-02-13,TX_1,TX,71
2016-02-13,TX_2,TX,78
2016-02-13,WI_1,WI,101
2016-02-13,WI_2,WI,66
2016-02-14,CA_1,CA,90
2016-02-14,CA_2,CA,99
2016-02-14,CA_3,CA,104
2016-02-14,TX_1,TX,85
2016-02-14,TX_2,TX,77
2016-02-14,WI_1,WI,85
2016-02-14,WI_2,WI,65
2016-02-15,CA_1,CA,91
2016-02-15,CA_2,CA,83
2016-02-15,CA_3,CA,128
2016-02-15,TX_1,TX,38
2016-02-15,TX_2,TX,58
2016-02-15,WI_1,WI,48
2016-02-15,WI_2,WI,97
2016-02-16,CA_1,CA,66
2016-02-16,CA_2,CA,94
2016-02-16,CA_3,CA,109
2016-02-16,TX_1,TX,44
2016-02-16,TX_2,TX,46
2016-02-16,WI_1,WI,49
2016-02-16,WI_2,WI,50
2016-02-17,CA_1,CA,81
2016-02-17,CA_2,CA,66
2016-02-17,CA_3,CA,94
2016-02-17,TX_1,TX,54
2016-02-17,TX_2,TX,49
2016-02-17,WI_1,WI,77
2016-02-17,WI_2,WI,62
2016-02-18,CA_1,CA,64
2016-02-18,CA_2,CA,53
2016-02-18,CA_3,CA,96
2016-02-18,TX_1,TX,46
2016-02-18,TX_2,TX,54
2016-02-18,WI_1,WI,65
2016-02-18,WI_2,WI,58
2016-02-19,CA_1,CA,84
2016-02-19,CA_2,CA,69
2016-02-19,CA_3,CA,123
2016-02-19,TX_1,TX,44
2016-02-19,TX_2,TX,81
2016-02-19,WI_1,WI,56
2016-02-19,WI_2,WI,47
2016-02-20,CA_1,CA,78
2016-02-20,CA_2,CA,94
2016-02-20,CA_3,CA,134
2016-02-20,TX_1,TX,45
2016-02-20,TX_2,TX,58
2016-02-20,WI_1,WI,90
2016-02-20,WI_2,WI,70
2016-02-21,CA_1,CA,145
2016-02-21,CA_2,CA,71
2016-02-21,CA_3,CA,129
2016-02-21,TX_1,TX,60
2016-02-21,TX_2,TX,89
2016-02-21,WI_1,WI,58
2016-02-21,WI_2,WI,58
2016-02-22,CA_1,CA,65
2016-02-22,CA_2,CA,71
2016-02-22,CA_3,CA,108
2016-02-22,TX_1,TX,52
2016-02-22,TX_2,TX,70
2016-02-22,WI_1,WI,34
2016-02-22,WI_2,WI,71
2016-02-23,CA_1,CA,57
2016-02-23,CA_2,CA,36
2016-02-23,CA_3,CA,84
2016-02-23,TX_1,TX,52
2016-02-23,TX_2,TX,53
2016-02-23,WI_1,WI,39
2016-02-23,WI_2,WI,53
2016-02-24,CA_1,CA,48
2016-02-24,CA_2,CA,32
2016-02-24,CA_3,CA,115
2016-02-24,TX_1,TX,69
2016-02-24,TX_2,TX,50
2016-02-24,WI_1,WI,27
2016-02-24,WI_2,WI,65
2016-02-25,CA_1,CA,60
2016-02-25,CA_2,CA,62
2016-02-25,CA_3,CA,101
2016-02-25,TX_1,TX,56
2016-02-25,TX_2,TX,48
2016-02-25,WI_1,WI,57
2016-02-25,WI_2,WI,59
2016-02-26,CA_1,CA,71
2016-02-26,CA_2,CA,77
2016-02-26,CA_3,CA,95
2016-02-26,TX_1,TX,46
2016-02-26,TX_2,TX,63
2016-02-26,WI_1,WI,58
2016-02-26,WI_2,WI,57
2016-02-27,CA_1,CA,103
2016-02-27,CA_2,CA,98
2016-02-27,CA_3,CA,109
2016-02-27,TX_1,TX,34
2016-02-27,TX_2,TX,48
2016-02-27,WI_1,WI,77
2016-02-27,WI_2,WI,77
2016-02-28,CA_1,CA,137
2016-02-28,CA_2,CA,95
2016-02-28,CA_3,CA,132
2016-02-28,TX_1,TX,43
2016-02-28,TX_2,TX,74
2016-02-28,WI_1,WI,79
2016-02-28,WI_2,WI,56
2016-02-29,CA_1,CA,63
2016-02-29,CA_2,CA,68
2016-02-29,CA_3,CA,97
2016-02-29,TX_1,TX,44
2016-02-29,TX_2,TX,46
2016-02-29,WI_1,WI,84
2016-02-29,WI_2,WI,48
2016-03-01,CA_1,CA,85
2016-03-01,CA_2,CA,73
2016-03-01,CA_3,CA,87
2016-03-01,TX_1,TX,43
2016-03-01,TX_2,TX,43
2016-03-01,WI_1,WI,27
2016-03-01,WI_2,WI,43
2016-03-02,CA_1,CA,74
2016-03-02,CA_2,CA,56
2016-03-02,CA_3,CA,109
2016-03-02,TX_1,TX,28
2016-03-02,TX_2,TX,58
2016-03-02,WI_1,WI,67
2016-03-02,WI_2,WI,57
2016-03-03,CA_1,CA,64
2016-03-03,CA_2,CA,49
2016-03-03,CA_3,CA,120
2016-03-03,TX_1,TX,39
2016-03-03,TX_2,TX,66
2016-03-03,WI_1,WI,29
2016-03-03,WI_2,WI,78
2016-03-04,CA_1,CA,91
2016-03-04,CA_2,CA,77
2016-03-04,CA_3,CA,113
2016-03-04,TX_1,TX,48
2016-03-04,TX_2,TX,46
2016-03-04,WI_1,WI,41
2016-03-04,WI_2,WI,58
2016-03-05,CA_1,CA,116
2016-03-05,CA_2,CA,105
2016-03-05,CA_3,CA,129
2016-03-05,TX_1,TX,48
2016-03-05,TX_2,TX,55
2016-03-05,WI_1,WI,77
2016-03-05,WI_2,WI,71
2016-03-06,CA_1,CA,163
2016-03-06,CA_2,CA,100
2016-03-06,CA_3,CA,127
2016-03-06,TX_1,TX,80
2016-03-06,TX_2,TX,60
2016-03-06,WI_1,WI,77
2016-03-06,WI_2,WI,69
2016-03-07,CA_1,CA,80
2016-03-07,CA_2,CA,73
2016-03-07,CA_3,CA,106
2016-03-07,TX_1,TX,49
2016-03-07,TX_2,TX,43
2016-03-07,WI_1,WI,30
2016-03-07,WI_2,WI,75
2016-03-08,CA_1,CA,48
2016-03-08,CA_2,CA,60
2016-03-08,CA_3,CA,127
2016-03-08,TX_1,TX,33
2016-03-08,TX_2,TX,44
2016-03-08,WI_1,WI,30
2016-03-08,WI_2,WI,53
2016-03-09,CA_1,CA,74
2016-03-09,CA_2,CA,49
2016-03-09,CA_3,CA,115
2016-03-09,TX_1,TX,39
2016-03-09,TX_2,TX,53
2016-03-09,WI_1,WI,28
2016-03-09,WI_2,WI,73
2016-03-10,CA_1,CA,58
2016-03-10,CA_2,CA,64
2016-03-10,CA_3,CA,139
2016-03-10,TX_1,TX,63
2016-03-10,TX_2,TX,70
2016-03-10,WI_1,WI,31
2016-03-10,WI_2,WI,73
2016-03-11,CA_1,CA,75
2016-03-11,CA_2,CA,59
2016-03-11,CA_3,CA,136
2016-03-11,TX_1,TX,52
2016-03-11,TX_2,TX,46
2016-03-11,WI_1,WI,43
2016-03-11,WI_2,WI,58
2016-03-12,CA_1,CA,155
2016-03-12,CA_2,CA,68
2016-03-12,CA_3,CA,124
2016-03-12,TX_1,TX,50
2016-03-12,TX_2,TX,71
2016-03-12,WI_1,WI,58
2016-03-12,WI_2,WI,55
2016-03-13,CA_1,CA,97
2016-03-13,CA_2,CA,76
2016-03-13,CA_3,CA,107
2016-03-13,TX_1,TX,50
2016-03-13,TX_2,TX,63
2016-03-13,WI_1,WI,62
2016-03-13,WI_2,WI,51
2016-03-14,CA_1,CA,59
2016-03-14,CA_2,CA,72
2016-03-14,CA_3,CA,151
2016-03-14,TX_1,TX,36
2016-03-14,TX_2,TX,54
2016-03-14,WI_1,WI,50
2016-03-14,WI_2,WI,48
2016-03-15,CA_1,CA,57
2016-03-15,CA_2,CA,44
2016-03-15,CA_3,CA,109
2016-03-15,TX_1,TX,47
2016-03-15,TX_2,TX,52
2016-03-15,WI_1,WI,31
2016-03-15,WI_2,WI,56
2016-03-16,CA_1,CA,45
2016-03-16,CA_2,CA,56
2016-03-16,CA_3,CA,93
2016-03-16,TX_1,TX,29
2016-03-16,TX_2,TX,39
2016-03-16,WI_1,WI,36
2016-03-16,WI_2,WI,41
2016-03-17,CA_1,CA,53
2016-03-17,CA_2,CA,65
2016-03-17,CA_3,CA,98
2016-03-17,TX_1,TX,36
2016-03-17,TX_2,TX,35
2016-03-17,WI_1,WI,42
2016-03-17,WI_2,WI,51
2016-03-18,CA_1,CA,64
2016-03-18,CA_2,CA,82
2016-03-18,CA_3,CA,131
2016-03-18,TX_1,TX,67
2016-03-18,TX_2,TX,41
2016-03-18,WI_1,WI,28
2016-03-18,WI_2,WI,43
2016-03-19,CA_1,CA,115
2016-03-19,CA_2,CA,42
2016-03-19,CA_3,CA,134
2016-03-19,TX_1,TX,37
2016-03-19,TX_2,TX,57
2016-03-19,WI_1,WI,60
2016-03-19,WI_2,WI,45
2016-03-20,CA_1,CA,95
2016-03-20,CA_2,CA,46
2016-03-20,CA_3,CA,149
2016-03-20,TX_1,TX,51
2016-03-20,TX_2,TX,54
2016-03-20,WI_1,WI,48
2016-03-20,WI_2,WI,41
2016-03-21,CA_1,CA,62
2016-03-21,CA_2,CA,80
2016-03-21,CA_3,CA,107
2016-03-21,TX_1,TX,24
2016-03-21,TX_2,TX,47
2016-03-21,WI_1,WI,51
2016-03-21,WI_2,WI,50
2016-03-22,CA_1,CA,57
2016-03-22,CA_2,CA,49
2016-03-22,CA_3,CA,71
2016-03-22,TX_1,TX,30
2016-03-22,TX_2,TX,52
2016-03-22,WI_1,WI,36
2016-03-22,WI_2,WI,35
2016-03-23,CA_1,CA,91
2016-03-23,CA_2,CA,62
2016-03-23,CA_3,CA,95
2016-03-23,TX_1,TX,50
2016-03-23,TX_2,TX,44
2016-03-23,WI_1,WI,28
2016-03-23,WI_2,WI,77
2016-03-24,CA_1,CA,61
2016-03-24,CA_2,CA,50
2016-03-24,CA_3,CA,86
2016-03-24,TX_1,TX,36
2016-03-24,TX_2,TX,30
2016-03-24,WI_1,WI,36
2016-03-24,WI_2,WI,25
2016-03-25,CA_1,CA,60
2016-03-25,CA_2,CA,60
2016-03-25,CA_3,CA,131
2016-03-25,TX_1,TX,44
2016-03-25,TX_2,TX,34
2016-03-25,WI_1,WI,66
2016-03-25,WI_2,WI,53
2016-03-26,CA_1,CA,130
2016-03-26,CA_2,CA,91
2016-03-26,CA_3,CA,120
2016-03-26,TX_1,TX,43
2016-03-26,TX_2,TX,58
2016-03-26,WI_1,WI,69
2016-03-26,WI_2,WI,61
2016-03-27,CA_1,CA,78
2016-03-27,CA_2,CA,111
2016-03-27,CA_3,CA,102
2016-03-27,TX_1,TX,73
2016-03-27,TX_2,TX,62
2016-03-27,WI_1,WI,43
2016-03-27,WI_2,WI,44
2016-03-28,CA_1,CA,86
2016-03-28,CA_2,CA,64
2016-03-28,CA_3,CA,78
2016-03-28,TX_1,TX,42
2016-03-28,TX_2,TX,45
2016-03-28,WI_1,WI,31
2016-03-28,WI_2,WI,30
2016-03-29,CA_1,CA,49
2016-03-29,CA_2,CA,61
2016-03-29,CA_3,CA,71
2016-03-29,TX_1,TX,27
2016-03-29,TX_2,TX,35
2016-03-29,WI_1,WI,40
2016-03-29,WI_2,WI,58
2016-03-30,CA_1,CA,59
2016-03-30,CA_2,CA,60
2016-03-30,CA_3,CA,94
2016-03-30,TX_1,TX,22
2016-03-30,TX_2,TX,41
2016-03-30,WI_1,WI,38
2016-03-30,WI_2,WI,35
2016-03-31,CA_1,CA,62
2016-03-31,CA_2,CA,56
2016-03-31,CA_3,CA,98
2016-03-31,TX_1,TX,29
2016-03-31,TX_2,TX,57
2016-03-31,WI_1,WI,43
2016-03-31,WI_2,WI,63
2016-04-01,CA_1,CA,84
2016-04-01,CA_2,CA,86
2016-04-01,CA_3,CA,147
2016-04-01,TX_1,TX,56
2016-04-01,TX_2,TX,61
2016-04-01,WI_1,WI,54
2016-04-01,WI_2,WI,42
2016-04-02,CA_1,CA,79
2016-04-02,CA_2,CA,98
2016-04-02,CA_3,CA,90
2016-04-02,TX_1,TX,62
2016-04-02,TX_2,TX,50
2016-04-02,WI_1,WI,81
2016-04-02,WI_2,WI,62
2016-04-03,CA_1,CA,101
2016-04-03,CA_2,CA,135
2016-04-03,CA_3,CA,104
2016-04-03,TX_1,TX,54
2016-04-03,TX_2,TX,58
2016-04-03,WI_1,WI,70
2016-04-03,WI_2,WI,66
2016-04-04,CA_1,CA,72
2016-04-04,CA_2,CA,69
2016-04-04,CA_3,CA,95
2016-04-04,TX_1,TX,31
2016-04-04,TX_2,TX,22
2016-04-04,WI_1,WI,33
2016-04-04,WI_2,WI,50
2016-04-05,CA_1,CA,64
2016-04-05,CA_2,CA,70
2016-04-05,CA_3,CA,98
2016-04-05,TX_1,TX,19
2016-04-05,TX_2,TX,33
2016-04-05,WI_1,WI,39
2016-04-05,WI_2,WI,46
2016-04-06,CA_1,CA,69
2016-04-06,CA_2,CA,88
2016-04-06,CA_3,CA,89
2016-04-06,TX_1,TX,54
2016-04-06,TX_2,TX,52
2016-04-06,WI_1,WI,53
2016-04-06,WI_2,WI,73
2016-04-07,CA_1,CA,53
2016-04-07,CA_2,CA,77
2016-04-07,CA_3,CA,102
2016-04-07,TX_1,TX,36
2016-04-07,TX_2,TX,57
2016-04-07,WI_1,WI,38
2016-04-07,WI_2,WI,61
2016-04-08,CA_1,CA,68
2016-04-08,CA_2,CA,83
2016-04-08,CA_3,CA,106
2016-04-08,TX_1,TX,41
2016-04-08,TX_2,TX,50
2016-04-08,WI_1,WI,46
2016-04-08,WI_2,WI,50
2016-04-09,CA_1,CA,119
2016-04-09,CA_2,CA,111
2016-04-09,CA_3,CA,115
2016-04-09,TX_1,TX,70
2016-04-09,TX_2,TX,63
2016-04-09,WI_1,WI,74
2016-04-09,WI_2,WI,75
2016-04-10,CA_1,CA,120
2016-04-10,CA_2,CA,108
2016-04-10,CA_3,CA,115
2016-04-10,TX_1,TX,40
2016-04-10,TX_2,TX,84
2016-04-10,WI_1,WI,73
2016-04-10,WI_2,WI,53
2016-04-11,CA_1,CA,73
2016-04-11,CA_2,CA,70
2016-04-11,CA_3,CA,110
2016-04-11,TX_1,TX,39
2016-04-11,TX_2,TX,57
2016-04-11,WI_1,WI,38
2016-04-11,WI_2,WI,66
2016-04-12,CA_1,CA,43
2016-04-12,CA_2,CA,66
2016-04-12,CA_3,CA,125
2016-04-12,TX_1,TX,32
2016-04-12,TX_2,TX,74
2016-04-12,WI_1,WI,30
2016-04-12,WI_2,WI,78
2016-04-13,CA_1,CA,63
2016-04-13,CA_2,CA,68
2016-04-13,CA_3,CA,72
2016-04-13,TX_1,TX,37
2016-04-13,TX_2,TX,56
2016-04-13,WI_1,WI,26
2016-04-13,WI_2,WI,43
2016-04-14,CA_1,CA,65
2016-04-14,CA_2,CA,65
2016-04-14,CA_3,CA,92
2016-04-14,TX_1,TX,33
2016-04-14,TX_2,TX,58
2016-04-14,WI_1,WI,32
2016-04-14,WI_2,WI,40
2016-04-15,CA_1,CA,68
2016-04-15,CA_2,CA,87
2016-04-15,CA_3,CA,77
2016-04-15,TX_1,TX,35
2016-04-15,TX_2,TX,57
2016-04-15,WI_1,WI,30
2016-04-15,WI_2,WI,53
2016-04-16,CA_1,CA,135
2016-04-16,CA_2,CA,106
2016-04-16,CA_3,CA,112
2016-04-16,TX_1,TX,38
2016-04-16,TX_2,TX,69
2016-04-16,WI_1,WI,46
2016-04-16,WI_2,WI,46
2016-04-17,CA_1,CA,86
2016-04-17,CA_2,CA,108
2016-04-17,CA_3,CA,124
2016-04-17,TX_1,TX,63
2016-04-17,TX_2,TX,66
2016-04-17,WI_1,WI,62
2016-04-17,WI_2,WI,68
2016-04-18,CA_1,CA,56
2016-04-18,CA_2,CA,72
2016-04-18,CA_3,CA,123
2016-04-18,TX_1,TX,47
2016-04-18,TX_2,TX,50
2016-04-18,WI_1,WI,45
2016-04-18,WI_2,WI,43
2016-04-19,CA_1,CA,49
2016-04-19,CA_2,CA,54
2016-04-19,CA_3,CA,71
2016-04-19,TX_1,TX,32
2016-04-19,TX_2,TX,67
2016-04-19,WI_1,WI,33
2016-04-19,WI_2,WI,41
2016-04-20,CA_1,CA,68
2016-04-20,CA_2,CA,63
2016-04-20,CA_3,CA,85
2016-04-20,TX_1,TX,69
2016-04-20,TX_2,TX,43
2016-04-20,WI_1,WI,56
2016-04-20,WI_2,WI,41
2016-04-21,CA_1,CA,55
2016-04-21,CA_2,CA,45
2016-04-21,CA_3,CA,113
2016-04-21,TX_1,TX,52
2016-04-21,TX_2,TX,56
2016-04-21,WI_1,WI,49
2016-04-21,WI_2,WI,53
2016-04-22,CA_1,CA,71
2016-04-22,CA_2,CA,72
2016-04-22,CA_3,CA,96
2016-04-22,TX_1,TX,63
2016-04-22,TX_2,TX,73
2016-04-22,WI_1,WI,77
2016-04-22,WI_2,WI,64
2016-04-23,CA_1,CA,130
2016-04-23,CA_2,CA,131
2016-04-23,CA_3,CA,176
2016-04-23,TX_1,TX,67
2016-04-23,TX_2,TX,89
2016-04-23,WI_1,WI,68
2016-04-23,WI_2,WI,55
2016-04-24,CA_1,CA,137
2016-04-24,CA_2,CA,139
2016-04-24,CA_3,CA,145
2016-04-24,TX_1,TX,67
2016-04-24,TX_2,TX,61
2016-04-24,WI_1,WI,72
2016-04-24,WI_2,WI,57
