date,cat_id,units_sold
2011-01-29,FOODS,168
2011-01-29,HOBBIES,109
2011-01-29,HOUSEHOLD,68
2011-01-30,FOODS,195
2011-01-30,HOBBIES,92
2011-01-30,HOUSEHOLD,74
2011-01-31,FOODS,152
2011-01-31,HOBBIES,48
2011-01-31,HOUSEHOLD,46
2011-02-01,FOODS,129
2011-02-01,HOBBIES,61
2011-02-01,HOUSEHOLD,68
2011-02-02,FOODS,104
2011-02-02,HOBBIES,70
2011-02-02,HOUSEHOLD,36
2011-02-03,FOODS,151
2011-02-03,HOBBIES,85
2011-02-03,HOUSEHOLD,52
2011-02-04,FOODS,206
2011-02-04,HOBBIES,123
2011-02-04,HOUSEHOLD,78
2011-02-05,FOODS,225
2011-02-05,HOBBIES,104
2011-02-05,HOUSEHOLD,81
2011-02-06,FOODS,191
2011-02-06,HOBBIES,84
2011-02-06,HOUSEHOLD,52
2011-02-07,FOODS,163
2011-02-07,HOBBIES,62
2011-02-07,HOUSEHOLD,53
2011-02-08,FOODS,145
2011-02-08,HOBBIES,48
2011-02-08,HOUSEHOLD,47
2011-02-09,FOODS,130
2011-02-09,HOBBIES,60
2011-02-09,HOUSEHOLD,38
2011-02-10,FOODS,121
2011-02-10,HOBBIES,50
2011-02-10,HOUSEHOLD,60
2011-02-11,FOODS,141
2011-02-11,HOBBIES,112
2011-02-11,HOUSEHOLD,65
2011-02-12,FOODS,231
2011-02-12,HOBBIES,154
2011-02-12,HOUSEHOLD,82
2011-02-13,FOODS,234
2011-02-13,HOBBIES,137
2011-02-13,HOUSEHOLD,114
2011-02-14,FOODS,213
2011-02-14,HOBBIES,70
2011-02-14,HOUSEHOLD,42
2011-02-15,FOODS,192
2011-02-15,HOBBIES,117
2011-02-15,HOUSEHOLD,72
2011-02-16,FOODS,142
2011-02-16,HOBBIES,20
2011-02-16,HOUSEHOLD,51
2011-02-17,FOODS,117
2011-02-17,HOBBIES,37
2011-02-17,HOUSEHOLD,53
2011-02-18,FOODS,154
2011-02-18,HOBBIES,35
2011-02-18,HOUSEHOLD,76
2011-02-19,FOODS,222
2011-02-19,HOBBIES,106
2011-02-19,HOUSEHOLD,94
2011-02-20,FOODS,152
2011-02-20,HOBBIES,104
2011-02-20,HOUSEHOLD,77
2011-02-21,FOODS,152
2011-02-21,HOBBIES,66
2011-02-21,HOUSEHOLD,70
2011-02-22,FOODS,120
2011-02-22,HOBBIES,78
2011-02-22,HOUSEHOLD,51
2011-02-23,FOODS,127
2011-02-23,HOBBIES,71
2011-02-23,HOUSEHOLD,48
2011-02-24,FOODS,134
2011-02-24,HOBBIES,57
2011-02-24,HOUSEHOLD,53
2011-02-25,FOODS,171
2011-02-25,HOBBIES,45
2011-02-25,HOUSEHOLD,52
2011-02-26,FOODS,144
2011-02-26,HOBBIES,127
2011-02-26,HOUSEHOLD,72
2011-02-27,FOODS,166
2011-02-27,HOBBIES,92
2011-02-27,HOUSEHOLD,60
2011-02-28,FOODS,134
2011-02-28,HOBBIES,108
2011-02-28,HOUSEHOLD,67
2011-03-01,FOODS,167
2011-03-01,HOBBIES,62
2011-03-01,HOUSEHOLD,46
2011-03-02,FOODS,123
2011-03-02,HOBBIES,80
2011-03-02,HOUSEHOLD,45
2011-03-03,FOODS,143
2011-03-03,HOBBIES,72
2011-03-03,HOUSEHOLD,61
2011-03-04,FOODS,181
2011-03-04,HOBBIES,45
2011-03-04,HOUSEHOLD,51
2011-03-05,FOODS,225
2011-03-05,HOBBIES,80
2011-03-05,HOUSEHOLD,69
2011-03-06,FOODS,175
2011-03-06,HOBBIES,102
2011-03-06,HOUSEHOLD,52
2011-03-07,FOODS,142
2011-03-07,HOBBIES,42
2011-03-07,HOUSEHOLD,38
2011-03-08,FOODS,101
2011-03-08,HOBBIES,57
2011-03-08,HOUSEHOLD,41
2011-03-09,FOODS,117
2011-03-09,HOBBIES,109
2011-03-09,HOUSEHOLD,33
2011-03-10,FOODS,191
2011-03-10,HOBBIES,155
2011-03-10,HOUSEHOLD,33
2011-03-11,FOODS,129
2011-03-11,HOBBIES,58
2011-03-11,HOUSEHOLD,46
2011-03-12,FOODS,170
2011-03-12,HOBBIES,79
2011-03-12,HOUSEHOLD,63
2011-03-13,FOODS,190
2011-03-13,HOBBIES,72
2011-03-13,HOUSEHOLD,71
2011-03-14,FOODS,182
2011-03-14,HOBBIES,49
2011-03-14,HOUSEHOLD,29
2011-03-15,FOODS,166
2011-03-15,HOBBIES,58
2011-03-15,HOUSEHOLD,24
2011-03-16,FOODS,150
2011-03-16,HOBBIES,72
2011-03-16,HOUSEHOLD,36
2011-03-17,FOODS,147
2011-03-17,HOBBIES,76
2011-03-17,HOUSEHOLD,31
2011-03-18,FOODS,135
2011-03-18,HOBBIES,17
2011-03-18,HOUSEHOLD,50
2011-03-19,FOODS,224
2011-03-19,HOBBIES,90
2011-03-19,HOUSEHOLD,77
2011-03-20,FOODS,171
2011-03-20,HOBBIES,56
2011-03-20,HOUSEHOLD,77
2011-03-21,FOODS,146
2011-03-21,HOBBIES,66
2011-03-21,HOUSEHOLD,52
2011-03-22,FOODS,144
2011-03-22,HOBBIES,46
2011-03-22,HOUSEHOLD,36
2011-03-23,FOODS,135
2011-03-23,HOBBIES,25
2011-03-23,HOUSEHOLD,41
2011-03-24,FOODS,159
2011-03-24,HOBBIES,45
2011-03-24,HOUSEHOLD,43
2011-03-25,FOODS,154
2011-03-25,HOBBIES,92
2011-03-25,HOUSEHOLD,47
2011-03-26,FOODS,156
2011-03-26,HOBBIES,63
2011-03-26,HOUSEHOLD,73
2011-03-27,FOODS,185
2011-03-27,HOBBIES,67
2011-03-27,HOUSEHOLD,67
2011-03-28,FOODS,154
2011-03-28,HOBBIES,38
2011-03-28,HOUSEHOLD,32
2011-03-29,FOODS,131
2011-03-29,HOBBIES,60
2011-03-29,HOUSEHOLD,47
2011-03-30,FOODS,122
2011-03-30,HOBBIES,56
2011-03-30,HOUSEHOLD,40
2011-03-31,FOODS,182
2011-03-31,HOBBIES,55
2011-03-31,HOUSEHOLD,38
2011-04-01,FOODS,186
2011-04-01,HOBBIES,74
2011-04-01,HOUSEHOLD,55
2011-04-02,FOODS,171
2011-04-02,HOBBIES,67
2011-04-02,HOUSEHOLD,50
2011-04-03,FOODS,191
2011-04-03,HOBBIES,87
2011-04-03,HOUSEHOLD,43
2011-04-04,FOODS,151
2011-04-04,HOBBIES,68
2011-04-04,HOUSEHOLD,31
2011-04-05,FOODS,203
2011-04-05,HOBBIES,45
2011-04-05,HOUSEHOLD,38
2011-04-06,FOODS,124
2011-04-06,HOBBIES,41
2011-04-06,HOUSEHOLD,31
2011-04-07,FOODS,175
2011-04-07,HOBBIES,59
2011-04-07,HOUSEHOLD,25
2011-04-08,FOODS,142
2011-04-08,HOBBIES,46
2011-04-08,HOUSEHOLD,40
2011-04-09,FOODS,182
2011-04-09,HOBBIES,66
2011-04-09,HOUSEHOLD,61
2011-04-10,FOODS,211
2011-04-10,HOBBIES,75
2011-04-10,HOUSEHOLD,37
2011-04-11,FOODS,106
2011-04-11,HOBBIES,37
2011-04-11,HOUSEHOLD,35
2011-04-12,FOODS,165
2011-04-12,HOBBIES,48
2011-04-12,HOUSEHOLD,29
2011-04-13,FOODS,134
2011-04-13,HOBBIES,53
2011-04-13,HOUSEHOLD,25
2011-04-14,FOODS,127
2011-04-14,HOBBIES,96
2011-04-14,HOUSEHOLD,26
2011-04-15,FOODS,145
2011-04-15,HOBBIES,96
2011-04-15,HOUSEHOLD,48
2011-04-16,FOODS,145
2011-04-16,HOBBIES,55
2011-04-16,HOUSEHOLD,46
2011-04-17,FOODS,142
2011-04-17,HOBBIES,72
2011-04-17,HOUSEHOLD,50
2011-04-18,FOODS,116
2011-04-18,HOBBIES,39
2011-04-18,HOUSEHOLD,39
2011-04-19,FOODS,120
2011-04-19,HOBBIES,87
2011-04-19,HOUSEHOLD,36
2011-04-20,FOODS,125
2011-04-20,HOBBIES,112
2011-04-20,HOUSEHOLD,41
2011-04-21,FOODS,126
2011-04-21,HOBBIES,87
2011-04-21,HOUSEHOLD,21
2011-04-22,FOODS,196
2011-04-22,HOBBIES,59
2011-04-22,HOUSEHOLD,53
2011-04-23,FOODS,192
2011-04-23,HOBBIES,62
2011-04-23,HOUSEHOLD,48
2011-04-24,FOODS,180
2011-04-24,HOBBIES,44
2011-04-24,HOUSEHOLD,33
2011-04-25,FOODS,114
2011-04-25,HOBBIES,87
2011-04-25,HOUSEHOLD,41
2011-04-26,FOODS,107
2011-04-26,HOBBIES,44
2011-04-26,HOUSEHOLD,27
2011-04-27,FOODS,107
2011-04-27,HOBBIES,38
2011-04-27,HOUSEHOLD,36
2011-04-28,FOODS,109
2011-04-28,HOBBIES,23
2011-04-28,HOUSEHOLD,34
2011-04-29,FOODS,140
2011-04-29,HOBBIES,64
2011-04-29,HOUSEHOLD,42
2011-04-30,FOODS,131
2011-04-30,HOBBIES,76
2011-04-30,HOUSEHOLD,65
2011-05-01,FOODS,168
2011-05-01,HOBBIES,53
2011-05-01,HOUSEHOLD,57
2011-05-02,FOODS,153
2011-05-02,HOBBIES,70
2011-05-02,HOUSEHOLD,38
2011-05-03,FOODS,157
2011-05-03,HOBBIES,102
2011-05-03,HOUSEHOLD,42
2011-05-04,FOODS,158
2011-05-04,HOBBIES,55
2011-05-04,HOUSEHOLD,31
2011-05-05,FOODS,122
2011-05-05,HOBBIES,59
2011-05-05,HOUSEHOLD,27
2011-05-06,FOODS,158
2011-05-06,HOBBIES,58
2011-05-06,HOUSEHOLD,49
2011-05-07,FOODS,183
2011-05-07,HOBBIES,69
2011-05-07,HOUSEHOLD,46
2011-05-08,FOODS,161
2011-05-08,HOBBIES,92
2011-05-08,HOUSEHOLD,40
2011-05-09,FOODS,170
2011-05-09,HOBBIES,84
2011-05-09,HOUSEHOLD,36
2011-05-10,FOODS,117
2011-05-10,HOBBIES,55
2011-05-10,HOUSEHOLD,36
2011-05-11,FOODS,160
2011-05-11,HOBBIES,64
2011-05-11,HOUSEHOLD,32
2011-05-12,FOODS,138
2011-05-12,HOBBIES,40
2011-05-12,HOUSEHOLD,32
2011-05-13,FOODS,127
2011-05-13,HOBBIES,67
2011-05-13,HOUSEHOLD,33
2011-05-14,FOODS,138
2011-05-14,HOBBIES,89
2011-05-14,HOUSEHOLD,53
2011-05-15,FOODS,146
2011-05-15,HOBBIES,90
2011-05-15,HOUSEHOLD,52
2011-05-16,FOODS,112
2011-05-16,HOBBIES,99
2011-05-16,HOUSEHOLD,36
2011-05-17,FOODS,139
2011-05-17,HOBBIES,43
2011-05-17,HOUSEHOLD,37
2011-05-18,FOODS,120
2011-05-18,HOBBIES,74
2011-05-18,HOUSEHOLD,28
2011-05-19,FOODS,143
2011-05-19,HOBBIES,63
2011-05-19,HOUSEHOLD,29
2011-05-20,FOODS,135
2011-05-20,HOBBIES,92
2011-05-20,HOUSEHOLD,34
2011-05-21,FOODS,154
2011-05-21,HOBBIES,122
2011-05-21,HOUSEHOLD,48
2011-05-22,FOODS,182
2011-05-22,HOBBIES,95
2011-05-22,HOUSEHOLD,39
2011-05-23,FOODS,111
2011-05-23,HOBBIES,65
2011-05-23,HOUSEHOLD,44
2011-05-24,FOODS,105
2011-05-24,HOBBIES,46
2011-05-24,HOUSEHOLD,29
2011-05-25,FOODS,154
2011-05-25,HOBBIES,41
2011-05-25,HOUSEHOLD,32
2011-05-26,FOODS,157
2011-05-26,HOBBIES,80
2011-05-26,HOUSEHOLD,27
2011-05-27,FOODS,119
2011-05-27,HOBBIES,100
2011-05-27,HOUSEHOLD,30
2011-05-28,FOODS,145
2011-05-28,HOBBIES,76
2011-05-28,HOUSEHOLD,33
2011-05-29,FOODS,88
2011-05-29,HOBBIES,119
2011-05-29,HOUSEHOLD,49
2011-05-30,FOODS,125
2011-05-30,HOBBIES,95
2011-05-30,HOUSEHOLD,46
2011-05-31,FOODS,91
2011-05-31,HOBBIES,56
2011-05-31,HOUSEHOLD,37
2011-06-01,FOODS,146
2011-06-01,HOBBIES,107
2011-06-01,HOUSEHOLD,30
2011-06-02,FOODS,122
2011-06-02,HOBBIES,128
2011-06-02,HOUSEHOLD,23
2011-06-03,FOODS,134
2011-06-03,HOBBIES,110
2011-06-03,HOUSEHOLD,22
2011-06-04,FOODS,176
2011-06-04,HOBBIES,73
2011-06-04,HOUSEHOLD,40
2011-06-05,FOODS,133
2011-06-05,HOBBIES,133
2011-06-05,HOUSEHOLD,40
2011-06-06,FOODS,141
2011-06-06,HOBBIES,79
2011-06-06,HOUSEHOLD,37
2011-06-07,FOODS,134
2011-06-07,HOBBIES,51
2011-06-07,HOUSEHOLD,27
2011-06-08,FOODS,149
2011-06-08,HOBBIES,103
2011-06-08,HOUSEHOLD,21
2011-06-09,FOODS,133
2011-06-09,HOBBIES,49
2011-06-09,HOUSEHOLD,25
2011-06-10,FOODS,175
2011-06-10,HOBBIES,79
2011-06-10,HOUSEHOLD,22
2011-06-11,FOODS,147
2011-06-11,HOBBIES,101
2011-06-11,HOUSEHOLD,33
2011-06-12,FOODS,163
2011-06-12,HOBBIES,55
2011-06-12,HOUSEHOLD,35
2011-06-13,FOODS,149
2011-06-13,HOBBIES,61
2011-06-13,HOUSEHOLD,34
2011-06-14,FOODS,147
2011-06-14,HOBBIES,59
2011-06-14,HOUSEHOLD,16
2011-06-15,FOODS,164
2011-06-15,HOBBIES,38
2011-06-15,HOUSEHOLD,23
2011-06-16,FOODS,154
2011-06-16,HOBBIES,56
2011-06-16,HOUSEHOLD,31
2011-06-17,FOODS,112
2011-06-17,HOBBIES,91
2011-06-17,HOUSEHOLD,29
2011-06-18,FOODS,199
2011-06-18,HOBBIES,68
2011-06-18,HOUSEHOLD,29
2011-06-19,FOODS,193
2011-06-19,HOBBIES,101
2011-06-19,HOUSEHOLD,31
2011-06-20,FOODS,111
2011-06-20,HOBBIES,53
2011-06-20,HOUSEHOLD,11
2011-06-21,FOODS,139
2011-06-21,HOBBIES,51
2011-06-21,HOUSEHOLD,22
2011-06-22,FOODS,107
2011-06-22,HOBBIES,76
2011-06-22,HOUSEHOLD,23
2011-06-23,FOODS,118
2011-06-23,HOBBIES,82
2011-06-23,HOUSEHOLD,20
2011-06-24,FOODS,144
2011-06-24,HOBBIES,74
2011-06-24,HOUSEHOLD,26
2011-06-25,FOODS,206
2011-06-25,HOBBIES,79
2011-06-25,HOUSEHOLD,37
2011-06-26,FOODS,158
2011-06-26,HOBBIES,93
2011-06-26,HOUSEHOLD,42
2011-06-27,FOODS,125
2011-06-27,HOBBIES,175
2011-06-27,HOUSEHOLD,23
2011-06-28,FOODS,121
2011-06-28,HOBBIES,55
2011-06-28,HOUSEHOLD,22
2011-06-29,FOODS,99
2011-06-29,HOBBIES,38
2011-06-29,HOUSEHOLD,16
2011-06-30,FOODS,193
2011-06-30,HOBBIES,57
2011-06-30,HOUSEHOLD,25
2011-07-01,FOODS,128
2011-07-01,HOBBIES,97
2011-07-01,HOUSEHOLD,25
2011-07-02,FOODS,205
2011-07-02,HOBBIES,108
2011-07-02,HOUSEHOLD,33
2011-07-03,FOODS,179
2011-07-03,HOBBIES,42
2011-07-03,HOUSEHOLD,34
2011-07-04,FOODS,140
2011-07-04,HOBBIES,75
2011-07-04,HOUSEHOLD,22
2011-07-05,FOODS,138
2011-07-05,HOBBIES,57
2011-07-05,HOUSEHOLD,23
2011-07-06,FOODS,156
2011-07-06,HOBBIES,59
2011-07-06,HOUSEHOLD,31
2011-07-07,FOODS,140
2011-07-07,HOBBIES,90
2011-07-07,HOUSEHOLD,20
2011-07-08,FOODS,185
2011-07-08,HOBBIES,78
2011-07-08,HOUSEHOLD,33
2011-07-09,FOODS,227
2011-07-09,HOBBIES,103
2011-07-09,HOUSEHOLD,36
2011-07-10,FOODS,161
2011-07-10,HOBBIES,105
2011-07-10,HOUSEHOLD,39
2011-07-11,FOODS,147
2011-07-11,HOBBIES,88
2011-07-11,HOUSEHOLD,36
2011-07-12,FOODS,154
2011-07-12,HOBBIES,52
2011-07-12,HOUSEHOLD,33
2011-07-13,FOODS,206
2011-07-13,HOBBIES,50
2011-07-13,HOUSEHOLD,21
2011-07-14,FOODS,155
2011-07-14,HOBBIES,39
2011-07-14,HOUSEHOLD,26
2011-07-15,FOODS,180
2011-07-15,HOBBIES,99
2011-07-15,HOUSEHOLD,33
2011-07-16,FOODS,227
2011-07-16,HOBBIES,77
2011-07-16,HOUSEHOLD,45
2011-07-17,FOODS,167
2011-07-17,HOBBIES,116
2011-07-17,HOUSEHOLD,30
2011-07-18,FOODS,207
2011-07-18,HOBBIES,86
2011-07-18,HOUSEHOLD,34
2011-07-19,FOODS,158
2011-07-19,HOBBIES,75
2011-07-19,HOUSEHOLD,26
2011-07-20,FOODS,140
2011-07-20,HOBBIES,48
2011-07-20,HOUSEHOLD,25
2011-07-21,FOODS,151
2011-07-21,HOBBIES,67
2011-07-21,HOUSEHOLD,27
2011-07-22,FOODS,230
2011-07-22,HOBBIES,85
2011-07-22,HOUSEHOLD,34
2011-07-23,FOODS,230
2011-07-23,HOBBIES,110
2011-07-23,HOUSEHOLD,36
2011-07-24,FOODS,214
2011-07-24,HOBBIES,93
2011-07-24,HOUSEHOLD,31
2011-07-25,FOODS,173
2011-07-25,HOBBIES,116
2011-07-25,HOUSEHOLD,33
2011-07-26,FOODS,140
2011-07-26,HOBBIES,51
2011-07-26,HOUSEHOLD,24
2011-07-27,FOODS,194
2011-07-27,HOBBIES,45
2011-07-27,HOUSEHOLD,21
2011-07-28,FOODS,159
2011-07-28,HOBBIES,51
2011-07-28,HOUSEHOLD,22
2011-07-29,FOODS,161
2011-07-29,HOBBIES,88
2011-07-29,HOUSEHOLD,37
2011-07-30,FOODS,201
2011-07-30,HOBBIES,96
2011-07-30,HOUSEHOLD,42
2011-07-31,FOODS,200
2011-07-31,HOBBIES,62
2011-07-31,HOUSEHOLD,40
2011-08-01,FOODS,198
2011-08-01,HOBBIES,77
2011-08-01,HOUSEHOLD,33
2011-08-02,FOODS,198
2011-08-02,HOBBIES,67
2011-08-02,HOUSEHOLD,45
2011-08-03,FOODS,175
2011-08-03,HOBBIES,44
2011-08-03,HOUSEHOLD,34
2011-08-04,FOODS,163
2011-08-04,HOBBIES,30
2011-08-04,HOUSEHOLD,31
2011-08-05,FOODS,135
2011-08-05,HOBBIES,146
2011-08-05,HOUSEHOLD,27
2011-08-06,FOODS,224
2011-08-06,HOBBIES,92
2011-08-06,HOUSEHOLD,37
2011-08-07,FOODS,259
2011-08-07,HOBBIES,36
2011-08-07,HOUSEHOLD,42
2011-08-08,FOODS,141
2011-08-08,HOBBIES,63
2011-08-08,HOUSEHOLD,22
2011-08-09,FOODS,154
2011-08-09,HOBBIES,60
2011-08-09,HOUSEHOLD,28
2011-08-10,FOODS,195
2011-08-10,HOBBIES,85
2011-08-10,HOUSEHOLD,39
2011-08-11,FOODS,195
2011-08-11,HOBBIES,76
2011-08-11,HOUSEHOLD,27
2011-08-12,FOODS,154
2011-08-12,HOBBIES,33
2011-08-12,HOUSEHOLD,23
2011-08-13,FOODS,234
2011-08-13,HOBBIES,76
2011-08-13,HOUSEHOLD,59
2011-08-14,FOODS,243
2011-08-14,HOBBIES,47
2011-08-14,HOUSEHOLD,46
2011-08-15,FOODS,167
2011-08-15,HOBBIES,74
2011-08-15,HOUSEHOLD,32
2011-08-16,FOODS,168
2011-08-16,HOBBIES,54
2011-08-16,HOUSEHOLD,27
2011-08-17,FOODS,150
2011-08-17,HOBBIES,57
2011-08-17,HOUSEHOLD,30
2011-08-18,FOODS,180
2011-08-18,HOBBIES,56
2011-08-18,HOUSEHOLD,27
2011-08-19,FOODS,186
2011-08-19,HOBBIES,50
2011-08-19,HOUSEHOLD,35
2011-08-20,FOODS,238
2011-08-20,HOBBIES,87
2011-08-20,HOUSEHOLD,49
2011-08-21,FOODS,221
2011-08-21,HOBBIES,54
2011-08-21,HOUSEHOLD,38
2011-08-22,FOODS,148
2011-08-22,HOBBIES,52
2011-08-22,HOUSEHOLD,38
2011-08-23,FOODS,161
2011-08-23,HOBBIES,37
2011-08-23,HOUSEHOLD,29
2011-08-24,FOODS,177
2011-08-24,HOBBIES,65
2011-08-24,HOUSEHOLD,29
2011-08-25,FOODS,169
2011-08-25,HOBBIES,54
2011-08-25,HOUSEHOLD,25
2011-08-26,FOODS,188
2011-08-26,HOBBIES,89
2011-08-26,HOUSEHOLD,37
2011-08-27,FOODS,210
2011-08-27,HOBBIES,138
2011-08-27,HOUSEHOLD,56
2011-08-28,FOODS,171
2011-08-28,HOBBIES,36
2011-08-28,HOUSEHOLD,44
2011-08-29,FOODS,158
2011-08-29,HOBBIES,24
2011-08-29,HOUSEHOLD,30
2011-08-30,FOODS,144
2011-08-30,HOBBIES,20
2011-08-30,HOUSEHOLD,39
2011-08-31,FOODS,160
2011-08-31,HOBBIES,66
2011-08-31,HOUSEHOLD,37
2011-09-01,FOODS,180
2011-09-01,HOBBIES,35
2011-09-01,HOUSEHOLD,44
2011-09-02,FOODS,177
2011-09-02,HOBBIES,38
2011-09-02,HOUSEHOLD,45
2011-09-03,FOODS,228
2011-09-03,HOBBIES,47
2011-09-03,HOUSEHOLD,53
2011-09-04,FOODS,159
2011-09-04,HOBBIES,54
2011-09-04,HOUSEHOLD,67
2011-09-05,FOODS,176
2011-09-05,HOBBIES,43
2011-09-05,HOUSEHOLD,59
2011-09-06,FOODS,139
2011-09-06,HOBBIES,53
2011-09-06,HOUSEHOLD,59
2011-09-07,FOODS,144
2011-09-07,HOBBIES,68
2011-09-07,HOUSEHOLD,34
2011-09-08,FOODS,190
2011-09-08,HOBBIES,158
2011-09-08,HOUSEHOLD,30
2011-09-09,FOODS,113
2011-09-09,HOBBIES,61
2011-09-09,HOUSEHOLD,33
2011-09-10,FOODS,203
2011-09-10,HOBBIES,65
2011-09-10,HOUSEHOLD,60
2011-09-11,FOODS,187
2011-09-11,HOBBIES,92
2011-09-11,HOUSEHOLD,53
2011-09-12,FOODS,140
2011-09-12,HOBBIES,43
2011-09-12,HOUSEHOLD,43
2011-09-13,FOODS,148
2011-09-13,HOBBIES,51
2011-09-13,HOUSEHOLD,39
2011-09-14,FOODS,171
2011-09-14,HOBBIES,63
2011-09-14,HOUSEHOLD,21
2011-09-15,FOODS,114
2011-09-15,HOBBIES,73
2011-09-15,HOUSEHOLD,34
2011-09-16,FOODS,167
2011-09-16,HOBBIES,80
2011-09-16,HOUSEHOLD,48
2011-09-17,FOODS,198
2011-09-17,HOBBIES,62
2011-09-17,HOUSEHOLD,55
2011-09-18,FOODS,175
2011-09-18,HOBBIES,77
2011-09-18,HOUSEHOLD,62
2011-09-19,FOODS,164
2011-09-19,HOBBIES,61
2011-09-19,HOUSEHOLD,42
2011-09-20,FOODS,127
2011-09-20,HOBBIES,53
2011-09-20,HOUSEHOLD,43
2011-09-21,FOODS,134
2011-09-21,HOBBIES,81
2011-09-21,HOUSEHOLD,27
2011-09-22,FOODS,170
2011-09-22,HOBBIES,73
2011-09-22,HOUSEHOLD,36
2011-09-23,FOODS,142
2011-09-23,HOBBIES,49
2011-09-23,HOUSEHOLD,40
2011-09-24,FOODS,160
2011-09-24,HOBBIES,52
2011-09-24,HOUSEHOLD,69
2011-09-25,FOODS,175
2011-09-25,HOBBIES,73
2011-09-25,HOUSEHOLD,54
2011-09-26,FOODS,120
2011-09-26,HOBBIES,51
2011-09-26,HOUSEHOLD,42
2011-09-27,FOODS,138
2011-09-27,HOBBIES,72
2011-09-27,HOUSEHOLD,39
2011-09-28,FOODS,114
2011-09-28,HOBBIES,60
2011-09-28,HOUSEHOLD,36
2011-09-29,FOODS,126
2011-09-29,HOBBIES,64
2011-09-29,HOUSEHOLD,28
2011-09-30,FOODS,155
2011-09-30,HOBBIES,70
2011-09-30,HOUSEHOLD,59
2011-10-01,FOODS,247
2011-10-01,HOBBIES,93
2011-10-01,HOUSEHOLD,72
2011-10-02,FOODS,180
2011-10-02,HOBBIES,92
2011-10-02,HOUSEHOLD,84
2011-10-03,FOODS,145
2011-10-03,HOBBIES,52
2011-10-03,HOUSEHOLD,47
2011-10-04,FOODS,160
2011-10-04,HOBBIES,70
2011-10-04,HOUSEHOLD,45
2011-10-05,FOODS,155
2011-10-05,HOBBIES,64
2011-10-05,HOUSEHOLD,44
2011-10-06,FOODS,142
2011-10-06,HOBBIES,70
2011-10-06,HOUSEHOLD,48
2011-10-07,FOODS,166
2011-10-07,HOBBIES,63
2011-10-07,HOUSEHOLD,41
2011-10-08,FOODS,232
2011-10-08,HOBBIES,82
2011-10-08,HOUSEHOLD,73
2011-10-09,FOODS,214
2011-10-09,HOBBIES,102
2011-10-09,HOUSEHOLD,98
2011-10-10,FOODS,116
2011-10-10,HOBBIES,63
2011-10-10,HOUSEHOLD,70
2011-10-11,FOODS,147
2011-10-11,HOBBIES,42
2011-10-11,HOUSEHOLD,54
2011-10-12,FOODS,162
2011-10-12,HOBBIES,42
2011-10-12,HOUSEHOLD,67
2011-10-13,FOODS,177
2011-10-13,HOBBIES,64
2011-10-13,HOUSEHOLD,56
2011-10-14,FOODS,211
2011-10-14,HOBBIES,52
2011-10-14,HOUSEHOLD,68
2011-10-15,FOODS,209
2011-10-15,HOBBIES,74
2011-10-15,HOUSEHOLD,71
2011-10-16,FOODS,183
2011-10-16,HOBBIES,93
2011-10-16,HOUSEHOLD,87
2011-10-17,FOODS,178
2011-10-17,HOBBIES,42
2011-10-17,HOUSEHOLD,85
2011-10-18,FOODS,132
2011-10-18,HOBBIES,62
2011-10-18,HOUSEHOLD,68
2011-10-19,FOODS,156
2011-10-19,HOBBIES,81
2011-10-19,HOUSEHOLD,63
2011-10-20,FOODS,117
2011-10-20,HOBBIES,33
2011-10-20,HOUSEHOLD,44
2011-10-21,FOODS,111
2011-10-21,HOBBIES,89
2011-10-21,HOUSEHOLD,57
2011-10-22,FOODS,159
2011-10-22,HOBBIES,76
2011-10-22,HOUSEHOLD,91
2011-10-23,FOODS,204
2011-10-23,HOBBIES,61
2011-10-23,HOUSEHOLD,97
2011-10-24,FOODS,157
2011-10-24,HOBBIES,56
2011-10-24,HOUSEHOLD,60
2011-10-25,FOODS,117
2011-10-25,HOBBIES,95
2011-10-25,HOUSEHOLD,62
2011-10-26,FOODS,107
2011-10-26,HOBBIES,61
2011-10-26,HOUSEHOLD,56
2011-10-27,FOODS,123
2011-10-27,HOBBIES,58
2011-10-27,HOUSEHOLD,57
2011-10-28,FOODS,145
2011-10-28,HOBBIES,54
2011-10-28,HOUSEHOLD,73
2011-10-29,FOODS,191
2011-10-29,HOBBIES,118
2011-10-29,HOUSEHOLD,79
2011-10-30,FOODS,181
2011-10-30,HOBBIES,89
2011-10-30,HOUSEHOLD,46
2011-10-31,FOODS,122
2011-10-31,HOBBIES,51
2011-10-31,HOUSEHOLD,42
2011-11-01,FOODS,121
2011-11-01,HOBBIES,84
2011-11-01,HOUSEHOLD,63
2011-11-02,FOODS,158
2011-11-02,HOBBIES,30
2011-11-02,HOUSEHOLD,42
2011-11-03,FOODS,219
2011-11-03,HOBBIES,45
2011-11-03,HOUSEHOLD,60
2011-11-04,FOODS,161
2011-11-04,HOBBIES,61
2011-11-04,HOUSEHOLD,43
2011-11-05,FOODS,187
2011-11-05,HOBBIES,80
2011-11-05,HOUSEHOLD,76
2011-11-06,FOODS,170
2011-11-06,HOBBIES,95
2011-11-06,HOUSEHOLD,65
2011-11-07,FOODS,151
2011-11-07,HOBBIES,49
2011-11-07,HOUSEHOLD,37
2011-11-08,FOODS,165
2011-11-08,HOBBIES,49
2011-11-08,HOUSEHOLD,45
2011-11-09,FOODS,125
2011-11-09,HOBBIES,48
2011-11-09,HOUSEHOLD,44
2011-11-10,FOODS,176
2011-11-10,HOBBIES,57
2011-11-10,HOUSEHOLD,50
2011-11-11,FOODS,183
2011-11-11,HOBBIES,76
2011-11-11,HOUSEHOLD,65
2011-11-12,FOODS,203
2011-11-12,HOBBIES,82
2011-11-12,HOUSEHOLD,49
2011-11-13,FOODS,178
2011-11-13,HOBBIES,48
2011-11-13,HOUSEHOLD,70
2011-11-14,FOODS,152
2011-11-14,HOBBIES,52
2011-11-14,HOUSEHOLD,58
2011-11-15,FOODS,161
2011-11-15,HOBBIES,59
2011-11-15,HOUSEHOLD,60
2011-11-16,FOODS,132
2011-11-16,HOBBIES,79
2011-11-16,HOUSEHOLD,46
2011-11-17,FOODS,139
2011-11-17,HOBBIES,59
2011-11-17,HOUSEHOLD,29
2011-11-18,FOODS,156
2011-11-18,HOBBIES,80
2011-11-18,HOUSEHOLD,66
2011-11-19,FOODS,193
2011-11-19,HOBBIES,98
2011-11-19,HOUSEHOLD,79
2011-11-20,FOODS,191
2011-11-20,HOBBIES,66
2011-11-20,HOUSEHOLD,76
2011-11-21,FOODS,164
2011-11-21,HOBBIES,84
2011-11-21,HOUSEHOLD,31
2011-11-22,FOODS,158
2011-11-22,HOBBIES,102
2011-11-22,HOUSEHOLD,44
2011-11-23,FOODS,181
2011-11-23,HOBBIES,53
2011-11-23,HOUSEHOLD,46
2011-11-24,FOODS,100
2011-11-24,HOBBIES,37
2011-11-24,HOUSEHOLD,30
2011-11-25,FOODS,170
2011-11-25,HOBBIES,109
2011-11-25,HOUSEHOLD,50
2011-11-26,FOODS,151
2011-11-26,HOBBIES,71
2011-11-26,HOUSEHOLD,44
2011-11-27,FOODS,211
2011-11-27,HOBBIES,80
2011-11-27,HOUSEHOLD,53
2011-11-28,FOODS,160
2011-11-28,HOBBIES,57
2011-11-28,HOUSEHOLD,41
2011-11-29,FOODS,122
2011-11-29,HOBBIES,92
2011-11-29,HOUSEHOLD,43
2011-11-30,FOODS,126
2011-11-30,HOBBIES,61
2011-11-30,HOUSEHOLD,38
2011-12-01,FOODS,209
2011-12-01,HOBBIES,42
2011-12-01,HOUSEHOLD,68
2011-12-02,FOODS,201
2011-12-02,HOBBIES,78
2011-12-02,HOUSEHOLD,54
2011-12-03,FOODS,286
2011-12-03,HOBBIES,85
2011-12-03,HOUSEHOLD,90
2011-12-04,FOODS,245
2011-12-04,HOBBIES,70
2011-12-04,HOUSEHOLD,66
2011-12-05,FOODS,218
2011-12-05,HOBBIES,40
2011-12-05,HOUSEHOLD,39
2011-12-06,FOODS,176
2011-12-06,HOBBIES,63
2011-12-06,HOUSEHOLD,32
2011-12-07,FOODS,199
2011-12-07,HOBBIES,66
2011-12-07,HOUSEHOLD,35
2011-12-08,FOODS,227
2011-12-08,HOBBIES,55
2011-12-08,HOUSEHOLD,39
2011-12-09,FOODS,221
2011-12-09,HOBBIES,57
2011-12-09,HOUSEHOLD,37
2011-12-10,FOODS,256
2011-12-10,HOBBIES,86
2011-12-10,HOUSEHOLD,45
2011-12-11,FOODS,251
2011-12-11,HOBBIES,89
2011-12-11,HOUSEHOLD,53
2011-12-12,FOODS,202
2011-12-12,HOBBIES,127
2011-12-12,HOUSEHOLD,30
2011-12-13,FOODS,214
2011-12-13,HOBBIES,37
2011-12-13,HOUSEHOLD,56
2011-12-14,FOODS,204
2011-12-14,HOBBIES,73
2011-12-14,HOUSEHOLD,30
2011-12-15,FOODS,265
2011-12-15,HOBBIES,51
2011-12-15,HOUSEHOLD,38
2011-12-16,FOODS,208
2011-12-16,HOBBIES,59
2011-12-16,HOUSEHOLD,45
2011-12-17,FOODS,279
2011-12-17,HOBBIES,78
2011-12-17,HOUSEHOLD,46
2011-12-18,FOODS,288
2011-12-18,HOBBIES,81
2011-12-18,HOUSEHOLD,76
2011-12-19,FOODS,286
2011-12-19,HOBBIES,62
2011-12-19,HOUSEHOLD,57
2011-12-20,FOODS,174
2011-12-20,HOBBIES,61
2011-12-20,HOUSEHOLD,52
2011-12-21,FOODS,201
2011-12-21,HOBBIES,43
2011-12-21,HOUSEHOLD,42
2011-12-22,FOODS,192
2011-12-22,HOBBIES,54
2011-12-22,HOUSEHOLD,51
2011-12-23,FOODS,288
2011-12-23,HOBBIES,59
2011-12-23,HOUSEHOLD,37
2011-12-24,FOODS,271
2011-12-24,HOBBIES,53
2011-12-24,HOUSEHOLD,39
2011-12-25,FOODS,0
2011-12-25,HOBBIES,0
2011-12-25,HOUSEHOLD,0
2011-12-26,FOODS,159
2011-12-26,HOBBIES,86
2011-12-26,HOUSEHOLD,54
2011-12-27,FOODS,177
2011-12-27,HOBBIES,70
2011-12-27,HOUSEHOLD,47
2011-12-28,FOODS,188
2011-12-28,HOBBIES,63
2011-12-28,HOUSEHOLD,47
2011-12-29,FOODS,158
2011-12-29,HOBBIES,67
2011-12-29,HOUSEHOLD,56
2011-12-30,FOODS,212
2011-12-30,HOBBIES,81
2011-12-30,HOUSEHOLD,57
2011-12-31,FOODS,197
2011-12-31,HOBBIES,34
2011-12-31,HOUSEHOLD,69
2012-01-01,FOODS,165
2012-01-01,HOBBIES,32
2012-01-01,HOUSEHOLD,46
2012-01-02,FOODS,131
2012-01-02,HOBBIES,99
2012-01-02,HOUSEHOLD,74
2012-01-03,FOODS,129
2012-01-03,HOBBIES,67
2012-01-03,HOUSEHOLD,46
2012-01-04,FOODS,168
2012-01-04,HOBBIES,42
2012-01-04,HOUSEHOLD,41
2012-01-05,FOODS,161
2012-01-05,HOBBIES,28
2012-01-05,HOUSEHOLD,59
2012-01-06,FOODS,191
2012-01-06,HOBBIES,52
2012-01-06,HOUSEHOLD,66
2012-01-07,FOODS,202
2012-01-07,HOBBIES,93
2012-01-07,HOUSEHOLD,78
2012-01-08,FOODS,223
2012-01-08,HOBBIES,63
2012-01-08,HOUSEHOLD,67
2012-01-09,FOODS,150
2012-01-09,HOBBIES,61
2012-01-09,HOUSEHOLD,47
2012-01-10,FOODS,149
2012-01-10,HOBBIES,62
2012-01-10,HOUSEHOLD,49
2012-01-11,FOODS,153
2012-01-11,HOBBIES,63
2012-01-11,HOUSEHOLD,54
2012-01-12,FOODS,142
2012-01-12,HOBBIES,49
2012-01-12,HOUSEHOLD,31
2012-01-13,FOODS,195
2012-01-13,HOBBIES,90
2012-01-13,HOUSEHOLD,57
2012-01-14,FOODS,163
2012-01-14,HOBBIES,91
2012-01-14,HOUSEHOLD,58
2012-01-15,FOODS,191
2012-01-15,HOBBIES,60
2012-01-15,HOUSEHOLD,72
2012-01-16,FOODS,167
2012-01-16,HOBBIES,66
2012-01-16,HOUSEHOLD,70
2012-01-17,FOODS,119
2012-01-17,HOBBIES,33
2012-01-17,HOUSEHOLD,47
2012-01-18,FOODS,150
2012-01-18,HOBBIES,74
2012-01-18,HOUSEHOLD,50
2012-01-19,FOODS,151
2012-01-19,HOBBIES,57
2012-01-19,HOUSEHOLD,47
2012-01-20,FOODS,179
2012-01-20,HOBBIES,43
2012-01-20,HOUSEHOLD,62
2012-01-21,FOODS,214
2012-01-21,HOBBIES,106
2012-01-21,HOUSEHOLD,73
2012-01-22,FOODS,220
2012-01-22,HOBBIES,75
2012-01-22,HOUSEHOLD,59
2012-01-23,FOODS,122
2012-01-23,HOBBIES,66
2012-01-23,HOUSEHOLD,48
2012-01-24,FOODS,150
2012-01-24,HOBBIES,34
2012-01-24,HOUSEHOLD,48
2012-01-25,FOODS,135
2012-01-25,HOBBIES,61
2012-01-25,HOUSEHOLD,47
2012-01-26,FOODS,130
2012-01-26,HOBBIES,40
2012-01-26,HOUSEHOLD,64
2012-01-27,FOODS,163
2012-01-27,HOBBIES,34
2012-01-27,HOUSEHOLD,58
2012-01-28,FOODS,155
2012-01-28,HOBBIES,84
2012-01-28,HOUSEHOLD,68
2012-01-29,FOODS,165
2012-01-29,HOBBIES,54
2012-01-29,HOUSEHOLD,59
2012-01-30,FOODS,111
2012-01-30,HOBBIES,51
2012-01-30,HOUSEHOLD,54
2012-01-31,FOODS,141
2012-01-31,HOBBIES,32
2012-01-31,HOUSEHOLD,36
2012-02-01,FOODS,117
2012-02-01,HOBBIES,59
2012-02-01,HOUSEHOLD,57
2012-02-02,FOODS,139
2012-02-02,HOBBIES,46
2012-02-02,HOUSEHOLD,45
2012-02-03,FOODS,181
2012-02-03,HOBBIES,75
2012-02-03,HOUSEHOLD,67
2012-02-04,FOODS,187
2012-02-04,HOBBIES,151
2012-02-04,HOUSEHOLD,95
2012-02-05,FOODS,183
2012-02-05,HOBBIES,75
2012-02-05,HOUSEHOLD,73
2012-02-06,FOODS,204
2012-02-06,HOBBIES,43
2012-02-06,HOUSEHOLD,43
2012-02-07,FOODS,169
2012-02-07,HOBBIES,78
2012-02-07,HOUSEHOLD,50
2012-02-08,FOODS,183
2012-02-08,HOBBIES,50
2012-02-08,HOUSEHOLD,49
2012-02-09,FOODS,189
2012-02-09,HOBBIES,34
2012-02-09,HOUSEHOLD,38
2012-02-10,FOODS,149
2012-02-10,HOBBIES,68
2012-02-10,HOUSEHOLD,49
2012-02-11,FOODS,196
2012-02-11,HOBBIES,63
2012-02-11,HOUSEHOLD,76
2012-02-12,FOODS,218
2012-02-12,HOBBIES,83
2012-02-12,HOUSEHOLD,71
2012-02-13,FOODS,194
2012-02-13,HOBBIES,37
2012-02-13,HOUSEHOLD,49
2012-02-14,FOODS,131
2012-02-14,HOBBIES,49
2012-02-14,HOUSEHOLD,53
2012-02-15,FOODS,147
2012-02-15,HOBBIES,61
2012-02-15,HOUSEHOLD,41
2012-02-16,FOODS,125
2012-02-16,HOBBIES,66
2012-02-16,HOUSEHOLD,50
2012-02-17,FOODS,146
2012-02-17,HOBBIES,78
2012-02-17,HOUSEHOLD,68
2012-02-18,FOODS,203
2012-02-18,HOBBIES,68
2012-02-18,HOUSEHOLD,117
2012-02-19,FOODS,236
2012-02-19,HOBBIES,102
2012-02-19,HOUSEHOLD,131
2012-02-20,FOODS,182
2012-02-20,HOBBIES,62
2012-02-20,HOUSEHOLD,104
2012-02-21,FOODS,106
2012-02-21,HOBBIES,33
2012-02-21,HOUSEHOLD,102
2012-02-22,FOODS,138
2012-02-22,HOBBIES,54
2012-02-22,HOUSEHOLD,98
2012-02-23,FOODS,125
2012-02-23,HOBBIES,86
2012-02-23,HOUSEHOLD,96
2012-02-24,FOODS,131
2012-02-24,HOBBIES,61
2012-02-24,HOUSEHOLD,70
2012-02-25,FOODS,181
2012-02-25,HOBBIES,41
2012-02-25,HOUSEHOLD,120
2012-02-26,FOODS,222
2012-02-26,HOBBIES,130
2012-02-26,HOUSEHOLD,175
2012-02-27,FOODS,173
2012-02-27,HOBBIES,48
2012-02-27,HOUSEHOLD,84
2012-02-28,FOODS,113
2012-02-28,HOBBIES,66
2012-02-28,HOUSEHOLD,69
2012-02-29,FOODS,146
2012-02-29,HOBBIES,59
2012-02-29,HOUSEHOLD,70
2012-03-01,FOODS,164
2012-03-01,HOBBIES,48
2012-03-01,HOUSEHOLD,49
2012-03-02,FOODS,217
2012-03-02,HOBBIES,94
2012-03-02,HOUSEHOLD,56
2012-03-03,FOODS,199
2012-03-03,HOBBIES,80
2012-03-03,HOUSEHOLD,87
2012-03-04,FOODS,268
2012-03-04,HOBBIES,93
2012-03-04,HOUSEHOLD,101
2012-03-05,FOODS,155
2012-03-05,HOBBIES,64
2012-03-05,HOUSEHOLD,112
2012-03-06,FOODS,177
2012-03-06,HOBBIES,108
2012-03-06,HOUSEHOLD,114
2012-03-07,FOODS,156
2012-03-07,HOBBIES,66
2012-03-07,HOUSEHOLD,64
2012-03-08,FOODS,159
2012-03-08,HOBBIES,54
2012-03-08,HOUSEHOLD,76
2012-03-09,FOODS,201
2012-03-09,HOBBIES,43
2012-03-09,HOUSEHOLD,88
2012-03-10,FOODS,205
2012-03-10,HOBBIES,101
2012-03-10,HOUSEHOLD,159
2012-03-11,FOODS,204
2012-03-11,HOBBIES,77
2012-03-11,HOUSEHOLD,151
2012-03-12,FOODS,160
2012-03-12,HOBBIES,37
2012-03-12,HOUSEHOLD,76
2012-03-13,FOODS,109
2012-03-13,HOBBIES,27
2012-03-13,HOUSEHOLD,140
2012-03-14,FOODS,102
2012-03-14,HOBBIES,32
2012-03-14,HOUSEHOLD,118
2012-03-15,FOODS,123
2012-03-15,HOBBIES,67
2012-03-15,HOUSEHOLD,102
2012-03-16,FOODS,123
2012-03-16,HOBBIES,64
2012-03-16,HOUSEHOLD,109
2012-03-17,FOODS,179
2012-03-17,HOBBIES,91
2012-03-17,HOUSEHOLD,111
2012-03-18,FOODS,219
2012-03-18,HOBBIES,75
2012-03-18,HOUSEHOLD,197
2012-03-19,FOODS,127
2012-03-19,HOBBIES,43
2012-03-19,HOUSEHOLD,137
2012-03-20,FOODS,126
2012-03-20,HOBBIES,47
2012-03-20,HOUSEHOLD,126
2012-03-21,FOODS,142
2012-03-21,HOBBIES,79
2012-03-21,HOUSEHOLD,80
2012-03-22,FOODS,147
2012-03-22,HOBBIES,52
2012-03-22,HOUSEHOLD,75
2012-03-23,FOODS,146
2012-03-23,HOBBIES,64
2012-03-23,HOUSEHOLD,86
2012-03-24,FOODS,259
2012-03-24,HOBBIES,85
2012-03-24,HOUSEHOLD,105
2012-03-25,FOODS,191
2012-03-25,HOBBIES,95
2012-03-25,HOUSEHOLD,103
2012-03-26,FOODS,154
2012-03-26,HOBBIES,46
2012-03-26,HOUSEHOLD,49
2012-03-27,FOODS,106
2012-03-27,HOBBIES,43
2012-03-27,HOUSEHOLD,53
2012-03-28,FOODS,129
2012-03-28,HOBBIES,56
2012-03-28,HOUSEHOLD,62
2012-03-29,FOODS,120
2012-03-29,HOBBIES,31
2012-03-29,HOUSEHOLD,53
2012-03-30,FOODS,312
2012-03-30,HOBBIES,88
2012-03-30,HOUSEHOLD,67
2012-03-31,FOODS,177
2012-03-31,HOBBIES,80
2012-03-31,HOUSEHOLD,56
2012-04-01,FOODS,154
2012-04-01,HOBBIES,73
2012-04-01,HOUSEHOLD,76
2012-04-02,FOODS,132
2012-04-02,HOBBIES,46
2012-04-02,HOUSEHOLD,57
2012-04-03,FOODS,159
2012-04-03,HOBBIES,44
2012-04-03,HOUSEHOLD,67
2012-04-04,FOODS,131
2012-04-04,HOBBIES,57
2012-04-04,HOUSEHOLD,72
2012-04-05,FOODS,164
2012-04-05,HOBBIES,66
2012-04-05,HOUSEHOLD,69
2012-04-06,FOODS,163
2012-04-06,HOBBIES,70
2012-04-06,HOUSEHOLD,102
2012-04-07,FOODS,179
2012-04-07,HOBBIES,71
2012-04-07,HOUSEHOLD,108
2012-04-08,FOODS,146
2012-04-08,HOBBIES,64
2012-04-08,HOUSEHOLD,121
2012-04-09,FOODS,152
2012-04-09,HOBBIES,51
2012-04-09,HOUSEHOLD,94
2012-04-10,FOODS,138
2012-04-10,HOBBIES,53
2012-04-10,HOUSEHOLD,101
2012-04-11,FOODS,130
2012-04-11,HOBBIES,61
2012-04-11,HOUSEHOLD,83
2012-04-12,FOODS,150
2012-04-12,HOBBIES,54
2012-04-12,HOUSEHOLD,54
2012-04-13,FOODS,154
2012-04-13,HOBBIES,59
2012-04-13,HOUSEHOLD,77
2012-04-14,FOODS,233
2012-04-14,HOBBIES,84
2012-04-14,HOUSEHOLD,79
2012-04-15,FOODS,171
2012-04-15,HOBBIES,116
2012-04-15,HOUSEHOLD,92
2012-04-16,FOODS,145
2012-04-16,HOBBIES,33
2012-04-16,HOUSEHOLD,56
2012-04-17,FOODS,153
2012-04-17,HOBBIES,32
2012-04-17,HOUSEHOLD,54
2012-04-18,FOODS,159
2012-04-18,HOBBIES,58
2012-04-18,HOUSEHOLD,53
2012-04-19,FOODS,130
2012-04-19,HOBBIES,60
2012-04-19,HOUSEHOLD,44
2012-04-20,FOODS,155
2012-04-20,HOBBIES,33
2012-04-20,HOUSEHOLD,110
2012-04-21,FOODS,220
2012-04-21,HOBBIES,86
2012-04-21,HOUSEHOLD,84
2012-04-22,FOODS,191
2012-04-22,HOBBIES,95
2012-04-22,HOUSEHOLD,96
2012-04-23,FOODS,158
2012-04-23,HOBBIES,60
2012-04-23,HOUSEHOLD,55
2012-04-24,FOODS,164
2012-04-24,HOBBIES,48
2012-04-24,HOUSEHOLD,73
2012-04-25,FOODS,134
2012-04-25,HOBBIES,47
2012-04-25,HOUSEHOLD,44
2012-04-26,FOODS,160
2012-04-26,HOBBIES,61
2012-04-26,HOUSEHOLD,51
2012-04-27,FOODS,169
2012-04-27,HOBBIES,41
2012-04-27,HOUSEHOLD,85
2012-04-28,FOODS,169
2012-04-28,HOBBIES,95
2012-04-28,HOUSEHOLD,106
2012-04-29,FOODS,257
2012-04-29,HOBBIES,76
2012-04-29,HOUSEHOLD,137
2012-04-30,FOODS,141
2012-04-30,HOBBIES,47
2012-04-30,HOUSEHOLD,75
2012-05-01,FOODS,199
2012-05-01,HOBBIES,65
2012-05-01,HOUSEHOLD,93
2012-05-02,FOODS,145
2012-05-02,HOBBIES,75
2012-05-02,HOUSEHOLD,48
2012-05-03,FOODS,167
2012-05-03,HOBBIES,83
2012-05-03,HOUSEHOLD,73
2012-05-04,FOODS,167
2012-05-04,HOBBIES,62
2012-05-04,HOUSEHOLD,57
2012-05-05,FOODS,157
2012-05-05,HOBBIES,61
2012-05-05,HOUSEHOLD,74
2012-05-06,FOODS,228
2012-05-06,HOBBIES,116
2012-05-06,HOUSEHOLD,81
2012-05-07,FOODS,223
2012-05-07,HOBBIES,83
2012-05-07,HOUSEHOLD,53
2012-05-08,FOODS,157
2012-05-08,HOBBIES,60
2012-05-08,HOUSEHOLD,43
2012-05-09,FOODS,153
2012-05-09,HOBBIES,57
2012-05-09,HOUSEHOLD,33
2012-05-10,FOODS,151
2012-05-10,HOBBIES,65
2012-05-10,HOUSEHOLD,43
2012-05-11,FOODS,201
2012-05-11,HOBBIES,63
2012-05-11,HOUSEHOLD,42
2012-05-12,FOODS,458
2012-05-12,HOBBIES,86
2012-05-12,HOUSEHOLD,49
2012-05-13,FOODS,188
2012-05-13,HOBBIES,84
2012-05-13,HOUSEHOLD,55
2012-05-14,FOODS,164
2012-05-14,HOBBIES,43
2012-05-14,HOUSEHOLD,60
2012-05-15,FOODS,163
2012-05-15,HOBBIES,70
2012-05-15,HOUSEHOLD,51
2012-05-16,FOODS,171
2012-05-16,HOBBIES,85
2012-05-16,HOUSEHOLD,75
2012-05-17,FOODS,158
2012-05-17,HOBBIES,35
2012-05-17,HOUSEHOLD,60
2012-05-18,FOODS,122
2012-05-18,HOBBIES,75
2012-05-18,HOUSEHOLD,53
2012-05-19,FOODS,232
2012-05-19,HOBBIES,94
2012-05-19,HOUSEHOLD,60
2012-05-20,FOODS,188
2012-05-20,HOBBIES,104
2012-05-20,HOUSEHOLD,74
2012-05-21,FOODS,162
2012-05-21,HOBBIES,45
2012-05-21,HOUSEHOLD,41
2012-05-22,FOODS,203
2012-05-22,HOBBIES,59
2012-05-22,HOUSEHOLD,50
2012-05-23,FOODS,169
2012-05-23,HOBBIES,64
2012-05-23,HOUSEHOLD,45
2012-05-24,FOODS,172
2012-05-24,HOBBIES,67
2012-05-24,HOUSEHOLD,43
2012-05-25,FOODS,397
2012-05-25,HOBBIES,46
2012-05-25,HOUSEHOLD,58
2012-05-26,FOODS,166
2012-05-26,HOBBIES,79
2012-05-26,HOUSEHOLD,78
2012-05-27,FOODS,175
2012-05-27,HOBBIES,77
2012-05-27,HOUSEHOLD,66
2012-05-28,FOODS,203
2012-05-28,HOBBIES,97
2012-05-28,HOUSEHOLD,90
2012-05-29,FOODS,109
2012-05-29,HOBBIES,46
2012-05-29,HOUSEHOLD,55
2012-05-30,FOODS,148
2012-05-30,HOBBIES,55
2012-05-30,HOUSEHOLD,52
2012-05-31,FOODS,124
2012-05-31,HOBBIES,50
2012-05-31,HOUSEHOLD,62
2012-06-01,FOODS,171
2012-06-01,HOBBIES,62
2012-06-01,HOUSEHOLD,95
2012-06-02,FOODS,211
2012-06-02,HOBBIES,74
2012-06-02,HOUSEHOLD,89
2012-06-03,FOODS,213
2012-06-03,HOBBIES,125
2012-06-03,HOUSEHOLD,81
2012-06-04,FOODS,149
2012-06-04,HOBBIES,74
2012-06-04,HOUSEHOLD,56
2012-06-05,FOODS,208
2012-06-05,HOBBIES,70
2012-06-05,HOUSEHOLD,69
2012-06-06,FOODS,177
2012-06-06,HOBBIES,65
2012-06-06,HOUSEHOLD,56
2012-06-07,FOODS,137
2012-06-07,HOBBIES,93
2012-06-07,HOUSEHOLD,45
2012-06-08,FOODS,176
2012-06-08,HOBBIES,104
2012-06-08,HOUSEHOLD,31
2012-06-09,FOODS,266
2012-06-09,HOBBIES,95
2012-06-09,HOUSEHOLD,63
2012-06-10,FOODS,189
2012-06-10,HOBBIES,80
2012-06-10,HOUSEHOLD,94
2012-06-11,FOODS,176
2012-06-11,HOBBIES,78
2012-06-11,HOUSEHOLD,50
2012-06-12,FOODS,169
2012-06-12,HOBBIES,87
2012-06-12,HOUSEHOLD,69
2012-06-13,FOODS,183
2012-06-13,HOBBIES,66
2012-06-13,HOUSEHOLD,63
2012-06-14,FOODS,170
2012-06-14,HOBBIES,55
2012-06-14,HOUSEHOLD,54
2012-06-15,FOODS,182
2012-06-15,HOBBIES,59
2012-06-15,HOUSEHOLD,100
2012-06-16,FOODS,187
2012-06-16,HOBBIES,55
2012-06-16,HOUSEHOLD,96
2012-06-17,FOODS,186
2012-06-17,HOBBIES,70
2012-06-17,HOUSEHOLD,99
2012-06-18,FOODS,189
2012-06-18,HOBBIES,45
2012-06-18,HOUSEHOLD,85
2012-06-19,FOODS,150
2012-06-19,HOBBIES,40
2012-06-19,HOUSEHOLD,47
2012-06-20,FOODS,138
2012-06-20,HOBBIES,82
2012-06-20,HOUSEHOLD,79
2012-06-21,FOODS,149
2012-06-21,HOBBIES,51
2012-06-21,HOUSEHOLD,71
2012-06-22,FOODS,804
2012-06-22,HOBBIES,84
2012-06-22,HOUSEHOLD,64
2012-06-23,FOODS,207
2012-06-23,HOBBIES,82
2012-06-23,HOUSEHOLD,72
2012-06-24,FOODS,183
2012-06-24,HOBBIES,49
2012-06-24,HOUSEHOLD,82
2012-06-25,FOODS,176
2012-06-25,HOBBIES,43
2012-06-25,HOUSEHOLD,75
2012-06-26,FOODS,152
2012-06-26,HOBBIES,67
2012-06-26,HOUSEHOLD,63
2012-06-27,FOODS,148
2012-06-27,HOBBIES,50
2012-06-27,HOUSEHOLD,49
2012-06-28,FOODS,143
2012-06-28,HOBBIES,47
2012-06-28,HOUSEHOLD,73
2012-06-29,FOODS,171
2012-06-29,HOBBIES,81
2012-06-29,HOUSEHOLD,76
2012-06-30,FOODS,182
2012-06-30,HOBBIES,87
2012-06-30,HOUSEHOLD,89
2012-07-01,FOODS,202
2012-07-01,HOBBIES,93
2012-07-01,HOUSEHOLD,87
2012-07-02,FOODS,162
2012-07-02,HOBBIES,77
2012-07-02,HOUSEHOLD,77
2012-07-03,FOODS,163
2012-07-03,HOBBIES,61
2012-07-03,HOUSEHOLD,70
2012-07-04,FOODS,147
2012-07-04,HOBBIES,81
2012-07-04,HOUSEHOLD,66
2012-07-05,FOODS,180
2012-07-05,HOBBIES,102
2012-07-05,HOUSEHOLD,94
2012-07-06,FOODS,185
2012-07-06,HOBBIES,77
2012-07-06,HOUSEHOLD,126
2012-07-07,FOODS,181
2012-07-07,HOBBIES,83
2012-07-07,HOUSEHOLD,103
2012-07-08,FOODS,180
2012-07-08,HOBBIES,107
2012-07-08,HOUSEHOLD,130
2012-07-09,FOODS,171
2012-07-09,HOBBIES,67
2012-07-09,HOUSEHOLD,80
2012-07-10,FOODS,116
2012-07-10,HOBBIES,47
2012-07-10,HOUSEHOLD,99
2012-07-11,FOODS,175
2012-07-11,HOBBIES,151
2012-07-11,HOUSEHOLD,66
2012-07-12,FOODS,124
2012-07-12,HOBBIES,64
2012-07-12,HOUSEHOLD,67
2012-07-13,FOODS,141
2012-07-13,HOBBIES,77
2012-07-13,HOUSEHOLD,94
2012-07-14,FOODS,215
2012-07-14,HOBBIES,79
2012-07-14,HOUSEHOLD,144
2012-07-15,FOODS,207
2012-07-15,HOBBIES,90
2012-07-15,HOUSEHOLD,103
2012-07-16,FOODS,126
2012-07-16,HOBBIES,56
2012-07-16,HOUSEHOLD,71
2012-07-17,FOODS,138
2012-07-17,HOBBIES,88
2012-07-17,HOUSEHOLD,93
2012-07-18,FOODS,169
2012-07-18,HOBBIES,43
2012-07-18,HOUSEHOLD,73
2012-07-19,FOODS,173
2012-07-19,HOBBIES,70
2012-07-19,HOUSEHOLD,76
2012-07-20,FOODS,162
2012-07-20,HOBBIES,74
2012-07-20,HOUSEHOLD,107
2012-07-21,FOODS,191
2012-07-21,HOBBIES,80
2012-07-21,HOUSEHOLD,84
2012-07-22,FOODS,128
2012-07-22,HOBBIES,69
2012-07-22,HOUSEHOLD,105
2012-07-23,FOODS,158
2012-07-23,HOBBIES,73
2012-07-23,HOUSEHOLD,59
2012-07-24,FOODS,173
2012-07-24,HOBBIES,57
2012-07-24,HOUSEHOLD,56
2012-07-25,FOODS,142
2012-07-25,HOBBIES,59
2012-07-25,HOUSEHOLD,49
2012-07-26,FOODS,134
2012-07-26,HOBBIES,59
2012-07-26,HOUSEHOLD,56
2012-07-27,FOODS,115
2012-07-27,HOBBIES,58
2012-07-27,HOUSEHOLD,48
2012-07-28,FOODS,183
2012-07-28,HOBBIES,86
2012-07-28,HOUSEHOLD,61
2012-07-29,FOODS,185
2012-07-29,HOBBIES,59
2012-07-29,HOUSEHOLD,102
2012-07-30,FOODS,118
2012-07-30,HOBBIES,43
2012-07-30,HOUSEHOLD,58
2012-07-31,FOODS,139
2012-07-31,HOBBIES,68
2012-07-31,HOUSEHOLD,64
2012-08-01,FOODS,156
2012-08-01,HOBBIES,61
2012-08-01,HOUSEHOLD,60
2012-08-02,FOODS,153
2012-08-02,HOBBIES,64
2012-08-02,HOUSEHOLD,82
2012-08-03,FOODS,162
2012-08-03,HOBBIES,74
2012-08-03,HOUSEHOLD,59
2012-08-04,FOODS,208
2012-08-04,HOBBIES,83
2012-08-04,HOUSEHOLD,91
2012-08-05,FOODS,169
2012-08-05,HOBBIES,95
2012-08-05,HOUSEHOLD,93
2012-08-06,FOODS,172
2012-08-06,HOBBIES,79
2012-08-06,HOUSEHOLD,90
2012-08-07,FOODS,158
2012-08-07,HOBBIES,53
2012-08-07,HOUSEHOLD,73
2012-08-08,FOODS,172
2012-08-08,HOBBIES,49
2012-08-08,HOUSEHOLD,63
2012-08-09,FOODS,179
2012-08-09,HOBBIES,71
2012-08-09,HOUSEHOLD,64
2012-08-10,FOODS,198
2012-08-10,HOBBIES,62
2012-08-10,HOUSEHOLD,93
2012-08-11,FOODS,245
2012-08-11,HOBBIES,105
2012-08-11,HOUSEHOLD,104
2012-08-12,FOODS,208
2012-08-12,HOBBIES,132
2012-08-12,HOUSEHOLD,146
2012-08-13,FOODS,171
2012-08-13,HOBBIES,55
2012-08-13,HOUSEHOLD,115
2012-08-14,FOODS,163
2012-08-14,HOBBIES,61
2012-08-14,HOUSEHOLD,126
2012-08-15,FOODS,184
2012-08-15,HOBBIES,42
2012-08-15,HOUSEHOLD,114
2012-08-16,FOODS,172
2012-08-16,HOBBIES,56
2012-08-16,HOUSEHOLD,100
2012-08-17,FOODS,188
2012-08-17,HOBBIES,76
2012-08-17,HOUSEHOLD,114
2012-08-18,FOODS,471
2012-08-18,HOBBIES,84
2012-08-18,HOUSEHOLD,152
2012-08-19,FOODS,194
2012-08-19,HOBBIES,91
2012-08-19,HOUSEHOLD,136
2012-08-20,FOODS,157
2012-08-20,HOBBIES,58
2012-08-20,HOUSEHOLD,75
2012-08-21,FOODS,186
2012-08-21,HOBBIES,60
2012-08-21,HOUSEHOLD,113
2012-08-22,FOODS,151
2012-08-22,HOBBIES,63
2012-08-22,HOUSEHOLD,89
2012-08-23,FOODS,186
2012-08-23,HOBBIES,59
2012-08-23,HOUSEHOLD,133
2012-08-24,FOODS,166
2012-08-24,HOBBIES,62
2012-08-24,HOUSEHOLD,106
2012-08-25,FOODS,231
2012-08-25,HOBBIES,56
2012-08-25,HOUSEHOLD,160
2012-08-26,FOODS,172
2012-08-26,HOBBIES,91
2012-08-26,HOUSEHOLD,66
2012-08-27,FOODS,115
2012-08-27,HOBBIES,76
2012-08-27,HOUSEHOLD,59
2012-08-28,FOODS,141
2012-08-28,HOBBIES,82
2012-08-28,HOUSEHOLD,44
2012-08-29,FOODS,161
2012-08-29,HOBBIES,76
2012-08-29,HOUSEHOLD,44
2012-08-30,FOODS,186
2012-08-30,HOBBIES,73
2012-08-30,HOUSEHOLD,56
2012-08-31,FOODS,171
2012-08-31,HOBBIES,102
2012-08-31,HOUSEHOLD,67
2012-09-01,FOODS,604
2012-09-01,HOBBIES,99
2012-09-01,HOUSEHOLD,89
2012-09-02,FOODS,195
2012-09-02,HOBBIES,56
2012-09-02,HOUSEHOLD,152
2012-09-03,FOODS,193
2012-09-03,HOBBIES,147
2012-09-03,HOUSEHOLD,136
2012-09-04,FOODS,111
2012-09-04,HOBBIES,72
2012-09-04,HOUSEHOLD,109
2012-09-05,FOODS,135
2012-09-05,HOBBIES,87
2012-09-05,HOUSEHOLD,120
2012-09-06,FOODS,142
2012-09-06,HOBBIES,70
2012-09-06,HOUSEHOLD,125
2012-09-07,FOODS,154
2012-09-07,HOBBIES,83
2012-09-07,HOUSEHOLD,138
2012-09-08,FOODS,214
2012-09-08,HOBBIES,98
2012-09-08,HOUSEHOLD,150
2012-09-09,FOODS,181
2012-09-09,HOBBIES,111
2012-09-09,HOUSEHOLD,154
2012-09-10,FOODS,171
2012-09-10,HOBBIES,61
2012-09-10,HOUSEHOLD,95
2012-09-11,FOODS,115
2012-09-11,HOBBIES,67
2012-09-11,HOUSEHOLD,117
2012-09-12,FOODS,113
2012-09-12,HOBBIES,70
2012-09-12,HOUSEHOLD,86
2012-09-13,FOODS,146
2012-09-13,HOBBIES,124
2012-09-13,HOUSEHOLD,103
2012-09-14,FOODS,162
2012-09-14,HOBBIES,95
2012-09-14,HOUSEHOLD,131
2012-09-15,FOODS,193
2012-09-15,HOBBIES,96
2012-09-15,HOUSEHOLD,124
2012-09-16,FOODS,180
2012-09-16,HOBBIES,102
2012-09-16,HOUSEHOLD,164
2012-09-17,FOODS,177
2012-09-17,HOBBIES,67
2012-09-17,HOUSEHOLD,109
2012-09-18,FOODS,179
2012-09-18,HOBBIES,84
2012-09-18,HOUSEHOLD,70
2012-09-19,FOODS,138
2012-09-19,HOBBIES,59
2012-09-19,HOUSEHOLD,56
2012-09-20,FOODS,120
2012-09-20,HOBBIES,52
2012-09-20,HOUSEHOLD,86
2012-09-21,FOODS,154
2012-09-21,HOBBIES,47
2012-09-21,HOUSEHOLD,112
2012-09-22,FOODS,203
2012-09-22,HOBBIES,117
2012-09-22,HOUSEHOLD,125
2012-09-23,FOODS,197
2012-09-23,HOBBIES,76
2012-09-23,HOUSEHOLD,113
2012-09-24,FOODS,135
2012-09-24,HOBBIES,65
2012-09-24,HOUSEHOLD,100
2012-09-25,FOODS,148
2012-09-25,HOBBIES,45
2012-09-25,HOUSEHOLD,60
2012-09-26,FOODS,134
2012-09-26,HOBBIES,45
2012-09-26,HOUSEHOLD,72
2012-09-27,FOODS,135
2012-09-27,HOBBIES,96
2012-09-27,HOUSEHOLD,78
2012-09-28,FOODS,148
2012-09-28,HOBBIES,64
2012-09-28,HOUSEHOLD,57
2012-09-29,FOODS,204
2012-09-29,HOBBIES,104
2012-09-29,HOUSEHOLD,146
2012-09-30,FOODS,199
2012-09-30,HOBBIES,95
2012-09-30,HOUSEHOLD,129
2012-10-01,FOODS,172
2012-10-01,HOBBIES,94
2012-10-01,HOUSEHOLD,81
2012-10-02,FOODS,130
2012-10-02,HOBBIES,42
2012-10-02,HOUSEHOLD,63
2012-10-03,FOODS,163
2012-10-03,HOBBIES,69
2012-10-03,HOUSEHOLD,54
2012-10-04,FOODS,181
2012-10-04,HOBBIES,68
2012-10-04,HOUSEHOLD,65
2012-10-05,FOODS,174
2012-10-05,HOBBIES,72
2012-10-05,HOUSEHOLD,78
2012-10-06,FOODS,169
2012-10-06,HOBBIES,93
2012-10-06,HOUSEHOLD,104
2012-10-07,FOODS,189
2012-10-07,HOBBIES,60
2012-10-07,HOUSEHOLD,110
2012-10-08,FOODS,145
2012-10-08,HOBBIES,54
2012-10-08,HOUSEHOLD,107
2012-10-09,FOODS,129
2012-10-09,HOBBIES,82
2012-10-09,HOUSEHOLD,78
2012-10-10,FOODS,101
2012-10-10,HOBBIES,48
2012-10-10,HOUSEHOLD,81
2012-10-11,FOODS,96
2012-10-11,HOBBIES,77
2012-10-11,HOUSEHOLD,49
2012-10-12,FOODS,129
2012-10-12,HOBBIES,74
2012-10-12,HOUSEHOLD,76
2012-10-13,FOODS,152
2012-10-13,HOBBIES,98
2012-10-13,HOUSEHOLD,107
2012-10-14,FOODS,137
2012-10-14,HOBBIES,79
2012-10-14,HOUSEHOLD,95
2012-10-15,FOODS,111
2012-10-15,HOBBIES,66
2012-10-15,HOUSEHOLD,57
2012-10-16,FOODS,108
2012-10-16,HOBBIES,49
2012-10-16,HOUSEHOLD,54
2012-10-17,FOODS,120
2012-10-17,HOBBIES,66
2012-10-17,HOUSEHOLD,54
2012-10-18,FOODS,82
2012-10-18,HOBBIES,58
2012-10-18,HOUSEHOLD,59
2012-10-19,FOODS,153
2012-10-19,HOBBIES,60
2012-10-19,HOUSEHOLD,80
2012-10-20,FOODS,149
2012-10-20,HOBBIES,84
2012-10-20,HOUSEHOLD,84
2012-10-21,FOODS,141
2012-10-21,HOBBIES,92
2012-10-21,HOUSEHOLD,92
2012-10-22,FOODS,134
2012-10-22,HOBBIES,53
2012-10-22,HOUSEHOLD,63
2012-10-23,FOODS,90
2012-10-23,HOBBIES,58
2012-10-23,HOUSEHOLD,69
2012-10-24,FOODS,113
2012-10-24,HOBBIES,78
2012-10-24,HOUSEHOLD,48
2012-10-25,FOODS,92
2012-10-25,HOBBIES,57
2012-10-25,HOUSEHOLD,46
2012-10-26,FOODS,149
2012-10-26,HOBBIES,74
2012-10-26,HOUSEHOLD,51
2012-10-27,FOODS,135
2012-10-27,HOBBIES,72
2012-10-27,HOUSEHOLD,96
2012-10-28,FOODS,151
2012-10-28,HOBBIES,93
2012-10-28,HOUSEHOLD,86
2012-10-29,FOODS,129
2012-10-29,HOBBIES,103
2012-10-29,HOUSEHOLD,35
2012-10-30,FOODS,140
2012-10-30,HOBBIES,59
2012-10-30,HOUSEHOLD,61
2012-10-31,FOODS,135
2012-10-31,HOBBIES,47
2012-10-31,HOUSEHOLD,47
2012-11-01,FOODS,132
2012-11-01,HOBBIES,60
2012-11-01,HOUSEHOLD,77
2012-11-02,FOODS,142
2012-11-02,HOBBIES,120
2012-11-02,HOUSEHOLD,70
2012-11-03,FOODS,169
2012-11-03,HOBBIES,103
2012-11-03,HOUSEHOLD,95
2012-11-04,FOODS,179
2012-11-04,HOBBIES,101
2012-11-04,HOUSEHOLD,82
2012-11-05,FOODS,146
2012-11-05,HOBBIES,61
2012-11-05,HOUSEHOLD,58
2012-11-06,FOODS,136
2012-11-06,HOBBIES,60
2012-11-06,HOUSEHOLD,57
2012-11-07,FOODS,133
2012-11-07,HOBBIES,102
2012-11-07,HOUSEHOLD,41
2012-11-08,FOODS,141
2012-11-08,HOBBIES,68
2012-11-08,HOUSEHOLD,55
2012-11-09,FOODS,168
2012-11-09,HOBBIES,46
2012-11-09,HOUSEHOLD,57
2012-11-10,FOODS,201
2012-11-10,HOBBIES,76
2012-11-10,HOUSEHOLD,93
2012-11-11,FOODS,197
2012-11-11,HOBBIES,96
2012-11-11,HOUSEHOLD,72
2012-11-12,FOODS,125
2012-11-12,HOBBIES,58
2012-11-12,HOUSEHOLD,69
2012-11-13,FOODS,108
2012-11-13,HOBBIES,104
2012-11-13,HOUSEHOLD,46
2012-11-14,FOODS,116
2012-11-14,HOBBIES,49
2012-11-14,HOUSEHOLD,41
2012-11-15,FOODS,150
2012-11-15,HOBBIES,56
2012-11-15,HOUSEHOLD,52
2012-11-16,FOODS,147
2012-11-16,HOBBIES,62
2012-11-16,HOUSEHOLD,58
2012-11-17,FOODS,301
2012-11-17,HOBBIES,119
2012-11-17,HOUSEHOLD,105
2012-11-18,FOODS,175
2012-11-18,HOBBIES,69
2012-11-18,HOUSEHOLD,85
2012-11-19,FOODS,97
2012-11-19,HOBBIES,51
2012-11-19,HOUSEHOLD,46
2012-11-20,FOODS,170
2012-11-20,HOBBIES,47
2012-11-20,HOUSEHOLD,44
2012-11-21,FOODS,182
2012-11-21,HOBBIES,77
2012-11-21,HOUSEHOLD,66
2012-11-22,FOODS,82
2012-11-22,HOBBIES,34
2012-11-22,HOUSEHOLD,37
2012-11-23,FOODS,128
2012-11-23,HOBBIES,54
2012-11-23,HOUSEHOLD,53
2012-11-24,FOODS,151
2012-11-24,HOBBIES,50
2012-11-24,HOUSEHOLD,77
2012-11-25,FOODS,168
2012-11-25,HOBBIES,84
2012-11-25,HOUSEHOLD,60
2012-11-26,FOODS,103
2012-11-26,HOBBIES,38
2012-11-26,HOUSEHOLD,61
2012-11-27,FOODS,121
2012-11-27,HOBBIES,48
2012-11-27,HOUSEHOLD,41
2012-11-28,FOODS,108
2012-11-28,HOBBIES,44
2012-11-28,HOUSEHOLD,37
2012-11-29,FOODS,131
2012-11-29,HOBBIES,48
2012-11-29,HOUSEHOLD,32
2012-11-30,FOODS,140
2012-11-30,HOBBIES,55
2012-11-30,HOUSEHOLD,65
2012-12-01,FOODS,189
2012-12-01,HOBBIES,81
2012-12-01,HOUSEHOLD,63
2012-12-02,FOODS,171
2012-12-02,HOBBIES,58
2012-12-02,HOUSEHOLD,64
2012-12-03,FOODS,183
2012-12-03,HOBBIES,69
2012-12-03,HOUSEHOLD,62
2012-12-04,FOODS,142
2012-12-04,HOBBIES,80
2012-12-04,HOUSEHOLD,51
2012-12-05,FOODS,147
2012-12-05,HOBBIES,66
2012-12-05,HOUSEHOLD,48
2012-12-06,FOODS,155
2012-12-06,HOBBIES,99
2012-12-06,HOUSEHOLD,45
2012-12-07,FOODS,191
2012-12-07,HOBBIES,64
2012-12-07,HOUSEHOLD,72
2012-12-08,FOODS,183
2012-12-08,HOBBIES,114
2012-12-08,HOUSEHOLD,69
2012-12-09,FOODS,191
2012-12-09,HOBBIES,48
2012-12-09,HOUSEHOLD,58
2012-12-10,FOODS,126
2012-12-10,HOBBIES,76
2012-12-10,HOUSEHOLD,56
2012-12-11,FOODS,120
2012-12-11,HOBBIES,39
2012-12-11,HOUSEHOLD,47
2012-12-12,FOODS,170
2012-12-12,HOBBIES,66
2012-12-12,HOUSEHOLD,35
2012-12-13,FOODS,162
2012-12-13,HOBBIES,60
2012-12-13,HOUSEHOLD,35
2012-12-14,FOODS,196
2012-12-14,HOBBIES,62
2012-12-14,HOUSEHOLD,34
2012-12-15,FOODS,214
2012-12-15,HOBBIES,83
2012-12-15,HOUSEHOLD,77
2012-12-16,FOODS,186
2012-12-16,HOBBIES,71
2012-12-16,HOUSEHOLD,72
2012-12-17,FOODS,130
2012-12-17,HOBBIES,79
2012-12-17,HOUSEHOLD,56
2012-12-18,FOODS,211
2012-12-18,HOBBIES,73
2012-12-18,HOUSEHOLD,45
2012-12-19,FOODS,169
2012-12-19,HOBBIES,80
2012-12-19,HOUSEHOLD,73
2012-12-20,FOODS,186
2012-12-20,HOBBIES,67
2012-12-20,HOUSEHOLD,61
2012-12-21,FOODS,160
2012-12-21,HOBBIES,89
2012-12-21,HOUSEHOLD,70
2012-12-22,FOODS,205
2012-12-22,HOBBIES,88
2012-12-22,HOUSEHOLD,68
2012-12-23,FOODS,197
2012-12-23,HOBBIES,96
2012-12-23,HOUSEHOLD,72
2012-12-24,FOODS,141
2012-12-24,HOBBIES,65
2012-12-24,HOUSEHOLD,49
2012-12-25,FOODS,0
2012-12-25,HOBBIES,0
2012-12-25,HOUSEHOLD,0
2012-12-26,FOODS,128
2012-12-26,HOBBIES,50
2012-12-26,HOUSEHOLD,96
2012-12-27,FOODS,128
2012-12-27,HOBBIES,72
2012-12-27,HOUSEHOLD,81
2012-12-28,FOODS,152
2012-12-28,HOBBIES,65
2012-12-28,HOUSEHOLD,103
2012-12-29,FOODS,161
2012-12-29,HOBBIES,109
2012-12-29,HOUSEHOLD,133
2012-12-30,FOODS,182
2012-12-30,HOBBIES,63
2012-12-30,HOUSEHOLD,148
2012-12-31,FOODS,174
2012-12-31,HOBBIES,49
2012-12-31,HOUSEHOLD,102
2013-01-01,FOODS,103
2013-01-01,HOBBIES,54
2013-01-01,HOUSEHOLD,88
2013-01-02,FOODS,166
2013-01-02,HOBBIES,84
2013-01-02,HOUSEHOLD,90
2013-01-03,FOODS,184
2013-01-03,HOBBIES,50
2013-01-03,HOUSEHOLD,82
2013-01-04,FOODS,196
2013-01-04,HOBBIES,46
2013-01-04,HOUSEHOLD,97
2013-01-05,FOODS,256
2013-01-05,HOBBIES,96
2013-01-05,HOUSEHOLD,102
2013-01-06,FOODS,220
2013-01-06,HOBBIES,97
2013-01-06,HOUSEHOLD,108
2013-01-07,FOODS,188
2013-01-07,HOBBIES,60
2013-01-07,HOUSEHOLD,90
2013-01-08,FOODS,165
2013-01-08,HOBBIES,33
2013-01-08,HOUSEHOLD,68
2013-01-09,FOODS,170
2013-01-09,HOBBIES,80
2013-01-09,HOUSEHOLD,72
2013-01-10,FOODS,170
2013-01-10,HOBBIES,63
2013-01-10,HOUSEHOLD,97
2013-01-11,FOODS,200
2013-01-11,HOBBIES,87
2013-01-11,HOUSEHOLD,102
2013-01-12,FOODS,248
2013-01-12,HOBBIES,85
2013-01-12,HOUSEHOLD,136
2013-01-13,FOODS,230
2013-01-13,HOBBIES,87
2013-01-13,HOUSEHOLD,157
2013-01-14,FOODS,156
2013-01-14,HOBBIES,58
2013-01-14,HOUSEHOLD,100
2013-01-15,FOODS,188
2013-01-15,HOBBIES,57
2013-01-15,HOUSEHOLD,65
2013-01-16,FOODS,120
2013-01-16,HOBBIES,64
2013-01-16,HOUSEHOLD,93
2013-01-17,FOODS,117
2013-01-17,HOBBIES,68
2013-01-17,HOUSEHOLD,85
2013-01-18,FOODS,166
2013-01-18,HOBBIES,47
2013-01-18,HOUSEHOLD,148
2013-01-19,FOODS,213
2013-01-19,HOBBIES,73
2013-01-19,HOUSEHOLD,144
2013-01-20,FOODS,200
2013-01-20,HOBBIES,116
2013-01-20,HOUSEHOLD,157
2013-01-21,FOODS,163
2013-01-21,HOBBIES,89
2013-01-21,HOUSEHOLD,111
2013-01-22,FOODS,149
2013-01-22,HOBBIES,82
2013-01-22,HOUSEHOLD,60
2013-01-23,FOODS,173
2013-01-23,HOBBIES,65
2013-01-23,HOUSEHOLD,67
2013-01-24,FOODS,174
2013-01-24,HOBBIES,59
2013-01-24,HOUSEHOLD,108
2013-01-25,FOODS,190
2013-01-25,HOBBIES,58
2013-01-25,HOUSEHOLD,91
2013-01-26,FOODS,199
2013-01-26,HOBBIES,104
2013-01-26,HOUSEHOLD,133
2013-01-27,FOODS,157
2013-01-27,HOBBIES,100
2013-01-27,HOUSEHOLD,115
2013-01-28,FOODS,169
2013-01-28,HOBBIES,86
2013-01-28,HOUSEHOLD,84
2013-01-29,FOODS,129
2013-01-29,HOBBIES,91
2013-01-29,HOUSEHOLD,88
2013-01-30,FOODS,113
2013-01-30,HOBBIES,62
2013-01-30,HOUSEHOLD,56
2013-01-31,FOODS,170
2013-01-31,HOBBIES,70
2013-01-31,HOUSEHOLD,77
2013-02-01,FOODS,212
2013-02-01,HOBBIES,64
2013-02-01,HOUSEHOLD,117
2013-02-02,FOODS,261
2013-02-02,HOBBIES,108
2013-02-02,HOUSEHOLD,150
2013-02-03,FOODS,206
2013-02-03,HOBBIES,62
2013-02-03,HOUSEHOLD,77
2013-02-04,FOODS,148
2013-02-04,HOBBIES,50
2013-02-04,HOUSEHOLD,72
2013-02-05,FOODS,192
2013-02-05,HOBBIES,72
2013-02-05,HOUSEHOLD,79
2013-02-06,FOODS,142
2013-02-06,HOBBIES,72
2013-02-06,HOUSEHOLD,81
2013-02-07,FOODS,149
2013-02-07,HOBBIES,71
2013-02-07,HOUSEHOLD,76
2013-02-08,FOODS,196
2013-02-08,HOBBIES,57
2013-02-08,HOUSEHOLD,76
2013-02-09,FOODS,254
2013-02-09,HOBBIES,118
2013-02-09,HOUSEHOLD,130
2013-02-10,FOODS,201
2013-02-10,HOBBIES,114
2013-02-10,HOUSEHOLD,192
2013-02-11,FOODS,147
2013-02-11,HOBBIES,53
2013-02-11,HOUSEHOLD,99
2013-02-12,FOODS,158
2013-02-12,HOBBIES,52
2013-02-12,HOUSEHOLD,105
2013-02-13,FOODS,238
2013-02-13,HOBBIES,62
2013-02-13,HOUSEHOLD,112
2013-02-14,FOODS,153
2013-02-14,HOBBIES,39
2013-02-14,HOUSEHOLD,95
2013-02-15,FOODS,235
2013-02-15,HOBBIES,77
2013-02-15,HOUSEHOLD,128
2013-02-16,FOODS,200
2013-02-16,HOBBIES,74
2013-02-16,HOUSEHOLD,181
2013-02-17,FOODS,182
2013-02-17,HOBBIES,83
2013-02-17,HOUSEHOLD,151
2013-02-18,FOODS,181
2013-02-18,HOBBIES,43
2013-02-18,HOUSEHOLD,107
2013-02-19,FOODS,142
2013-02-19,HOBBIES,78
2013-02-19,HOUSEHOLD,53
2013-02-20,FOODS,201
2013-02-20,HOBBIES,51
2013-02-20,HOUSEHOLD,85
2013-02-21,FOODS,155
2013-02-21,HOBBIES,92
2013-02-21,HOUSEHOLD,165
2013-02-22,FOODS,178
2013-02-22,HOBBIES,66
2013-02-22,HOUSEHOLD,143
2013-02-23,FOODS,248
2013-02-23,HOBBIES,115
2013-02-23,HOUSEHOLD,190
2013-02-24,FOODS,236
2013-02-24,HOBBIES,101
2013-02-24,HOUSEHOLD,241
2013-02-25,FOODS,178
2013-02-25,HOBBIES,46
2013-02-25,HOUSEHOLD,198
2013-02-26,FOODS,146
2013-02-26,HOBBIES,65
2013-02-26,HOUSEHOLD,132
2013-02-27,FOODS,174
2013-02-27,HOBBIES,66
2013-02-27,HOUSEHOLD,161
2013-02-28,FOODS,160
2013-02-28,HOBBIES,57
2013-02-28,HOUSEHOLD,138
2013-03-01,FOODS,233
2013-03-01,HOBBIES,56
2013-03-01,HOUSEHOLD,168
2013-03-02,FOODS,249
2013-03-02,HOBBIES,98
2013-03-02,HOUSEHOLD,185
2013-03-03,FOODS,245
2013-03-03,HOBBIES,107
2013-03-03,HOUSEHOLD,132
2013-03-04,FOODS,187
2013-03-04,HOBBIES,43
2013-03-04,HOUSEHOLD,116
2013-03-05,FOODS,165
2013-03-05,HOBBIES,70
2013-03-05,HOUSEHOLD,81
2013-03-06,FOODS,190
2013-03-06,HOBBIES,56
2013-03-06,HOUSEHOLD,80
2013-03-07,FOODS,200
2013-03-07,HOBBIES,26
2013-03-07,HOUSEHOLD,72
2013-03-08,FOODS,214
2013-03-08,HOBBIES,50
2013-03-08,HOUSEHOLD,112
2013-03-09,FOODS,243
2013-03-09,HOBBIES,53
2013-03-09,HOUSEHOLD,131
2013-03-10,FOODS,241
2013-03-10,HOBBIES,67
2013-03-10,HOUSEHOLD,167
2013-03-11,FOODS,182
2013-03-11,HOBBIES,51
2013-03-11,HOUSEHOLD,99
2013-03-12,FOODS,227
2013-03-12,HOBBIES,37
2013-03-12,HOUSEHOLD,82
2013-03-13,FOODS,170
2013-03-13,HOBBIES,36
2013-03-13,HOUSEHOLD,84
2013-03-14,FOODS,194
2013-03-14,HOBBIES,60
2013-03-14,HOUSEHOLD,104
2013-03-15,FOODS,237
2013-03-15,HOBBIES,75
2013-03-15,HOUSEHOLD,111
2013-03-16,FOODS,310
2013-03-16,HOBBIES,74
2013-03-16,HOUSEHOLD,134
2013-03-17,FOODS,236
2013-03-17,HOBBIES,99
2013-03-17,HOUSEHOLD,158
2013-03-18,FOODS,180
2013-03-18,HOBBIES,44
2013-03-18,HOUSEHOLD,81
2013-03-19,FOODS,187
2013-03-19,HOBBIES,38
2013-03-19,HOUSEHOLD,85
2013-03-20,FOODS,166
2013-03-20,HOBBIES,89
2013-03-20,HOUSEHOLD,82
2013-03-21,FOODS,180
2013-03-21,HOBBIES,57
2013-03-21,HOUSEHOLD,92
2013-03-22,FOODS,238
2013-03-22,HOBBIES,72
2013-03-22,HOUSEHOLD,119
2013-03-23,FOODS,239
2013-03-23,HOBBIES,74
2013-03-23,HOUSEHOLD,142
2013-03-24,FOODS,246
2013-03-24,HOBBIES,62
2013-03-24,HOUSEHOLD,152
2013-03-25,FOODS,214
2013-03-25,HOBBIES,41
2013-03-25,HOUSEHOLD,131
2013-03-26,FOODS,177
2013-03-26,HOBBIES,52
2013-03-26,HOUSEHOLD,127
2013-03-27,FOODS,169
2013-03-27,HOBBIES,39
2013-03-27,HOUSEHOLD,119
2013-03-28,FOODS,191
2013-03-28,HOBBIES,74
2013-03-28,HOUSEHOLD,120
2013-03-29,FOODS,231
2013-03-29,HOBBIES,67
2013-03-29,HOUSEHOLD,116
2013-03-30,FOODS,281
2013-03-30,HOBBIES,77
2013-03-30,HOUSEHOLD,138
2013-03-31,FOODS,217
2013-03-31,HOBBIES,37
2013-03-31,HOUSEHOLD,95
2013-04-01,FOODS,186
2013-04-01,HOBBIES,56
2013-04-01,HOUSEHOLD,98
2013-04-02,FOODS,207
2013-04-02,HOBBIES,63
2013-04-02,HOUSEHOLD,103
2013-04-03,FOODS,170
2013-04-03,HOBBIES,116
2013-04-03,HOUSEHOLD,107
2013-04-04,FOODS,210
2013-04-04,HOBBIES,61
2013-04-04,HOUSEHOLD,120
2013-04-05,FOODS,221
2013-04-05,HOBBIES,72
2013-04-05,HOUSEHOLD,151
2013-04-06,FOODS,217
2013-04-06,HOBBIES,66
2013-04-06,HOUSEHOLD,198
2013-04-07,FOODS,248
2013-04-07,HOBBIES,131
2013-04-07,HOUSEHOLD,192
2013-04-08,FOODS,216
2013-04-08,HOBBIES,53
2013-04-08,HOUSEHOLD,121
2013-04-09,FOODS,245
2013-04-09,HOBBIES,62
2013-04-09,HOUSEHOLD,126
2013-04-10,FOODS,179
2013-04-10,HOBBIES,49
2013-04-10,HOUSEHOLD,155
2013-04-11,FOODS,217
2013-04-11,HOBBIES,61
2013-04-11,HOUSEHOLD,122
2013-04-12,FOODS,283
2013-04-12,HOBBIES,38
2013-04-12,HOUSEHOLD,120
2013-04-13,FOODS,262
2013-04-13,HOBBIES,104
2013-04-13,HOUSEHOLD,162
2013-04-14,FOODS,248
2013-04-14,HOBBIES,110
2013-04-14,HOUSEHOLD,145
2013-04-15,FOODS,165
2013-04-15,HOBBIES,81
2013-04-15,HOUSEHOLD,119
2013-04-16,FOODS,161
2013-04-16,HOBBIES,112
2013-04-16,HOUSEHOLD,123
2013-04-17,FOODS,172
2013-04-17,HOBBIES,64
2013-04-17,HOUSEHOLD,80
2013-04-18,FOODS,156
2013-04-18,HOBBIES,102
2013-04-18,HOUSEHOLD,107
2013-04-19,FOODS,203
2013-04-19,HOBBIES,76
2013-04-19,HOUSEHOLD,106
2013-04-20,FOODS,237
2013-04-20,HOBBIES,59
2013-04-20,HOUSEHOLD,161
2013-04-21,FOODS,213
2013-04-21,HOBBIES,106
2013-04-21,HOUSEHOLD,149
2013-04-22,FOODS,158
2013-04-22,HOBBIES,91
2013-04-22,HOUSEHOLD,147
2013-04-23,FOODS,144
2013-04-23,HOBBIES,57
2013-04-23,HOUSEHOLD,120
2013-04-24,FOODS,192
2013-04-24,HOBBIES,52
2013-04-24,HOUSEHOLD,109
2013-04-25,FOODS,186
2013-04-25,HOBBIES,71
2013-04-25,HOUSEHOLD,85
2013-04-26,FOODS,202
2013-04-26,HOBBIES,90
2013-04-26,HOUSEHOLD,77
2013-04-27,FOODS,225
2013-04-27,HOBBIES,80
2013-04-27,HOUSEHOLD,145
2013-04-28,FOODS,232
2013-04-28,HOBBIES,133
2013-04-28,HOUSEHOLD,207
2013-04-29,FOODS,175
2013-04-29,HOBBIES,47
2013-04-29,HOUSEHOLD,145
2013-04-30,FOODS,164
2013-04-30,HOBBIES,63
2013-04-30,HOUSEHOLD,161
2013-05-01,FOODS,217
2013-05-01,HOBBIES,38
2013-05-01,HOUSEHOLD,155
2013-05-02,FOODS,234
2013-05-02,HOBBIES,89
2013-05-02,HOUSEHOLD,114
2013-05-03,FOODS,216
2013-05-03,HOBBIES,125
2013-05-03,HOUSEHOLD,146
2013-05-04,FOODS,298
2013-05-04,HOBBIES,73
2013-05-04,HOUSEHOLD,179
2013-05-05,FOODS,281
2013-05-05,HOBBIES,68
2013-05-05,HOUSEHOLD,172
2013-05-06,FOODS,232
2013-05-06,HOBBIES,51
2013-05-06,HOUSEHOLD,150
2013-05-07,FOODS,205
2013-05-07,HOBBIES,46
2013-05-07,HOUSEHOLD,106
2013-05-08,FOODS,194
2013-05-08,HOBBIES,52
2013-05-08,HOUSEHOLD,91
2013-05-09,FOODS,230
2013-05-09,HOBBIES,44
2013-05-09,HOUSEHOLD,77
2013-05-10,FOODS,231
2013-05-10,HOBBIES,64
2013-05-10,HOUSEHOLD,141
2013-05-11,FOODS,263
2013-05-11,HOBBIES,58
2013-05-11,HOUSEHOLD,154
2013-05-12,FOODS,236
2013-05-12,HOBBIES,76
2013-05-12,HOUSEHOLD,153
2013-05-13,FOODS,203
2013-05-13,HOBBIES,51
2013-05-13,HOUSEHOLD,132
2013-05-14,FOODS,159
2013-05-14,HOBBIES,81
2013-05-14,HOUSEHOLD,117
2013-05-15,FOODS,189
2013-05-15,HOBBIES,76
2013-05-15,HOUSEHOLD,122
2013-05-16,FOODS,214
2013-05-16,HOBBIES,58
2013-05-16,HOUSEHOLD,158
2013-05-17,FOODS,210
2013-05-17,HOBBIES,95
2013-05-17,HOUSEHOLD,131
2013-05-18,FOODS,253
2013-05-18,HOBBIES,84
2013-05-18,HOUSEHOLD,148
2013-05-19,FOODS,262
2013-05-19,HOBBIES,90
2013-05-19,HOUSEHOLD,158
2013-05-20,FOODS,186
2013-05-20,HOBBIES,68
2013-05-20,HOUSEHOLD,126
2013-05-21,FOODS,191
2013-05-21,HOBBIES,67
2013-05-21,HOUSEHOLD,150
2013-05-22,FOODS,181
2013-05-22,HOBBIES,69
2013-05-22,HOUSEHOLD,98
2013-05-23,FOODS,188
2013-05-23,HOBBIES,87
2013-05-23,HOUSEHOLD,133
2013-05-24,FOODS,237
2013-05-24,HOBBIES,70
2013-05-24,HOUSEHOLD,166
2013-05-25,FOODS,225
2013-05-25,HOBBIES,101
2013-05-25,HOUSEHOLD,151
2013-05-26,FOODS,258
2013-05-26,HOBBIES,122
2013-05-26,HOUSEHOLD,126
2013-05-27,FOODS,166
2013-05-27,HOBBIES,75
2013-05-27,HOUSEHOLD,191
2013-05-28,FOODS,168
2013-05-28,HOBBIES,75
2013-05-28,HOUSEHOLD,112
2013-05-29,FOODS,197
2013-05-29,HOBBIES,61
2013-05-29,HOUSEHOLD,113
2013-05-30,FOODS,169
2013-05-30,HOBBIES,77
2013-05-30,HOUSEHOLD,107
2013-05-31,FOODS,189
2013-05-31,HOBBIES,96
2013-05-31,HOUSEHOLD,160
2013-06-01,FOODS,255
2013-06-01,HOBBIES,90
2013-06-01,HOUSEHOLD,169
2013-06-02,FOODS,196
2013-06-02,HOBBIES,122
2013-06-02,HOUSEHOLD,135
2013-06-03,FOODS,183
2013-06-03,HOBBIES,84
2013-06-03,HOUSEHOLD,113
2013-06-04,FOODS,192
2013-06-04,HOBBIES,81
2013-06-04,HOUSEHOLD,112
2013-06-05,FOODS,224
2013-06-05,HOBBIES,66
2013-06-05,HOUSEHOLD,95
2013-06-06,FOODS,179
2013-06-06,HOBBIES,42
2013-06-06,HOUSEHOLD,100
2013-06-07,FOODS,258
2013-06-07,HOBBIES,68
2013-06-07,HOUSEHOLD,113
2013-06-08,FOODS,289
2013-06-08,HOBBIES,119
2013-06-08,HOUSEHOLD,150
2013-06-09,FOODS,229
2013-06-09,HOBBIES,109
2013-06-09,HOUSEHOLD,157
2013-06-10,FOODS,224
2013-06-10,HOBBIES,98
2013-06-10,HOUSEHOLD,117
2013-06-11,FOODS,220
2013-06-11,HOBBIES,76
2013-06-11,HOUSEHOLD,73
2013-06-12,FOODS,231
2013-06-12,HOBBIES,83
2013-06-12,HOUSEHOLD,94
2013-06-13,FOODS,214
2013-06-13,HOBBIES,64
2013-06-13,HOUSEHOLD,93
2013-06-14,FOODS,267
2013-06-14,HOBBIES,61
2013-06-14,HOUSEHOLD,132
2013-06-15,FOODS,288
2013-06-15,HOBBIES,121
2013-06-15,HOUSEHOLD,169
2013-06-16,FOODS,237
2013-06-16,HOBBIES,237
2013-06-16,HOUSEHOLD,129
2013-06-17,FOODS,194
2013-06-17,HOBBIES,55
2013-06-17,HOUSEHOLD,114
2013-06-18,FOODS,171
2013-06-18,HOBBIES,70
2013-06-18,HOUSEHOLD,103
2013-06-19,FOODS,210
2013-06-19,HOBBIES,88
2013-06-19,HOUSEHOLD,128
2013-06-20,FOODS,220
2013-06-20,HOBBIES,90
2013-06-20,HOUSEHOLD,82
2013-06-21,FOODS,244
2013-06-21,HOBBIES,70
2013-06-21,HOUSEHOLD,123
2013-06-22,FOODS,231
2013-06-22,HOBBIES,107
2013-06-22,HOUSEHOLD,188
2013-06-23,FOODS,226
2013-06-23,HOBBIES,83
2013-06-23,HOUSEHOLD,134
2013-06-24,FOODS,195
2013-06-24,HOBBIES,115
2013-06-24,HOUSEHOLD,135
2013-06-25,FOODS,169
2013-06-25,HOBBIES,155
2013-06-25,HOUSEHOLD,98
2013-06-26,FOODS,172
2013-06-26,HOBBIES,113
2013-06-26,HOUSEHOLD,89
2013-06-27,FOODS,187
2013-06-27,HOBBIES,143
2013-06-27,HOUSEHOLD,88
2013-06-28,FOODS,168
2013-06-28,HOBBIES,144
2013-06-28,HOUSEHOLD,130
2013-06-29,FOODS,207
2013-06-29,HOBBIES,136
2013-06-29,HOUSEHOLD,174
2013-06-30,FOODS,206
2013-06-30,HOBBIES,229
2013-06-30,HOUSEHOLD,176
2013-07-01,FOODS,202
2013-07-01,HOBBIES,168
2013-07-01,HOUSEHOLD,192
2013-07-02,FOODS,355
2013-07-02,HOBBIES,151
2013-07-02,HOUSEHOLD,156
2013-07-03,FOODS,280
2013-07-03,HOBBIES,153
2013-07-03,HOUSEHOLD,158
2013-07-04,FOODS,234
2013-07-04,HOBBIES,117
2013-07-04,HOUSEHOLD,131
2013-07-05,FOODS,471
2013-07-05,HOBBIES,220
2013-07-05,HOUSEHOLD,148
2013-07-06,FOODS,183
2013-07-06,HOBBIES,235
2013-07-06,HOUSEHOLD,158
2013-07-07,FOODS,173
2013-07-07,HOBBIES,141
2013-07-07,HOUSEHOLD,201
2013-07-08,FOODS,176
2013-07-08,HOBBIES,126
2013-07-08,HOUSEHOLD,143
2013-07-09,FOODS,190
2013-07-09,HOBBIES,64
2013-07-09,HOUSEHOLD,134
2013-07-10,FOODS,207
2013-07-10,HOBBIES,108
2013-07-10,HOUSEHOLD,189
2013-07-11,FOODS,221
2013-07-11,HOBBIES,131
2013-07-11,HOUSEHOLD,127
2013-07-12,FOODS,254
2013-07-12,HOBBIES,151
2013-07-12,HOUSEHOLD,201
2013-07-13,FOODS,248
2013-07-13,HOBBIES,156
2013-07-13,HOUSEHOLD,181
2013-07-14,FOODS,204
2013-07-14,HOBBIES,165
2013-07-14,HOUSEHOLD,201
2013-07-15,FOODS,213
2013-07-15,HOBBIES,141
2013-07-15,HOUSEHOLD,109
2013-07-16,FOODS,163
2013-07-16,HOBBIES,135
2013-07-16,HOUSEHOLD,144
2013-07-17,FOODS,193
2013-07-17,HOBBIES,95
2013-07-17,HOUSEHOLD,105
2013-07-18,FOODS,201
2013-07-18,HOBBIES,118
2013-07-18,HOUSEHOLD,92
2013-07-19,FOODS,207
2013-07-19,HOBBIES,121
2013-07-19,HOUSEHOLD,115
2013-07-20,FOODS,234
2013-07-20,HOBBIES,196
2013-07-20,HOUSEHOLD,152
2013-07-21,FOODS,250
2013-07-21,HOBBIES,142
2013-07-21,HOUSEHOLD,172
2013-07-22,FOODS,208
2013-07-22,HOBBIES,145
2013-07-22,HOUSEHOLD,112
2013-07-23,FOODS,157
2013-07-23,HOBBIES,90
2013-07-23,HOUSEHOLD,79
2013-07-24,FOODS,230
2013-07-24,HOBBIES,103
2013-07-24,HOUSEHOLD,100
2013-07-25,FOODS,184
2013-07-25,HOBBIES,113
2013-07-25,HOUSEHOLD,79
2013-07-26,FOODS,226
2013-07-26,HOBBIES,121
2013-07-26,HOUSEHOLD,114
2013-07-27,FOODS,239
2013-07-27,HOBBIES,158
2013-07-27,HOUSEHOLD,134
2013-07-28,FOODS,291
2013-07-28,HOBBIES,110
2013-07-28,HOUSEHOLD,149
2013-07-29,FOODS,215
2013-07-29,HOBBIES,111
2013-07-29,HOUSEHOLD,119
2013-07-30,FOODS,205
2013-07-30,HOBBIES,134
2013-07-30,HOUSEHOLD,134
2013-07-31,FOODS,216
2013-07-31,HOBBIES,140
2013-07-31,HOUSEHOLD,79
2013-08-01,FOODS,248
2013-08-01,HOBBIES,117
2013-08-01,HOUSEHOLD,105
2013-08-02,FOODS,276
2013-08-02,HOBBIES,166
2013-08-02,HOUSEHOLD,125
2013-08-03,FOODS,297
2013-08-03,HOBBIES,162
2013-08-03,HOUSEHOLD,167
2013-08-04,FOODS,246
2013-08-04,HOBBIES,152
2013-08-04,HOUSEHOLD,163
2013-08-05,FOODS,274
2013-08-05,HOBBIES,172
2013-08-05,HOUSEHOLD,120
2013-08-06,FOODS,245
2013-08-06,HOBBIES,71
2013-08-06,HOUSEHOLD,109
2013-08-07,FOODS,217
2013-08-07,HOBBIES,102
2013-08-07,HOUSEHOLD,73
2013-08-08,FOODS,232
2013-08-08,HOBBIES,100
2013-08-08,HOUSEHOLD,81
2013-08-09,FOODS,233
2013-08-09,HOBBIES,130
2013-08-09,HOUSEHOLD,97
2013-08-10,FOODS,289
2013-08-10,HOBBIES,144
2013-08-10,HOUSEHOLD,156
2013-08-11,FOODS,265
2013-08-11,HOBBIES,142
2013-08-11,HOUSEHOLD,97
2013-08-12,FOODS,244
2013-08-12,HOBBIES,100
2013-08-12,HOUSEHOLD,82
2013-08-13,FOODS,175
2013-08-13,HOBBIES,94
2013-08-13,HOUSEHOLD,71
2013-08-14,FOODS,201
2013-08-14,HOBBIES,91
2013-08-14,HOUSEHOLD,66
2013-08-15,FOODS,249
2013-08-15,HOBBIES,139
2013-08-15,HOUSEHOLD,63
2013-08-16,FOODS,248
2013-08-16,HOBBIES,113
2013-08-16,HOUSEHOLD,83
2013-08-17,FOODS,337
2013-08-17,HOBBIES,137
2013-08-17,HOUSEHOLD,89
2013-08-18,FOODS,238
2013-08-18,HOBBIES,114
2013-08-18,HOUSEHOLD,110
2013-08-19,FOODS,258
2013-08-19,HOBBIES,177
2013-08-19,HOUSEHOLD,78
2013-08-20,FOODS,223
2013-08-20,HOBBIES,109
2013-08-20,HOUSEHOLD,87
2013-08-21,FOODS,267
2013-08-21,HOBBIES,90
2013-08-21,HOUSEHOLD,66
2013-08-22,FOODS,225
2013-08-22,HOBBIES,124
2013-08-22,HOUSEHOLD,73
2013-08-23,FOODS,226
2013-08-23,HOBBIES,103
2013-08-23,HOUSEHOLD,51
2013-08-24,FOODS,299
2013-08-24,HOBBIES,133
2013-08-24,HOUSEHOLD,72
2013-08-25,FOODS,347
2013-08-25,HOBBIES,132
2013-08-25,HOUSEHOLD,81
2013-08-26,FOODS,292
2013-08-26,HOBBIES,119
2013-08-26,HOUSEHOLD,57
2013-08-27,FOODS,215
2013-08-27,HOBBIES,81
2013-08-27,HOUSEHOLD,40
2013-08-28,FOODS,259
2013-08-28,HOBBIES,104
2013-08-28,HOUSEHOLD,60
2013-08-29,FOODS,253
2013-08-29,HOBBIES,145
2013-08-29,HOUSEHOLD,61
2013-08-30,FOODS,282
2013-08-30,HOBBIES,95
2013-08-30,HOUSEHOLD,69
2013-08-31,FOODS,352
2013-08-31,HOBBIES,105
2013-08-31,HOUSEHOLD,89
2013-09-01,FOODS,316
2013-09-01,HOBBIES,169
2013-09-01,HOUSEHOLD,77
2013-09-02,FOODS,283
2013-09-02,HOBBIES,160
2013-09-02,HOUSEHOLD,60
2013-09-03,FOODS,292
2013-09-03,HOBBIES,111
2013-09-03,HOUSEHOLD,52
2013-09-04,FOODS,235
2013-09-04,HOBBIES,103
2013-09-04,HOUSEHOLD,67
2013-09-05,FOODS,190
2013-09-05,HOBBIES,106
2013-09-05,HOUSEHOLD,50
2013-09-06,FOODS,244
2013-09-06,HOBBIES,108
2013-09-06,HOUSEHOLD,64
2013-09-07,FOODS,286
2013-09-07,HOBBIES,124
2013-09-07,HOUSEHOLD,77
2013-09-08,FOODS,306
2013-09-08,HOBBIES,186
2013-09-08,HOUSEHOLD,95
2013-09-09,FOODS,245
2013-09-09,HOBBIES,102
2013-09-09,HOUSEHOLD,50
2013-09-10,FOODS,259
2013-09-10,HOBBIES,127
2013-09-10,HOUSEHOLD,68
2013-09-11,FOODS,222
2013-09-11,HOBBIES,118
2013-09-11,HOUSEHOLD,46
2013-09-12,FOODS,268
2013-09-12,HOBBIES,82
2013-09-12,HOUSEHOLD,63
2013-09-13,FOODS,261
2013-09-13,HOBBIES,108
2013-09-13,HOUSEHOLD,62
2013-09-14,FOODS,323
2013-09-14,HOBBIES,116
2013-09-14,HOUSEHOLD,89
2013-09-15,FOODS,318
2013-09-15,HOBBIES,136
2013-09-15,HOUSEHOLD,83
2013-09-16,FOODS,225
2013-09-16,HOBBIES,96
2013-09-16,HOUSEHOLD,64
2013-09-17,FOODS,226
2013-09-17,HOBBIES,82
2013-09-17,HOUSEHOLD,72
2013-09-18,FOODS,223
2013-09-18,HOBBIES,92
2013-09-18,HOUSEHOLD,69
2013-09-19,FOODS,183
2013-09-19,HOBBIES,86
2013-09-19,HOUSEHOLD,65
2013-09-20,FOODS,212
2013-09-20,HOBBIES,90
2013-09-20,HOUSEHOLD,67
2013-09-21,FOODS,283
2013-09-21,HOBBIES,158
2013-09-21,HOUSEHOLD,81
2013-09-22,FOODS,313
2013-09-22,HOBBIES,129
2013-09-22,HOUSEHOLD,72
2013-09-23,FOODS,229
2013-09-23,HOBBIES,94
2013-09-23,HOUSEHOLD,60
2013-09-24,FOODS,225
2013-09-24,HOBBIES,86
2013-09-24,HOUSEHOLD,66
2013-09-25,FOODS,191
2013-09-25,HOBBIES,72
2013-09-25,HOUSEHOLD,59
2013-09-26,FOODS,222
2013-09-26,HOBBIES,122
2013-09-26,HOUSEHOLD,65
2013-09-27,FOODS,236
2013-09-27,HOBBIES,116
2013-09-27,HOUSEHOLD,67
2013-09-28,FOODS,310
2013-09-28,HOBBIES,151
2013-09-28,HOUSEHOLD,100
2013-09-29,FOODS,315
2013-09-29,HOBBIES,156
2013-09-29,HOUSEHOLD,73
2013-09-30,FOODS,189
2013-09-30,HOBBIES,109
2013-09-30,HOUSEHOLD,63
2013-10-01,FOODS,223
2013-10-01,HOBBIES,92
2013-10-01,HOUSEHOLD,83
2013-10-02,FOODS,210
2013-10-02,HOBBIES,76
2013-10-02,HOUSEHOLD,64
2013-10-03,FOODS,261
2013-10-03,HOBBIES,87
2013-10-03,HOUSEHOLD,72
2013-10-04,FOODS,254
2013-10-04,HOBBIES,142
2013-10-04,HOUSEHOLD,74
2013-10-05,FOODS,369
2013-10-05,HOBBIES,173
2013-10-05,HOUSEHOLD,95
2013-10-06,FOODS,320
2013-10-06,HOBBIES,134
2013-10-06,HOUSEHOLD,119
2013-10-07,FOODS,256
2013-10-07,HOBBIES,139
2013-10-07,HOUSEHOLD,68
2013-10-08,FOODS,259
2013-10-08,HOBBIES,95
2013-10-08,HOUSEHOLD,73
2013-10-09,FOODS,292
2013-10-09,HOBBIES,117
2013-10-09,HOUSEHOLD,48
2013-10-10,FOODS,235
2013-10-10,HOBBIES,116
2013-10-10,HOUSEHOLD,86
2013-10-11,FOODS,266
2013-10-11,HOBBIES,77
2013-10-11,HOUSEHOLD,88
2013-10-12,FOODS,362
2013-10-12,HOBBIES,148
2013-10-12,HOUSEHOLD,75
2013-10-13,FOODS,325
2013-10-13,HOBBIES,148
2013-10-13,HOUSEHOLD,99
2013-10-14,FOODS,257
2013-10-14,HOBBIES,82
2013-10-14,HOUSEHOLD,61
2013-10-15,FOODS,208
2013-10-15,HOBBIES,106
2013-10-15,HOUSEHOLD,58
2013-10-16,FOODS,235
2013-10-16,HOBBIES,90
2013-10-16,HOUSEHOLD,53
2013-10-17,FOODS,228
2013-10-17,HOBBIES,93
2013-10-17,HOUSEHOLD,59
2013-10-18,FOODS,215
2013-10-18,HOBBIES,75
2013-10-18,HOUSEHOLD,63
2013-10-19,FOODS,245
2013-10-19,HOBBIES,111
2013-10-19,HOUSEHOLD,95
2013-10-20,FOODS,267
2013-10-20,HOBBIES,202
2013-10-20,HOUSEHOLD,89
2013-10-21,FOODS,201
2013-10-21,HOBBIES,84
2013-10-21,HOUSEHOLD,59
2013-10-22,FOODS,169
2013-10-22,HOBBIES,124
2013-10-22,HOUSEHOLD,57
2013-10-23,FOODS,199
2013-10-23,HOBBIES,86
2013-10-23,HOUSEHOLD,74
2013-10-24,FOODS,180
2013-10-24,HOBBIES,90
2013-10-24,HOUSEHOLD,50
2013-10-25,FOODS,239
2013-10-25,HOBBIES,107
2013-10-25,HOUSEHOLD,55
2013-10-26,FOODS,343
2013-10-26,HOBBIES,184
2013-10-26,HOUSEHOLD,80
2013-10-27,FOODS,323
2013-10-27,HOBBIES,139
2013-10-27,HOUSEHOLD,82
2013-10-28,FOODS,229
2013-10-28,HOBBIES,67
2013-10-28,HOUSEHOLD,71
2013-10-29,FOODS,271
2013-10-29,HOBBIES,86
2013-10-29,HOUSEHOLD,61
2013-10-30,FOODS,243
2013-10-30,HOBBIES,124
2013-10-30,HOUSEHOLD,58
2013-10-31,FOODS,216
2013-10-31,HOBBIES,91
2013-10-31,HOUSEHOLD,55
2013-11-01,FOODS,276
2013-11-01,HOBBIES,125
2013-11-01,HOUSEHOLD,80
2013-11-02,FOODS,309
2013-11-02,HOBBIES,132
2013-11-02,HOUSEHOLD,62
2013-11-03,FOODS,321
2013-11-03,HOBBIES,106
2013-11-03,HOUSEHOLD,55
2013-11-04,FOODS,221
2013-11-04,HOBBIES,116
2013-11-04,HOUSEHOLD,36
2013-11-05,FOODS,222
2013-11-05,HOBBIES,76
2013-11-05,HOUSEHOLD,50
2013-11-06,FOODS,251
2013-11-06,HOBBIES,136
2013-11-06,HOUSEHOLD,39
2013-11-07,FOODS,215
2013-11-07,HOBBIES,100
2013-11-07,HOUSEHOLD,51
2013-11-08,FOODS,225
2013-11-08,HOBBIES,76
2013-11-08,HOUSEHOLD,66
2013-11-09,FOODS,357
2013-11-09,HOBBIES,154
2013-11-09,HOUSEHOLD,73
2013-11-10,FOODS,270
2013-11-10,HOBBIES,127
2013-11-10,HOUSEHOLD,104
2013-11-11,FOODS,229
2013-11-11,HOBBIES,140
2013-11-11,HOUSEHOLD,67
2013-11-12,FOODS,210
2013-11-12,HOBBIES,100
2013-11-12,HOUSEHOLD,81
2013-11-13,FOODS,229
2013-11-13,HOBBIES,85
2013-11-13,HOUSEHOLD,61
2013-11-14,FOODS,186
2013-11-14,HOBBIES,146
2013-11-14,HOUSEHOLD,53
2013-11-15,FOODS,271
2013-11-15,HOBBIES,121
2013-11-15,HOUSEHOLD,77
2013-11-16,FOODS,270
2013-11-16,HOBBIES,112
2013-11-16,HOUSEHOLD,117
2013-11-17,FOODS,277
2013-11-17,HOBBIES,152
2013-11-17,HOUSEHOLD,119
2013-11-18,FOODS,212
2013-11-18,HOBBIES,182
2013-11-18,HOUSEHOLD,81
2013-11-19,FOODS,241
2013-11-19,HOBBIES,147
2013-11-19,HOUSEHOLD,65
2013-11-20,FOODS,208
2013-11-20,HOBBIES,98
2013-11-20,HOUSEHOLD,67
2013-11-21,FOODS,245
2013-11-21,HOBBIES,90
2013-11-21,HOUSEHOLD,75
2013-11-22,FOODS,234
2013-11-22,HOBBIES,127
2013-11-22,HOUSEHOLD,81
2013-11-23,FOODS,261
2013-11-23,HOBBIES,132
2013-11-23,HOUSEHOLD,116
2013-11-24,FOODS,265
2013-11-24,HOBBIES,142
2013-11-24,HOUSEHOLD,82
2013-11-25,FOODS,185
2013-11-25,HOBBIES,125
2013-11-25,HOUSEHOLD,51
2013-11-26,FOODS,230
2013-11-26,HOBBIES,120
2013-11-26,HOUSEHOLD,74
2013-11-27,FOODS,214
2013-11-27,HOBBIES,171
2013-11-27,HOUSEHOLD,75
2013-11-28,FOODS,117
2013-11-28,HOBBIES,47
2013-11-28,HOUSEHOLD,33
2013-11-29,FOODS,157
2013-11-29,HOBBIES,61
2013-11-29,HOUSEHOLD,70
2013-11-30,FOODS,199
2013-11-30,HOBBIES,134
2013-11-30,HOUSEHOLD,65
2013-12-01,FOODS,253
2013-12-01,HOBBIES,109
2013-12-01,HOUSEHOLD,95
2013-12-02,FOODS,233
2013-12-02,HOBBIES,127
2013-12-02,HOUSEHOLD,49
2013-12-03,FOODS,224
2013-12-03,HOBBIES,163
2013-12-03,HOUSEHOLD,54
2013-12-04,FOODS,203
2013-12-04,HOBBIES,103
2013-12-04,HOUSEHOLD,45
2013-12-05,FOODS,178
2013-12-05,HOBBIES,128
2013-12-05,HOUSEHOLD,99
2013-12-06,FOODS,219
2013-12-06,HOBBIES,141
2013-12-06,HOUSEHOLD,78
2013-12-07,FOODS,256
2013-12-07,HOBBIES,137
2013-12-07,HOUSEHOLD,78
2013-12-08,FOODS,248
2013-12-08,HOBBIES,96
2013-12-08,HOUSEHOLD,63
2013-12-09,FOODS,196
2013-12-09,HOBBIES,132
2013-12-09,HOUSEHOLD,74
2013-12-10,FOODS,214
2013-12-10,HOBBIES,119
2013-12-10,HOUSEHOLD,54
2013-12-11,FOODS,268
2013-12-11,HOBBIES,98
2013-12-11,HOUSEHOLD,77
2013-12-12,FOODS,203
2013-12-12,HOBBIES,107
2013-12-12,HOUSEHOLD,57
2013-12-13,FOODS,249
2013-12-13,HOBBIES,121
2013-12-13,HOUSEHOLD,70
2013-12-14,FOODS,273
2013-12-14,HOBBIES,119
2013-12-14,HOUSEHOLD,90
2013-12-15,FOODS,309
2013-12-15,HOBBIES,139
2013-12-15,HOUSEHOLD,79
2013-12-16,FOODS,278
2013-12-16,HOBBIES,133
2013-12-16,HOUSEHOLD,66
2013-12-17,FOODS,206
2013-12-17,HOBBIES,79
2013-12-17,HOUSEHOLD,58
2013-12-18,FOODS,207
2013-12-18,HOBBIES,116
2013-12-18,HOUSEHOLD,63
2013-12-19,FOODS,212
2013-12-19,HOBBIES,151
2013-12-19,HOUSEHOLD,62
2013-12-20,FOODS,229
2013-12-20,HOBBIES,133
2013-12-20,HOUSEHOLD,52
2013-12-21,FOODS,278
2013-12-21,HOBBIES,175
2013-12-21,HOUSEHOLD,76
2013-12-22,FOODS,204
2013-12-22,HOBBIES,142
2013-12-22,HOUSEHOLD,74
2013-12-23,FOODS,244
2013-12-23,HOBBIES,125
2013-12-23,HOUSEHOLD,57
2013-12-24,FOODS,226
2013-12-24,HOBBIES,79
2013-12-24,HOUSEHOLD,45
2013-12-25,FOODS,0
2013-12-25,HOBBIES,0
2013-12-25,HOUSEHOLD,0
2013-12-26,FOODS,159
2013-12-26,HOBBIES,118
2013-12-26,HOUSEHOLD,67
2013-12-27,FOODS,229
2013-12-27,HOBBIES,148
2013-12-27,HOUSEHOLD,83
2013-12-28,FOODS,240
2013-12-28,HOBBIES,107
2013-12-28,HOUSEHOLD,73
2013-12-29,FOODS,202
2013-12-29,HOBBIES,82
2013-12-29,HOUSEHOLD,55
2013-12-30,FOODS,203
2013-12-30,HOBBIES,103
2013-12-30,HOUSEHOLD,55
2013-12-31,FOODS,226
2013-12-31,HOBBIES,77
2013-12-31,HOUSEHOLD,54
2014-01-01,FOODS,127
2014-01-01,HOBBIES,73
2014-01-01,HOUSEHOLD,40
2014-01-02,FOODS,200
2014-01-02,HOBBIES,130
2014-01-02,HOUSEHOLD,59
2014-01-03,FOODS,232
2014-01-03,HOBBIES,114
2014-01-03,HOUSEHOLD,63
2014-01-04,FOODS,247
2014-01-04,HOBBIES,174
2014-01-04,HOUSEHOLD,71
2014-01-05,FOODS,288
2014-01-05,HOBBIES,129
2014-01-05,HOUSEHOLD,75
2014-01-06,FOODS,205
2014-01-06,HOBBIES,108
2014-01-06,HOUSEHOLD,40
2014-01-07,FOODS,177
2014-01-07,HOBBIES,112
2014-01-07,HOUSEHOLD,69
2014-01-08,FOODS,256
2014-01-08,HOBBIES,104
2014-01-08,HOUSEHOLD,42
2014-01-09,FOODS,192
2014-01-09,HOBBIES,90
2014-01-09,HOUSEHOLD,44
2014-01-10,FOODS,155
2014-01-10,HOBBIES,89
2014-01-10,HOUSEHOLD,40
2014-01-11,FOODS,282
2014-01-11,HOBBIES,133
2014-01-11,HOUSEHOLD,96
2014-01-12,FOODS,252
2014-01-12,HOBBIES,103
2014-01-12,HOUSEHOLD,82
2014-01-13,FOODS,175
2014-01-13,HOBBIES,108
2014-01-13,HOUSEHOLD,56
2014-01-14,FOODS,197
2014-01-14,HOBBIES,110
2014-01-14,HOUSEHOLD,44
2014-01-15,FOODS,241
2014-01-15,HOBBIES,90
2014-01-15,HOUSEHOLD,47
2014-01-16,FOODS,231
2014-01-16,HOBBIES,78
2014-01-16,HOUSEHOLD,44
2014-01-17,FOODS,206
2014-01-17,HOBBIES,110
2014-01-17,HOUSEHOLD,59
2014-01-18,FOODS,294
2014-01-18,HOBBIES,217
2014-01-18,HOUSEHOLD,79
2014-01-19,FOODS,272
2014-01-19,HOBBIES,165
2014-01-19,HOUSEHOLD,66
2014-01-20,FOODS,200
2014-01-20,HOBBIES,87
2014-01-20,HOUSEHOLD,68
2014-01-21,FOODS,154
2014-01-21,HOBBIES,59
2014-01-21,HOUSEHOLD,47
2014-01-22,FOODS,206
2014-01-22,HOBBIES,169
2014-01-22,HOUSEHOLD,53
2014-01-23,FOODS,180
2014-01-23,HOBBIES,56
2014-01-23,HOUSEHOLD,60
2014-01-24,FOODS,212
2014-01-24,HOBBIES,79
2014-01-24,HOUSEHOLD,58
2014-01-25,FOODS,297
2014-01-25,HOBBIES,136
2014-01-25,HOUSEHOLD,86
2014-01-26,FOODS,297
2014-01-26,HOBBIES,94
2014-01-26,HOUSEHOLD,71
2014-01-27,FOODS,196
2014-01-27,HOBBIES,163
2014-01-27,HOUSEHOLD,37
2014-01-28,FOODS,178
2014-01-28,HOBBIES,48
2014-01-28,HOUSEHOLD,51
2014-01-29,FOODS,143
2014-01-29,HOBBIES,69
2014-01-29,HOUSEHOLD,49
2014-01-30,FOODS,164
2014-01-30,HOBBIES,102
2014-01-30,HOUSEHOLD,50
2014-01-31,FOODS,276
2014-01-31,HOBBIES,147
2014-01-31,HOUSEHOLD,67
2014-02-01,FOODS,326
2014-02-01,HOBBIES,178
2014-02-01,HOUSEHOLD,82
2014-02-02,FOODS,298
2014-02-02,HOBBIES,146
2014-02-02,HOUSEHOLD,79
2014-02-03,FOODS,240
2014-02-03,HOBBIES,145
2014-02-03,HOUSEHOLD,72
2014-02-04,FOODS,180
2014-02-04,HOBBIES,93
2014-02-04,HOUSEHOLD,49
2014-02-05,FOODS,245
2014-02-05,HOBBIES,112
2014-02-05,HOUSEHOLD,57
2014-02-06,FOODS,229
2014-02-06,HOBBIES,90
2014-02-06,HOUSEHOLD,50
2014-02-07,FOODS,264
2014-02-07,HOBBIES,105
2014-02-07,HOUSEHOLD,66
2014-02-08,FOODS,354
2014-02-08,HOBBIES,118
2014-02-08,HOUSEHOLD,82
2014-02-09,FOODS,343
2014-02-09,HOBBIES,151
2014-02-09,HOUSEHOLD,104
2014-02-10,FOODS,280
2014-02-10,HOBBIES,108
2014-02-10,HOUSEHOLD,50
2014-02-11,FOODS,280
2014-02-11,HOBBIES,126
2014-02-11,HOUSEHOLD,53
2014-02-12,FOODS,285
2014-02-12,HOBBIES,68
2014-02-12,HOUSEHOLD,73
2014-02-13,FOODS,328
2014-02-13,HOBBIES,81
2014-02-13,HOUSEHOLD,67
2014-02-14,FOODS,245
2014-02-14,HOBBIES,95
2014-02-14,HOUSEHOLD,59
2014-02-15,FOODS,327
2014-02-15,HOBBIES,158
2014-02-15,HOUSEHOLD,87
2014-02-16,FOODS,296
2014-02-16,HOBBIES,189
2014-02-16,HOUSEHOLD,93
2014-02-17,FOODS,230
2014-02-17,HOBBIES,92
2014-02-17,HOUSEHOLD,44
2014-02-18,FOODS,228
2014-02-18,HOBBIES,121
2014-02-18,HOUSEHOLD,63
2014-02-19,FOODS,288
2014-02-19,HOBBIES,70
2014-02-19,HOUSEHOLD,47
2014-02-20,FOODS,197
2014-02-20,HOBBIES,96
2014-02-20,HOUSEHOLD,44
2014-02-21,FOODS,254
2014-02-21,HOBBIES,117
2014-02-21,HOUSEHOLD,45
2014-02-22,FOODS,330
2014-02-22,HOBBIES,168
2014-02-22,HOUSEHOLD,69
2014-02-23,FOODS,298
2014-02-23,HOBBIES,147
2014-02-23,HOUSEHOLD,78
2014-02-24,FOODS,268
2014-02-24,HOBBIES,89
2014-02-24,HOUSEHOLD,65
2014-02-25,FOODS,208
2014-02-25,HOBBIES,69
2014-02-25,HOUSEHOLD,64
2014-02-26,FOODS,198
2014-02-26,HOBBIES,90
2014-02-26,HOUSEHOLD,40
2014-02-27,FOODS,183
2014-02-27,HOBBIES,102
2014-02-27,HOUSEHOLD,45
2014-02-28,FOODS,241
2014-02-28,HOBBIES,119
2014-02-28,HOUSEHOLD,56
2014-03-01,FOODS,304
2014-03-01,HOBBIES,177
2014-03-01,HOUSEHOLD,116
2014-03-02,FOODS,334
2014-03-02,HOBBIES,193
2014-03-02,HOUSEHOLD,82
2014-03-03,FOODS,231
2014-03-03,HOBBIES,122
2014-03-03,HOUSEHOLD,52
2014-03-04,FOODS,251
2014-03-04,HOBBIES,96
2014-03-04,HOUSEHOLD,36
2014-03-05,FOODS,226
2014-03-05,HOBBIES,112
2014-03-05,HOUSEHOLD,47
2014-03-06,FOODS,219
2014-03-06,HOBBIES,123
2014-03-06,HOUSEHOLD,63
2014-03-07,FOODS,242
2014-03-07,HOBBIES,141
2014-03-07,HOUSEHOLD,113
2014-03-08,FOODS,339
2014-03-08,HOBBIES,133
2014-03-08,HOUSEHOLD,148
2014-03-09,FOODS,292
2014-03-09,HOBBIES,190
2014-03-09,HOUSEHOLD,166
2014-03-10,FOODS,264
2014-03-10,HOBBIES,119
2014-03-10,HOUSEHOLD,159
2014-03-11,FOODS,228
2014-03-11,HOBBIES,86
2014-03-11,HOUSEHOLD,156
2014-03-12,FOODS,262
2014-03-12,HOBBIES,93
2014-03-12,HOUSEHOLD,124
2014-03-13,FOODS,242
2014-03-13,HOBBIES,115
2014-03-13,HOUSEHOLD,103
2014-03-14,FOODS,228
2014-03-14,HOBBIES,113
2014-03-14,HOUSEHOLD,91
2014-03-15,FOODS,302
2014-03-15,HOBBIES,173
2014-03-15,HOUSEHOLD,154
2014-03-16,FOODS,339
2014-03-16,HOBBIES,230
2014-03-16,HOUSEHOLD,130
2014-03-17,FOODS,229
2014-03-17,HOBBIES,105
2014-03-17,HOUSEHOLD,92
2014-03-18,FOODS,182
2014-03-18,HOBBIES,120
2014-03-18,HOUSEHOLD,78
2014-03-19,FOODS,212
2014-03-19,HOBBIES,96
2014-03-19,HOUSEHOLD,77
2014-03-20,FOODS,181
2014-03-20,HOBBIES,99
2014-03-20,HOUSEHOLD,84
2014-03-21,FOODS,236
2014-03-21,HOBBIES,107
2014-03-21,HOUSEHOLD,77
2014-03-22,FOODS,242
2014-03-22,HOBBIES,158
2014-03-22,HOUSEHOLD,118
2014-03-23,FOODS,244
2014-03-23,HOBBIES,129
2014-03-23,HOUSEHOLD,128
2014-03-24,FOODS,190
2014-03-24,HOBBIES,104
2014-03-24,HOUSEHOLD,71
2014-03-25,FOODS,198
2014-03-25,HOBBIES,97
2014-03-25,HOUSEHOLD,79
2014-03-26,FOODS,179
2014-03-26,HOBBIES,91
2014-03-26,HOUSEHOLD,64
2014-03-27,FOODS,200
2014-03-27,HOBBIES,101
2014-03-27,HOUSEHOLD,66
2014-03-28,FOODS,231
2014-03-28,HOBBIES,95
2014-03-28,HOUSEHOLD,70
2014-03-29,FOODS,276
2014-03-29,HOBBIES,120
2014-03-29,HOUSEHOLD,109
2014-03-30,FOODS,306
2014-03-30,HOBBIES,167
2014-03-30,HOUSEHOLD,89
2014-03-31,FOODS,263
2014-03-31,HOBBIES,98
2014-03-31,HOUSEHOLD,74
2014-04-01,FOODS,200
2014-04-01,HOBBIES,92
2014-04-01,HOUSEHOLD,73
2014-04-02,FOODS,248
2014-04-02,HOBBIES,130
2014-04-02,HOUSEHOLD,60
2014-04-03,FOODS,289
2014-04-03,HOBBIES,118
2014-04-03,HOUSEHOLD,67
2014-04-04,FOODS,222
2014-04-04,HOBBIES,118
2014-04-04,HOUSEHOLD,79
2014-04-05,FOODS,354
2014-04-05,HOBBIES,159
2014-04-05,HOUSEHOLD,106
2014-04-06,FOODS,341
2014-04-06,HOBBIES,142
2014-04-06,HOUSEHOLD,122
2014-04-07,FOODS,241
2014-04-07,HOBBIES,109
2014-04-07,HOUSEHOLD,85
2014-04-08,FOODS,263
2014-04-08,HOBBIES,87
2014-04-08,HOUSEHOLD,50
2014-04-09,FOODS,262
2014-04-09,HOBBIES,88
2014-04-09,HOUSEHOLD,68
2014-04-10,FOODS,261
2014-04-10,HOBBIES,113
2014-04-10,HOUSEHOLD,58
2014-04-11,FOODS,272
2014-04-11,HOBBIES,209
2014-04-11,HOUSEHOLD,55
2014-04-12,FOODS,306
2014-04-12,HOBBIES,125
2014-04-12,HOUSEHOLD,60
2014-04-13,FOODS,341
2014-04-13,HOBBIES,132
2014-04-13,HOUSEHOLD,67
2014-04-14,FOODS,265
2014-04-14,HOBBIES,79
2014-04-14,HOUSEHOLD,46
2014-04-15,FOODS,234
2014-04-15,HOBBIES,107
2014-04-15,HOUSEHOLD,46
2014-04-16,FOODS,329
2014-04-16,HOBBIES,97
2014-04-16,HOUSEHOLD,45
2014-04-17,FOODS,255
2014-04-17,HOBBIES,101
2014-04-17,HOUSEHOLD,38
2014-04-18,FOODS,317
2014-04-18,HOBBIES,115
2014-04-18,HOUSEHOLD,52
2014-04-19,FOODS,322
2014-04-19,HOBBIES,175
2014-04-19,HOUSEHOLD,72
2014-04-20,FOODS,267
2014-04-20,HOBBIES,122
2014-04-20,HOUSEHOLD,48
2014-04-21,FOODS,210
2014-04-21,HOBBIES,115
2014-04-21,HOUSEHOLD,40
2014-04-22,FOODS,273
2014-04-22,HOBBIES,101
2014-04-22,HOUSEHOLD,55
2014-04-23,FOODS,217
2014-04-23,HOBBIES,91
2014-04-23,HOUSEHOLD,58
2014-04-24,FOODS,244
2014-04-24,HOBBIES,133
2014-04-24,HOUSEHOLD,54
2014-04-25,FOODS,253
2014-04-25,HOBBIES,171
2014-04-25,HOUSEHOLD,60
2014-04-26,FOODS,324
2014-04-26,HOBBIES,137
2014-04-26,HOUSEHOLD,76
2014-04-27,FOODS,359
2014-04-27,HOBBIES,149
2014-04-27,HOUSEHOLD,86
2014-04-28,FOODS,291
2014-04-28,HOBBIES,94
2014-04-28,HOUSEHOLD,47
2014-04-29,FOODS,214
2014-04-29,HOBBIES,84
2014-04-29,HOUSEHOLD,31
2014-04-30,FOODS,237
2014-04-30,HOBBIES,77
2014-04-30,HOUSEHOLD,70
2014-05-01,FOODS,284
2014-05-01,HOBBIES,102
2014-05-01,HOUSEHOLD,50
2014-05-02,FOODS,269
2014-05-02,HOBBIES,160
2014-05-02,HOUSEHOLD,78
2014-05-03,FOODS,350
2014-05-03,HOBBIES,220
2014-05-03,HOUSEHOLD,79
2014-05-04,FOODS,293
2014-05-04,HOBBIES,112
2014-05-04,HOUSEHOLD,75
2014-05-05,FOODS,227
2014-05-05,HOBBIES,93
2014-05-05,HOUSEHOLD,74
2014-05-06,FOODS,232
2014-05-06,HOBBIES,67
2014-05-06,HOUSEHOLD,53
2014-05-07,FOODS,278
2014-05-07,HOBBIES,95
2014-05-07,HOUSEHOLD,57
2014-05-08,FOODS,256
2014-05-08,HOBBIES,137
2014-05-08,HOUSEHOLD,48
2014-05-09,FOODS,297
2014-05-09,HOBBIES,106
2014-05-09,HOUSEHOLD,41
2014-05-10,FOODS,354
2014-05-10,HOBBIES,163
2014-05-10,HOUSEHOLD,65
2014-05-11,FOODS,275
2014-05-11,HOBBIES,153
2014-05-11,HOUSEHOLD,46
2014-05-12,FOODS,275
2014-05-12,HOBBIES,123
2014-05-12,HOUSEHOLD,39
2014-05-13,FOODS,287
2014-05-13,HOBBIES,133
2014-05-13,HOUSEHOLD,33
2014-05-14,FOODS,281
2014-05-14,HOBBIES,54
2014-05-14,HOUSEHOLD,66
2014-05-15,FOODS,256
2014-05-15,HOBBIES,81
2014-05-15,HOUSEHOLD,60
2014-05-16,FOODS,308
2014-05-16,HOBBIES,123
2014-05-16,HOUSEHOLD,46
2014-05-17,FOODS,313
2014-05-17,HOBBIES,177
2014-05-17,HOUSEHOLD,87
2014-05-18,FOODS,367
2014-05-18,HOBBIES,170
2014-05-18,HOUSEHOLD,74
2014-05-19,FOODS,286
2014-05-19,HOBBIES,107
2014-05-19,HOUSEHOLD,69
2014-05-20,FOODS,259
2014-05-20,HOBBIES,112
2014-05-20,HOUSEHOLD,75
2014-05-21,FOODS,209
2014-05-21,HOBBIES,77
2014-05-21,HOUSEHOLD,62
2014-05-22,FOODS,269
2014-05-22,HOBBIES,129
2014-05-22,HOUSEHOLD,79
2014-05-23,FOODS,261
2014-05-23,HOBBIES,167
2014-05-23,HOUSEHOLD,72
2014-05-24,FOODS,320
2014-05-24,HOBBIES,137
2014-05-24,HOUSEHOLD,87
2014-05-25,FOODS,245
2014-05-25,HOBBIES,91
2014-05-25,HOUSEHOLD,51
2014-05-26,FOODS,299
2014-05-26,HOBBIES,101
2014-05-26,HOUSEHOLD,81
2014-05-27,FOODS,210
2014-05-27,HOBBIES,116
2014-05-27,HOUSEHOLD,54
2014-05-28,FOODS,217
2014-05-28,HOBBIES,82
2014-05-28,HOUSEHOLD,60
2014-05-29,FOODS,219
2014-05-29,HOBBIES,110
2014-05-29,HOUSEHOLD,64
2014-05-30,FOODS,284
2014-05-30,HOBBIES,98
2014-05-30,HOUSEHOLD,74
2014-05-31,FOODS,355
2014-05-31,HOBBIES,104
2014-05-31,HOUSEHOLD,82
2014-06-01,FOODS,345
2014-06-01,HOBBIES,148
2014-06-01,HOUSEHOLD,103
2014-06-02,FOODS,240
2014-06-02,HOBBIES,116
2014-06-02,HOUSEHOLD,85
2014-06-03,FOODS,340
2014-06-03,HOBBIES,146
2014-06-03,HOUSEHOLD,92
2014-06-04,FOODS,255
2014-06-04,HOBBIES,112
2014-06-04,HOUSEHOLD,73
2014-06-05,FOODS,332
2014-06-05,HOBBIES,143
2014-06-05,HOUSEHOLD,39
2014-06-06,FOODS,277
2014-06-06,HOBBIES,107
2014-06-06,HOUSEHOLD,53
2014-06-07,FOODS,260
2014-06-07,HOBBIES,124
2014-06-07,HOUSEHOLD,91
2014-06-08,FOODS,342
2014-06-08,HOBBIES,125
2014-06-08,HOUSEHOLD,90
2014-06-09,FOODS,307
2014-06-09,HOBBIES,136
2014-06-09,HOUSEHOLD,59
2014-06-10,FOODS,251
2014-06-10,HOBBIES,75
2014-06-10,HOUSEHOLD,75
2014-06-11,FOODS,298
2014-06-11,HOBBIES,114
2014-06-11,HOUSEHOLD,64
2014-06-12,FOODS,252
2014-06-12,HOBBIES,85
2014-06-12,HOUSEHOLD,62
2014-06-13,FOODS,277
2014-06-13,HOBBIES,138
2014-06-13,HOUSEHOLD,80
2014-06-14,FOODS,319
2014-06-14,HOBBIES,115
2014-06-14,HOUSEHOLD,80
2014-06-15,FOODS,325
2014-06-15,HOBBIES,84
2014-06-15,HOUSEHOLD,92
2014-06-16,FOODS,225
2014-06-16,HOBBIES,135
2014-06-16,HOUSEHOLD,58
2014-06-17,FOODS,242
2014-06-17,HOBBIES,78
2014-06-17,HOUSEHOLD,64
2014-06-18,FOODS,258
2014-06-18,HOBBIES,62
2014-06-18,HOUSEHOLD,62
2014-06-19,FOODS,286
2014-06-19,HOBBIES,90
2014-06-19,HOUSEHOLD,56
2014-06-20,FOODS,273
2014-06-20,HOBBIES,117
2014-06-20,HOUSEHOLD,72
2014-06-21,FOODS,300
2014-06-21,HOBBIES,134
2014-06-21,HOUSEHOLD,79
2014-06-22,FOODS,282
2014-06-22,HOBBIES,122
2014-06-22,HOUSEHOLD,89
2014-06-23,FOODS,205
2014-06-23,HOBBIES,81
2014-06-23,HOUSEHOLD,78
2014-06-24,FOODS,203
2014-06-24,HOBBIES,103
2014-06-24,HOUSEHOLD,76
2014-06-25,FOODS,219
2014-06-25,HOBBIES,104
2014-06-25,HOUSEHOLD,62
2014-06-26,FOODS,227
2014-06-26,HOBBIES,92
2014-06-26,HOUSEHOLD,52
2014-06-27,FOODS,259
2014-06-27,HOBBIES,170
2014-06-27,HOUSEHOLD,73
2014-06-28,FOODS,288
2014-06-28,HOBBIES,102
2014-06-28,HOUSEHOLD,84
2014-06-29,FOODS,323
2014-06-29,HOBBIES,95
2014-06-29,HOUSEHOLD,76
2014-06-30,FOODS,243
2014-06-30,HOBBIES,96
2014-06-30,HOUSEHOLD,66
2014-07-01,FOODS,291
2014-07-01,HOBBIES,122
2014-07-01,HOUSEHOLD,89
2014-07-02,FOODS,323
2014-07-02,HOBBIES,72
2014-07-02,HOUSEHOLD,78
2014-07-03,FOODS,376
2014-07-03,HOBBIES,176
2014-07-03,HOUSEHOLD,83
2014-07-04,FOODS,294
2014-07-04,HOBBIES,104
2014-07-04,HOUSEHOLD,66
2014-07-05,FOODS,263
2014-07-05,HOBBIES,109
2014-07-05,HOUSEHOLD,87
2014-07-06,FOODS,289
2014-07-06,HOBBIES,140
2014-07-06,HOUSEHOLD,112
2014-07-07,FOODS,287
2014-07-07,HOBBIES,147
2014-07-07,HOUSEHOLD,102
2014-07-08,FOODS,245
2014-07-08,HOBBIES,90
2014-07-08,HOUSEHOLD,80
2014-07-09,FOODS,292
2014-07-09,HOBBIES,110
2014-07-09,HOUSEHOLD,76
2014-07-10,FOODS,244
2014-07-10,HOBBIES,85
2014-07-10,HOUSEHOLD,63
2014-07-11,FOODS,285
2014-07-11,HOBBIES,102
2014-07-11,HOUSEHOLD,78
2014-07-12,FOODS,292
2014-07-12,HOBBIES,142
2014-07-12,HOUSEHOLD,95
2014-07-13,FOODS,304
2014-07-13,HOBBIES,123
2014-07-13,HOUSEHOLD,90
2014-07-14,FOODS,327
2014-07-14,HOBBIES,66
2014-07-14,HOUSEHOLD,76
2014-07-15,FOODS,285
2014-07-15,HOBBIES,60
2014-07-15,HOUSEHOLD,59
2014-07-16,FOODS,276
2014-07-16,HOBBIES,110
2014-07-16,HOUSEHOLD,59
2014-07-17,FOODS,228
2014-07-17,HOBBIES,93
2014-07-17,HOUSEHOLD,70
2014-07-18,FOODS,287
2014-07-18,HOBBIES,132
2014-07-18,HOUSEHOLD,86
2014-07-19,FOODS,265
2014-07-19,HOBBIES,106
2014-07-19,HOUSEHOLD,125
2014-07-20,FOODS,329
2014-07-20,HOBBIES,76
2014-07-20,HOUSEHOLD,107
2014-07-21,FOODS,245
2014-07-21,HOBBIES,82
2014-07-21,HOUSEHOLD,109
2014-07-22,FOODS,274
2014-07-22,HOBBIES,92
2014-07-22,HOUSEHOLD,70
2014-07-23,FOODS,211
2014-07-23,HOBBIES,118
2014-07-23,HOUSEHOLD,108
2014-07-24,FOODS,295
2014-07-24,HOBBIES,85
2014-07-24,HOUSEHOLD,94
2014-07-25,FOODS,254
2014-07-25,HOBBIES,106
2014-07-25,HOUSEHOLD,73
2014-07-26,FOODS,287
2014-07-26,HOBBIES,135
2014-07-26,HOUSEHOLD,100
2014-07-27,FOODS,285
2014-07-27,HOBBIES,135
2014-07-27,HOUSEHOLD,116
2014-07-28,FOODS,244
2014-07-28,HOBBIES,115
2014-07-28,HOUSEHOLD,103
2014-07-29,FOODS,259
2014-07-29,HOBBIES,99
2014-07-29,HOUSEHOLD,81
2014-07-30,FOODS,230
2014-07-30,HOBBIES,82
2014-07-30,HOUSEHOLD,92
2014-07-31,FOODS,246
2014-07-31,HOBBIES,122
2014-07-31,HOUSEHOLD,104
2014-08-01,FOODS,296
2014-08-01,HOBBIES,106
2014-08-01,HOUSEHOLD,109
2014-08-02,FOODS,316
2014-08-02,HOBBIES,117
2014-08-02,HOUSEHOLD,133
2014-08-03,FOODS,278
2014-08-03,HOBBIES,173
2014-08-03,HOUSEHOLD,121
2014-08-04,FOODS,265
2014-08-04,HOBBIES,97
2014-08-04,HOUSEHOLD,94
2014-08-05,FOODS,309
2014-08-05,HOBBIES,71
2014-08-05,HOUSEHOLD,115
2014-08-06,FOODS,303
2014-08-06,HOBBIES,77
2014-08-06,HOUSEHOLD,74
2014-08-07,FOODS,280
2014-08-07,HOBBIES,164
2014-08-07,HOUSEHOLD,86
2014-08-08,FOODS,323
2014-08-08,HOBBIES,104
2014-08-08,HOUSEHOLD,99
2014-08-09,FOODS,360
2014-08-09,HOBBIES,120
2014-08-09,HOUSEHOLD,93
2014-08-10,FOODS,316
2014-08-10,HOBBIES,137
2014-08-10,HOUSEHOLD,108
2014-08-11,FOODS,220
2014-08-11,HOBBIES,108
2014-08-11,HOUSEHOLD,82
2014-08-12,FOODS,230
2014-08-12,HOBBIES,125
2014-08-12,HOUSEHOLD,85
2014-08-13,FOODS,259
2014-08-13,HOBBIES,57
2014-08-13,HOUSEHOLD,109
2014-08-14,FOODS,230
2014-08-14,HOBBIES,111
2014-08-14,HOUSEHOLD,84
2014-08-15,FOODS,248
2014-08-15,HOBBIES,97
2014-08-15,HOUSEHOLD,89
2014-08-16,FOODS,280
2014-08-16,HOBBIES,179
2014-08-16,HOUSEHOLD,115
2014-08-17,FOODS,300
2014-08-17,HOBBIES,134
2014-08-17,HOUSEHOLD,173
2014-08-18,FOODS,252
2014-08-18,HOBBIES,103
2014-08-18,HOUSEHOLD,108
2014-08-19,FOODS,212
2014-08-19,HOBBIES,82
2014-08-19,HOUSEHOLD,97
2014-08-20,FOODS,208
2014-08-20,HOBBIES,116
2014-08-20,HOUSEHOLD,113
2014-08-21,FOODS,256
2014-08-21,HOBBIES,101
2014-08-21,HOUSEHOLD,85
2014-08-22,FOODS,265
2014-08-22,HOBBIES,142
2014-08-22,HOUSEHOLD,113
2014-08-23,FOODS,343
2014-08-23,HOBBIES,171
2014-08-23,HOUSEHOLD,118
2014-08-24,FOODS,273
2014-08-24,HOBBIES,140
2014-08-24,HOUSEHOLD,142
2014-08-25,FOODS,258
2014-08-25,HOBBIES,133
2014-08-25,HOUSEHOLD,102
2014-08-26,FOODS,231
2014-08-26,HOBBIES,140
2014-08-26,HOUSEHOLD,83
2014-08-27,FOODS,166
2014-08-27,HOBBIES,119
2014-08-27,HOUSEHOLD,107
2014-08-28,FOODS,147
2014-08-28,HOBBIES,128
2014-08-28,HOUSEHOLD,83
2014-08-29,FOODS,144
2014-08-29,HOBBIES,122
2014-08-29,HOUSEHOLD,180
2014-08-30,FOODS,223
2014-08-30,HOBBIES,126
2014-08-30,HOUSEHOLD,132
2014-08-31,FOODS,175
2014-08-31,HOBBIES,139
2014-08-31,HOUSEHOLD,114
2014-09-01,FOODS,193
2014-09-01,HOBBIES,153
2014-09-01,HOUSEHOLD,117
2014-09-02,FOODS,171
2014-09-02,HOBBIES,66
2014-09-02,HOUSEHOLD,90
2014-09-03,FOODS,286
2014-09-03,HOBBIES,118
2014-09-03,HOUSEHOLD,96
2014-09-04,FOODS,226
2014-09-04,HOBBIES,121
2014-09-04,HOUSEHOLD,83
2014-09-05,FOODS,324
2014-09-05,HOBBIES,116
2014-09-05,HOUSEHOLD,123
2014-09-06,FOODS,287
2014-09-06,HOBBIES,88
2014-09-06,HOUSEHOLD,155
2014-09-07,FOODS,283
2014-09-07,HOBBIES,166
2014-09-07,HOUSEHOLD,129
2014-09-08,FOODS,300
2014-09-08,HOBBIES,82
2014-09-08,HOUSEHOLD,95
2014-09-09,FOODS,220
2014-09-09,HOBBIES,179
2014-09-09,HOUSEHOLD,80
2014-09-10,FOODS,259
2014-09-10,HOBBIES,95
2014-09-10,HOUSEHOLD,99
2014-09-11,FOODS,375
2014-09-11,HOBBIES,101
2014-09-11,HOUSEHOLD,91
2014-09-12,FOODS,364
2014-09-12,HOBBIES,107
2014-09-12,HOUSEHOLD,107
2014-09-13,FOODS,370
2014-09-13,HOBBIES,142
2014-09-13,HOUSEHOLD,96
2014-09-14,FOODS,203
2014-09-14,HOBBIES,143
2014-09-14,HOUSEHOLD,116
2014-09-15,FOODS,172
2014-09-15,HOBBIES,94
2014-09-15,HOUSEHOLD,98
2014-09-16,FOODS,175
2014-09-16,HOBBIES,127
2014-09-16,HOUSEHOLD,62
2014-09-17,FOODS,164
2014-09-17,HOBBIES,78
2014-09-17,HOUSEHOLD,93
2014-09-18,FOODS,175
2014-09-18,HOBBIES,124
2014-09-18,HOUSEHOLD,73
2014-09-19,FOODS,205
2014-09-19,HOBBIES,93
2014-09-19,HOUSEHOLD,98
2014-09-20,FOODS,213
2014-09-20,HOBBIES,126
2014-09-20,HOUSEHOLD,131
2014-09-21,FOODS,219
2014-09-21,HOBBIES,132
2014-09-21,HOUSEHOLD,144
2014-09-22,FOODS,168
2014-09-22,HOBBIES,86
2014-09-22,HOUSEHOLD,115
2014-09-23,FOODS,167
2014-09-23,HOBBIES,113
2014-09-23,HOUSEHOLD,90
2014-09-24,FOODS,130
2014-09-24,HOBBIES,85
2014-09-24,HOUSEHOLD,83
2014-09-25,FOODS,173
2014-09-25,HOBBIES,88
2014-09-25,HOUSEHOLD,101
2014-09-26,FOODS,170
2014-09-26,HOBBIES,100
2014-09-26,HOUSEHOLD,137
2014-09-27,FOODS,232
2014-09-27,HOBBIES,146
2014-09-27,HOUSEHOLD,141
2014-09-28,FOODS,218
2014-09-28,HOBBIES,148
2014-09-28,HOUSEHOLD,147
2014-09-29,FOODS,162
2014-09-29,HOBBIES,110
2014-09-29,HOUSEHOLD,127
2014-09-30,FOODS,174
2014-09-30,HOBBIES,91
2014-09-30,HOUSEHOLD,146
2014-10-01,FOODS,203
2014-10-01,HOBBIES,90
2014-10-01,HOUSEHOLD,144
2014-10-02,FOODS,204
2014-10-02,HOBBIES,63
2014-10-02,HOUSEHOLD,98
2014-10-03,FOODS,236
2014-10-03,HOBBIES,102
2014-10-03,HOUSEHOLD,113
2014-10-04,FOODS,296
2014-10-04,HOBBIES,128
2014-10-04,HOUSEHOLD,188
2014-10-05,FOODS,255
2014-10-05,HOBBIES,125
2014-10-05,HOUSEHOLD,161
2014-10-06,FOODS,225
2014-10-06,HOBBIES,105
2014-10-06,HOUSEHOLD,116
2014-10-07,FOODS,217
2014-10-07,HOBBIES,66
2014-10-07,HOUSEHOLD,108
2014-10-08,FOODS,218
2014-10-08,HOBBIES,109
2014-10-08,HOUSEHOLD,105
2014-10-09,FOODS,181
2014-10-09,HOBBIES,125
2014-10-09,HOUSEHOLD,111
2014-10-10,FOODS,224
2014-10-10,HOBBIES,88
2014-10-10,HOUSEHOLD,100
2014-10-11,FOODS,230
2014-10-11,HOBBIES,115
2014-10-11,HOUSEHOLD,155
2014-10-12,FOODS,400
2014-10-12,HOBBIES,136
2014-10-12,HOUSEHOLD,180
2014-10-13,FOODS,300
2014-10-13,HOBBIES,93
2014-10-13,HOUSEHOLD,99
2014-10-14,FOODS,246
2014-10-14,HOBBIES,75
2014-10-14,HOUSEHOLD,119
2014-10-15,FOODS,265
2014-10-15,HOBBIES,101
2014-10-15,HOUSEHOLD,94
2014-10-16,FOODS,221
2014-10-16,HOBBIES,81
2014-10-16,HOUSEHOLD,83
2014-10-17,FOODS,302
2014-10-17,HOBBIES,112
2014-10-17,HOUSEHOLD,109
2014-10-18,FOODS,347
2014-10-18,HOBBIES,111
2014-10-18,HOUSEHOLD,147
2014-10-19,FOODS,349
2014-10-19,HOBBIES,163
2014-10-19,HOUSEHOLD,166
2014-10-20,FOODS,279
2014-10-20,HOBBIES,91
2014-10-20,HOUSEHOLD,139
2014-10-21,FOODS,243
2014-10-21,HOBBIES,106
2014-10-21,HOUSEHOLD,67
2014-10-22,FOODS,271
2014-10-22,HOBBIES,138
2014-10-22,HOUSEHOLD,80
2014-10-23,FOODS,261
2014-10-23,HOBBIES,90
2014-10-23,HOUSEHOLD,100
2014-10-24,FOODS,325
2014-10-24,HOBBIES,133
2014-10-24,HOUSEHOLD,105
2014-10-25,FOODS,326
2014-10-25,HOBBIES,127
2014-10-25,HOUSEHOLD,152
2014-10-26,FOODS,343
2014-10-26,HOBBIES,134
2014-10-26,HOUSEHOLD,107
2014-10-27,FOODS,326
2014-10-27,HOBBIES,79
2014-10-27,HOUSEHOLD,80
2014-10-28,FOODS,301
2014-10-28,HOBBIES,104
2014-10-28,HOUSEHOLD,64
2014-10-29,FOODS,224
2014-10-29,HOBBIES,100
2014-10-29,HOUSEHOLD,68
2014-10-30,FOODS,253
2014-10-30,HOBBIES,128
2014-10-30,HOUSEHOLD,69
2014-10-31,FOODS,343
2014-10-31,HOBBIES,135
2014-10-31,HOUSEHOLD,63
2014-11-01,FOODS,364
2014-11-01,HOBBIES,139
2014-11-01,HOUSEHOLD,150
2014-11-02,FOODS,343
2014-11-02,HOBBIES,141
2014-11-02,HOUSEHOLD,175
2014-11-03,FOODS,289
2014-11-03,HOBBIES,164
2014-11-03,HOUSEHOLD,120
2014-11-04,FOODS,216
2014-11-04,HOBBIES,110
2014-11-04,HOUSEHOLD,103
2014-11-05,FOODS,208
2014-11-05,HOBBIES,76
2014-11-05,HOUSEHOLD,102
2014-11-06,FOODS,251
2014-11-06,HOBBIES,81
2014-11-06,HOUSEHOLD,100
2014-11-07,FOODS,259
2014-11-07,HOBBIES,162
2014-11-07,HOUSEHOLD,122
2014-11-08,FOODS,324
2014-11-08,HOBBIES,111
2014-11-08,HOUSEHOLD,154
2014-11-09,FOODS,340
2014-11-09,HOBBIES,141
2014-11-09,HOUSEHOLD,165
2014-11-10,FOODS,277
2014-11-10,HOBBIES,62
2014-11-10,HOUSEHOLD,115
2014-11-11,FOODS,181
2014-11-11,HOBBIES,158
2014-11-11,HOUSEHOLD,94
2014-11-12,FOODS,203
2014-11-12,HOBBIES,74
2014-11-12,HOUSEHOLD,101
2014-11-13,FOODS,239
2014-11-13,HOBBIES,75
2014-11-13,HOUSEHOLD,96
2014-11-14,FOODS,261
2014-11-14,HOBBIES,151
2014-11-14,HOUSEHOLD,101
2014-11-15,FOODS,238
2014-11-15,HOBBIES,145
2014-11-15,HOUSEHOLD,134
2014-11-16,FOODS,373
2014-11-16,HOBBIES,139
2014-11-16,HOUSEHOLD,117
2014-11-17,FOODS,277
2014-11-17,HOBBIES,77
2014-11-17,HOUSEHOLD,102
2014-11-18,FOODS,209
2014-11-18,HOBBIES,59
2014-11-18,HOUSEHOLD,86
2014-11-19,FOODS,225
2014-11-19,HOBBIES,143
2014-11-19,HOUSEHOLD,87
2014-11-20,FOODS,255
2014-11-20,HOBBIES,80
2014-11-20,HOUSEHOLD,100
2014-11-21,FOODS,276
2014-11-21,HOBBIES,102
2014-11-21,HOUSEHOLD,97
2014-11-22,FOODS,313
2014-11-22,HOBBIES,158
2014-11-22,HOUSEHOLD,153
2014-11-23,FOODS,411
2014-11-23,HOBBIES,190
2014-11-23,HOUSEHOLD,125
2014-11-24,FOODS,259
2014-11-24,HOBBIES,126
2014-11-24,HOUSEHOLD,96
2014-11-25,FOODS,265
2014-11-25,HOBBIES,138
2014-11-25,HOUSEHOLD,93
2014-11-26,FOODS,324
2014-11-26,HOBBIES,84
2014-11-26,HOUSEHOLD,93
2014-11-27,FOODS,214
2014-11-27,HOBBIES,26
2014-11-27,HOUSEHOLD,59
2014-11-28,FOODS,289
2014-11-28,HOBBIES,111
2014-11-28,HOUSEHOLD,86
2014-11-29,FOODS,329
2014-11-29,HOBBIES,149
2014-11-29,HOUSEHOLD,123
2014-11-30,FOODS,369
2014-11-30,HOBBIES,114
2014-11-30,HOUSEHOLD,131
2014-12-01,FOODS,354
2014-12-01,HOBBIES,194
2014-12-01,HOUSEHOLD,108
2014-12-02,FOODS,317
2014-12-02,HOBBIES,95
2014-12-02,HOUSEHOLD,97
2014-12-03,FOODS,332
2014-12-03,HOBBIES,154
2014-12-03,HOUSEHOLD,69
2014-12-04,FOODS,361
2014-12-04,HOBBIES,172
2014-12-04,HOUSEHOLD,90
2014-12-05,FOODS,376
2014-12-05,HOBBIES,115
2014-12-05,HOUSEHOLD,117
2014-12-06,FOODS,511
2014-12-06,HOBBIES,159
2014-12-06,HOUSEHOLD,108
2014-12-07,FOODS,416
2014-12-07,HOBBIES,188
2014-12-07,HOUSEHOLD,106
2014-12-08,FOODS,277
2014-12-08,HOBBIES,108
2014-12-08,HOUSEHOLD,105
2014-12-09,FOODS,359
2014-12-09,HOBBIES,142
2014-12-09,HOUSEHOLD,64
2014-12-10,FOODS,352
2014-12-10,HOBBIES,152
2014-12-10,HOUSEHOLD,66
2014-12-11,FOODS,289
2014-12-11,HOBBIES,85
2014-12-11,HOUSEHOLD,60
2014-12-12,FOODS,343
2014-12-12,HOBBIES,130
2014-12-12,HOUSEHOLD,68
2014-12-13,FOODS,385
2014-12-13,HOBBIES,111
2014-12-13,HOUSEHOLD,82
2014-12-14,FOODS,392
2014-12-14,HOBBIES,162
2014-12-14,HOUSEHOLD,92
2014-12-15,FOODS,349
2014-12-15,HOBBIES,134
2014-12-15,HOUSEHOLD,55
2014-12-16,FOODS,298
2014-12-16,HOBBIES,118
2014-12-16,HOUSEHOLD,68
2014-12-17,FOODS,273
2014-12-17,HOBBIES,131
2014-12-17,HOUSEHOLD,73
2014-12-18,FOODS,369
2014-12-18,HOBBIES,135
2014-12-18,HOUSEHOLD,65
2014-12-19,FOODS,335
2014-12-19,HOBBIES,97
2014-12-19,HOUSEHOLD,56
2014-12-20,FOODS,453
2014-12-20,HOBBIES,221
2014-12-20,HOUSEHOLD,112
2014-12-21,FOODS,361
2014-12-21,HOBBIES,105
2014-12-21,HOUSEHOLD,106
2014-12-22,FOODS,381
2014-12-22,HOBBIES,101
2014-12-22,HOUSEHOLD,88
2014-12-23,FOODS,352
2014-12-23,HOBBIES,145
2014-12-23,HOUSEHOLD,64
2014-12-24,FOODS,281
2014-12-24,HOBBIES,168
2014-12-24,HOUSEHOLD,77
2014-12-25,FOODS,0
2014-12-25,HOBBIES,0
2014-12-25,HOUSEHOLD,0
2014-12-26,FOODS,279
2014-12-26,HOBBIES,173
2014-12-26,HOUSEHOLD,127
2014-12-27,FOODS,271
2014-12-27,HOBBIES,152
2014-12-27,HOUSEHOLD,110
2014-12-28,FOODS,229
2014-12-28,HOBBIES,146
2014-12-28,HOUSEHOLD,99
2014-12-29,FOODS,201
2014-12-29,HOBBIES,153
2014-12-29,HOUSEHOLD,104
2014-12-30,FOODS,244
2014-12-30,HOBBIES,104
2014-12-30,HOUSEHOLD,67
2014-12-31,FOODS,274
2014-12-31,HOBBIES,80
2014-12-31,HOUSEHOLD,81
2015-01-01,FOODS,231
2015-01-01,HOBBIES,146
2015-01-01,HOUSEHOLD,76
2015-01-02,FOODS,336
2015-01-02,HOBBIES,134
2015-01-02,HOUSEHOLD,101
2015-01-03,FOODS,425
2015-01-03,HOBBIES,133
2015-01-03,HOUSEHOLD,111
2015-01-04,FOODS,287
2015-01-04,HOBBIES,125
2015-01-04,HOUSEHOLD,102
2015-01-05,FOODS,237
2015-01-05,HOBBIES,109
2015-01-05,HOUSEHOLD,89
2015-01-06,FOODS,242
2015-01-06,HOBBIES,124
2015-01-06,HOUSEHOLD,80
2015-01-07,FOODS,242
2015-01-07,HOBBIES,95
2015-01-07,HOUSEHOLD,71
2015-01-08,FOODS,269
2015-01-08,HOBBIES,107
2015-01-08,HOUSEHOLD,71
2015-01-09,FOODS,299
2015-01-09,HOBBIES,158
2015-01-09,HOUSEHOLD,81
2015-01-10,FOODS,383
2015-01-10,HOBBIES,148
2015-01-10,HOUSEHOLD,95
2015-01-11,FOODS,318
2015-01-11,HOBBIES,94
2015-01-11,HOUSEHOLD,132
2015-01-12,FOODS,288
2015-01-12,HOBBIES,98
2015-01-12,HOUSEHOLD,83
2015-01-13,FOODS,286
2015-01-13,HOBBIES,164
2015-01-13,HOUSEHOLD,88
2015-01-14,FOODS,241
2015-01-14,HOBBIES,80
2015-01-14,HOUSEHOLD,74
2015-01-15,FOODS,249
2015-01-15,HOBBIES,73
2015-01-15,HOUSEHOLD,71
2015-01-16,FOODS,247
2015-01-16,HOBBIES,89
2015-01-16,HOUSEHOLD,97
2015-01-17,FOODS,335
2015-01-17,HOBBIES,169
2015-01-17,HOUSEHOLD,144
2015-01-18,FOODS,293
2015-01-18,HOBBIES,162
2015-01-18,HOUSEHOLD,150
2015-01-19,FOODS,235
2015-01-19,HOBBIES,75
2015-01-19,HOUSEHOLD,138
2015-01-20,FOODS,226
2015-01-20,HOBBIES,123
2015-01-20,HOUSEHOLD,99
2015-01-21,FOODS,227
2015-01-21,HOBBIES,86
2015-01-21,HOUSEHOLD,84
2015-01-22,FOODS,213
2015-01-22,HOBBIES,139
2015-01-22,HOUSEHOLD,90
2015-01-23,FOODS,240
2015-01-23,HOBBIES,134
2015-01-23,HOUSEHOLD,105
2015-01-24,FOODS,304
2015-01-24,HOBBIES,98
2015-01-24,HOUSEHOLD,135
2015-01-25,FOODS,291
2015-01-25,HOBBIES,157
2015-01-25,HOUSEHOLD,116
2015-01-26,FOODS,347
2015-01-26,HOBBIES,117
2015-01-26,HOUSEHOLD,108
2015-01-27,FOODS,229
2015-01-27,HOBBIES,95
2015-01-27,HOUSEHOLD,78
2015-01-28,FOODS,267
2015-01-28,HOBBIES,103
2015-01-28,HOUSEHOLD,94
2015-01-29,FOODS,251
2015-01-29,HOBBIES,119
2015-01-29,HOUSEHOLD,93
2015-01-30,FOODS,324
2015-01-30,HOBBIES,144
2015-01-30,HOUSEHOLD,184
2015-01-31,FOODS,424
2015-01-31,HOBBIES,228
2015-01-31,HOUSEHOLD,204
2015-02-01,FOODS,330
2015-02-01,HOBBIES,144
2015-02-01,HOUSEHOLD,180
2015-02-02,FOODS,289
2015-02-02,HOBBIES,75
2015-02-02,HOUSEHOLD,113
2015-02-03,FOODS,278
2015-02-03,HOBBIES,138
2015-02-03,HOUSEHOLD,154
2015-02-04,FOODS,305
2015-02-04,HOBBIES,102
2015-02-04,HOUSEHOLD,126
2015-02-05,FOODS,242
2015-02-05,HOBBIES,111
2015-02-05,HOUSEHOLD,129
2015-02-06,FOODS,293
2015-02-06,HOBBIES,111
2015-02-06,HOUSEHOLD,126
2015-02-07,FOODS,411
2015-02-07,HOBBIES,196
2015-02-07,HOUSEHOLD,152
2015-02-08,FOODS,345
2015-02-08,HOBBIES,180
2015-02-08,HOUSEHOLD,220
2015-02-09,FOODS,406
2015-02-09,HOBBIES,98
2015-02-09,HOUSEHOLD,129
2015-02-10,FOODS,282
2015-02-10,HOBBIES,153
2015-02-10,HOUSEHOLD,127
2015-02-11,FOODS,308
2015-02-11,HOBBIES,90
2015-02-11,HOUSEHOLD,124
2015-02-12,FOODS,313
2015-02-12,HOBBIES,153
2015-02-12,HOUSEHOLD,119
2015-02-13,FOODS,302
2015-02-13,HOBBIES,138
2015-02-13,HOUSEHOLD,111
2015-02-14,FOODS,338
2015-02-14,HOBBIES,130
2015-02-14,HOUSEHOLD,145
2015-02-15,FOODS,343
2015-02-15,HOBBIES,138
2015-02-15,HOUSEHOLD,186
2015-02-16,FOODS,313
2015-02-16,HOBBIES,92
2015-02-16,HOUSEHOLD,162
2015-02-17,FOODS,279
2015-02-17,HOBBIES,139
2015-02-17,HOUSEHOLD,118
2015-02-18,FOODS,265
2015-02-18,HOBBIES,129
2015-02-18,HOUSEHOLD,104
2015-02-19,FOODS,240
2015-02-19,HOBBIES,97
2015-02-19,HOUSEHOLD,130
2015-02-20,FOODS,303
2015-02-20,HOBBIES,183
2015-02-20,HOUSEHOLD,124
2015-02-21,FOODS,313
2015-02-21,HOBBIES,156
2015-02-21,HOUSEHOLD,175
2015-02-22,FOODS,324
2015-02-22,HOBBIES,132
2015-02-22,HOUSEHOLD,130
2015-02-23,FOODS,292
2015-02-23,HOBBIES,96
2015-02-23,HOUSEHOLD,107
2015-02-24,FOODS,220
2015-02-24,HOBBIES,148
2015-02-24,HOUSEHOLD,88
2015-02-25,FOODS,240
2015-02-25,HOBBIES,82
2015-02-25,HOUSEHOLD,97
2015-02-26,FOODS,293
2015-02-26,HOBBIES,136
2015-02-26,HOUSEHOLD,92
2015-02-27,FOODS,290
2015-02-27,HOBBIES,138
2015-02-27,HOUSEHOLD,98
2015-02-28,FOODS,360
2015-02-28,HOBBIES,197
2015-02-28,HOUSEHOLD,126
2015-03-01,FOODS,354
2015-03-01,HOBBIES,120
2015-03-01,HOUSEHOLD,148
2015-03-02,FOODS,307
2015-03-02,HOBBIES,120
2015-03-02,HOUSEHOLD,121
2015-03-03,FOODS,222
2015-03-03,HOBBIES,141
2015-03-03,HOUSEHOLD,108
2015-03-04,FOODS,332
2015-03-04,HOBBIES,89
2015-03-04,HOUSEHOLD,104
2015-03-05,FOODS,204
2015-03-05,HOBBIES,141
2015-03-05,HOUSEHOLD,109
2015-03-06,FOODS,293
2015-03-06,HOBBIES,90
2015-03-06,HOUSEHOLD,109
2015-03-07,FOODS,341
2015-03-07,HOBBIES,193
2015-03-07,HOUSEHOLD,159
2015-03-08,FOODS,306
2015-03-08,HOBBIES,170
2015-03-08,HOUSEHOLD,151
2015-03-09,FOODS,305
2015-03-09,HOBBIES,101
2015-03-09,HOUSEHOLD,101
2015-03-10,FOODS,238
2015-03-10,HOBBIES,101
2015-03-10,HOUSEHOLD,130
2015-03-11,FOODS,214
2015-03-11,HOBBIES,99
2015-03-11,HOUSEHOLD,120
2015-03-12,FOODS,216
2015-03-12,HOBBIES,126
2015-03-12,HOUSEHOLD,80
2015-03-13,FOODS,324
2015-03-13,HOBBIES,125
2015-03-13,HOUSEHOLD,140
2015-03-14,FOODS,299
2015-03-14,HOBBIES,118
2015-03-14,HOUSEHOLD,214
2015-03-15,FOODS,261
2015-03-15,HOBBIES,199
2015-03-15,HOUSEHOLD,208
2015-03-16,FOODS,255
2015-03-16,HOBBIES,111
2015-03-16,HOUSEHOLD,163
2015-03-17,FOODS,234
2015-03-17,HOBBIES,91
2015-03-17,HOUSEHOLD,123
2015-03-18,FOODS,184
2015-03-18,HOBBIES,118
2015-03-18,HOUSEHOLD,98
2015-03-19,FOODS,230
2015-03-19,HOBBIES,75
2015-03-19,HOUSEHOLD,118
2015-03-20,FOODS,227
2015-03-20,HOBBIES,123
2015-03-20,HOUSEHOLD,131
2015-03-21,FOODS,232
2015-03-21,HOBBIES,93
2015-03-21,HOUSEHOLD,156
2015-03-22,FOODS,327
2015-03-22,HOBBIES,156
2015-03-22,HOUSEHOLD,180
2015-03-23,FOODS,237
2015-03-23,HOBBIES,111
2015-03-23,HOUSEHOLD,95
2015-03-24,FOODS,236
2015-03-24,HOBBIES,136
2015-03-24,HOUSEHOLD,87
2015-03-25,FOODS,272
2015-03-25,HOBBIES,94
2015-03-25,HOUSEHOLD,102
2015-03-26,FOODS,226
2015-03-26,HOBBIES,124
2015-03-26,HOUSEHOLD,96
2015-03-27,FOODS,220
2015-03-27,HOBBIES,105
2015-03-27,HOUSEHOLD,128
2015-03-28,FOODS,278
2015-03-28,HOBBIES,144
2015-03-28,HOUSEHOLD,131
2015-03-29,FOODS,302
2015-03-29,HOBBIES,189
2015-03-29,HOUSEHOLD,150
2015-03-30,FOODS,231
2015-03-30,HOBBIES,111
2015-03-30,HOUSEHOLD,118
2015-03-31,FOODS,231
2015-03-31,HOBBIES,119
2015-03-31,HOUSEHOLD,187
2015-04-01,FOODS,270
2015-04-01,HOBBIES,106
2015-04-01,HOUSEHOLD,115
2015-04-02,FOODS,228
2015-04-02,HOBBIES,89
2015-04-02,HOUSEHOLD,113
2015-04-03,FOODS,353
2015-04-03,HOBBIES,158
2015-04-03,HOUSEHOLD,112
2015-04-04,FOODS,394
2015-04-04,HOBBIES,144
2015-04-04,HOUSEHOLD,144
2015-04-05,FOODS,289
2015-04-05,HOBBIES,159
2015-04-05,HOUSEHOLD,139
2015-04-06,FOODS,254
2015-04-06,HOBBIES,116
2015-04-06,HOUSEHOLD,127
2015-04-07,FOODS,242
2015-04-07,HOBBIES,95
2015-04-07,HOUSEHOLD,123
2015-04-08,FOODS,230
2015-04-08,HOBBIES,75
2015-04-08,HOUSEHOLD,107
2015-04-09,FOODS,197
2015-04-09,HOBBIES,102
2015-04-09,HOUSEHOLD,117
2015-04-10,FOODS,246
2015-04-10,HOBBIES,95
2015-04-10,HOUSEHOLD,155
2015-04-11,FOODS,336
2015-04-11,HOBBIES,210
2015-04-11,HOUSEHOLD,168
2015-04-12,FOODS,348
2015-04-12,HOBBIES,143
2015-04-12,HOUSEHOLD,144
2015-04-13,FOODS,248
2015-04-13,HOBBIES,96
2015-04-13,HOUSEHOLD,92
2015-04-14,FOODS,276
2015-04-14,HOBBIES,64
2015-04-14,HOUSEHOLD,100
2015-04-15,FOODS,252
2015-04-15,HOBBIES,125
2015-04-15,HOUSEHOLD,129
2015-04-16,FOODS,162
2015-04-16,HOBBIES,90
2015-04-16,HOUSEHOLD,103
2015-04-17,FOODS,188
2015-04-17,HOBBIES,112
2015-04-17,HOUSEHOLD,88
2015-04-18,FOODS,205
2015-04-18,HOBBIES,155
2015-04-18,HOUSEHOLD,156
2015-04-19,FOODS,208
2015-04-19,HOBBIES,127
2015-04-19,HOUSEHOLD,134
2015-04-20,FOODS,186
2015-04-20,HOBBIES,89
2015-04-20,HOUSEHOLD,116
2015-04-21,FOODS,154
2015-04-21,HOBBIES,96
2015-04-21,HOUSEHOLD,89
2015-04-22,FOODS,168
2015-04-22,HOBBIES,139
2015-04-22,HOUSEHOLD,95
2015-04-23,FOODS,193
2015-04-23,HOBBIES,100
2015-04-23,HOUSEHOLD,121
2015-04-24,FOODS,203
2015-04-24,HOBBIES,81
2015-04-24,HOUSEHOLD,97
2015-04-25,FOODS,251
2015-04-25,HOBBIES,160
2015-04-25,HOUSEHOLD,160
2015-04-26,FOODS,186
2015-04-26,HOBBIES,135
2015-04-26,HOUSEHOLD,135
2015-04-27,FOODS,170
2015-04-27,HOBBIES,109
2015-04-27,HOUSEHOLD,82
2015-04-28,FOODS,163
2015-04-28,HOBBIES,96
2015-04-28,HOUSEHOLD,79
2015-04-29,FOODS,141
2015-04-29,HOBBIES,107
2015-04-29,HOUSEHOLD,103
2015-04-30,FOODS,161
2015-04-30,HOBBIES,107
2015-04-30,HOUSEHOLD,123
2015-05-01,FOODS,192
2015-05-01,HOBBIES,118
2015-05-01,HOUSEHOLD,159
2015-05-02,FOODS,222
2015-05-02,HOBBIES,135
2015-05-02,HOUSEHOLD,148
2015-05-03,FOODS,238
2015-05-03,HOBBIES,118
2015-05-03,HOUSEHOLD,158
2015-05-04,FOODS,187
2015-05-04,HOBBIES,134
2015-05-04,HOUSEHOLD,122
2015-05-05,FOODS,166
2015-05-05,HOBBIES,89
2015-05-05,HOUSEHOLD,102
2015-05-06,FOODS,141
2015-05-06,HOBBIES,82
2015-05-06,HOUSEHOLD,101
2015-05-07,FOODS,177
2015-05-07,HOBBIES,83
2015-05-07,HOUSEHOLD,86
2015-05-08,FOODS,173
2015-05-08,HOBBIES,119
2015-05-08,HOUSEHOLD,93
2015-05-09,FOODS,200
2015-05-09,HOBBIES,131
2015-05-09,HOUSEHOLD,141
2015-05-10,FOODS,166
2015-05-10,HOBBIES,204
2015-05-10,HOUSEHOLD,114
2015-05-11,FOODS,198
2015-05-11,HOBBIES,89
2015-05-11,HOUSEHOLD,77
2015-05-12,FOODS,151
2015-05-12,HOBBIES,142
2015-05-12,HOUSEHOLD,94
2015-05-13,FOODS,259
2015-05-13,HOBBIES,96
2015-05-13,HOUSEHOLD,120
2015-05-14,FOODS,243
2015-05-14,HOBBIES,80
2015-05-14,HOUSEHOLD,102
2015-05-15,FOODS,306
2015-05-15,HOBBIES,123
2015-05-15,HOUSEHOLD,123
2015-05-16,FOODS,302
2015-05-16,HOBBIES,157
2015-05-16,HOUSEHOLD,148
2015-05-17,FOODS,301
2015-05-17,HOBBIES,153
2015-05-17,HOUSEHOLD,157
2015-05-18,FOODS,232
2015-05-18,HOBBIES,79
2015-05-18,HOUSEHOLD,92
2015-05-19,FOODS,246
2015-05-19,HOBBIES,119
2015-05-19,HOUSEHOLD,104
2015-05-20,FOODS,221
2015-05-20,HOBBIES,84
2015-05-20,HOUSEHOLD,109
2015-05-21,FOODS,204
2015-05-21,HOBBIES,88
2015-05-21,HOUSEHOLD,81
2015-05-22,FOODS,298
2015-05-22,HOBBIES,128
2015-05-22,HOUSEHOLD,95
2015-05-23,FOODS,279
2015-05-23,HOBBIES,185
2015-05-23,HOUSEHOLD,159
2015-05-24,FOODS,252
2015-05-24,HOBBIES,119
2015-05-24,HOUSEHOLD,150
2015-05-25,FOODS,243
2015-05-25,HOBBIES,106
2015-05-25,HOUSEHOLD,146
2015-05-26,FOODS,195
2015-05-26,HOBBIES,102
2015-05-26,HOUSEHOLD,116
2015-05-27,FOODS,195
2015-05-27,HOBBIES,159
2015-05-27,HOUSEHOLD,103
2015-05-28,FOODS,218
2015-05-28,HOBBIES,111
2015-05-28,HOUSEHOLD,101
2015-05-29,FOODS,271
2015-05-29,HOBBIES,101
2015-05-29,HOUSEHOLD,114
2015-05-30,FOODS,312
2015-05-30,HOBBIES,158
2015-05-30,HOUSEHOLD,151
2015-05-31,FOODS,291
2015-05-31,HOBBIES,145
2015-05-31,HOUSEHOLD,203
2015-06-01,FOODS,332
2015-06-01,HOBBIES,105
2015-06-01,HOUSEHOLD,124
2015-06-02,FOODS,302
2015-06-02,HOBBIES,102
2015-06-02,HOUSEHOLD,126
2015-06-03,FOODS,334
2015-06-03,HOBBIES,89
2015-06-03,HOUSEHOLD,110
2015-06-04,FOODS,236
2015-06-04,HOBBIES,90
2015-06-04,HOUSEHOLD,152
2015-06-05,FOODS,272
2015-06-05,HOBBIES,183
2015-06-05,HOUSEHOLD,141
2015-06-06,FOODS,393
2015-06-06,HOBBIES,117
2015-06-06,HOUSEHOLD,162
2015-06-07,FOODS,319
2015-06-07,HOBBIES,130
2015-06-07,HOUSEHOLD,153
2015-06-08,FOODS,272
2015-06-08,HOBBIES,136
2015-06-08,HOUSEHOLD,120
2015-06-09,FOODS,280
2015-06-09,HOBBIES,103
2015-06-09,HOUSEHOLD,116
2015-06-10,FOODS,245
2015-06-10,HOBBIES,114
2015-06-10,HOUSEHOLD,112
2015-06-11,FOODS,282
2015-06-11,HOBBIES,86
2015-06-11,HOUSEHOLD,122
2015-06-12,FOODS,261
2015-06-12,HOBBIES,134
2015-06-12,HOUSEHOLD,110
2015-06-13,FOODS,358
2015-06-13,HOBBIES,189
2015-06-13,HOUSEHOLD,141
2015-06-14,FOODS,286
2015-06-14,HOBBIES,125
2015-06-14,HOUSEHOLD,153
2015-06-15,FOODS,373
2015-06-15,HOBBIES,106
2015-06-15,HOUSEHOLD,122
2015-06-16,FOODS,259
2015-06-16,HOBBIES,69
2015-06-16,HOUSEHOLD,109
2015-06-17,FOODS,223
2015-06-17,HOBBIES,124
2015-06-17,HOUSEHOLD,102
2015-06-18,FOODS,246
2015-06-18,HOBBIES,75
2015-06-18,HOUSEHOLD,106
2015-06-19,FOODS,270
2015-06-19,HOBBIES,124
2015-06-19,HOUSEHOLD,117
2015-06-20,FOODS,318
2015-06-20,HOBBIES,131
2015-06-20,HOUSEHOLD,159
2015-06-21,FOODS,265
2015-06-21,HOBBIES,135
2015-06-21,HOUSEHOLD,154
2015-06-22,FOODS,286
2015-06-22,HOBBIES,135
2015-06-22,HOUSEHOLD,129
2015-06-23,FOODS,267
2015-06-23,HOBBIES,97
2015-06-23,HOUSEHOLD,89
2015-06-24,FOODS,209
2015-06-24,HOBBIES,103
2015-06-24,HOUSEHOLD,148
2015-06-25,FOODS,200
2015-06-25,HOBBIES,103
2015-06-25,HOUSEHOLD,140
2015-06-26,FOODS,268
2015-06-26,HOBBIES,142
2015-06-26,HOUSEHOLD,127
2015-06-27,FOODS,338
2015-06-27,HOBBIES,101
2015-06-27,HOUSEHOLD,171
2015-06-28,FOODS,299
2015-06-28,HOBBIES,140
2015-06-28,HOUSEHOLD,166
2015-06-29,FOODS,239
2015-06-29,HOBBIES,92
2015-06-29,HOUSEHOLD,158
2015-06-30,FOODS,247
2015-06-30,HOBBIES,147
2015-06-30,HOUSEHOLD,116
2015-07-01,FOODS,273
2015-07-01,HOBBIES,146
2015-07-01,HOUSEHOLD,169
2015-07-02,FOODS,317
2015-07-02,HOBBIES,134
2015-07-02,HOUSEHOLD,125
2015-07-03,FOODS,322
2015-07-03,HOBBIES,102
2015-07-03,HOUSEHOLD,191
2015-07-04,FOODS,340
2015-07-04,HOBBIES,112
2015-07-04,HOUSEHOLD,103
2015-07-05,FOODS,285
2015-07-05,HOBBIES,117
2015-07-05,HOUSEHOLD,116
2015-07-06,FOODS,258
2015-07-06,HOBBIES,178
2015-07-06,HOUSEHOLD,105
2015-07-07,FOODS,163
2015-07-07,HOBBIES,101
2015-07-07,HOUSEHOLD,101
2015-07-08,FOODS,186
2015-07-08,HOBBIES,118
2015-07-08,HOUSEHOLD,115
2015-07-09,FOODS,195
2015-07-09,HOBBIES,125
2015-07-09,HOUSEHOLD,105
2015-07-10,FOODS,278
2015-07-10,HOBBIES,134
2015-07-10,HOUSEHOLD,122
2015-07-11,FOODS,264
2015-07-11,HOBBIES,173
2015-07-11,HOUSEHOLD,148
2015-07-12,FOODS,228
2015-07-12,HOBBIES,165
2015-07-12,HOUSEHOLD,148
2015-07-13,FOODS,176
2015-07-13,HOBBIES,114
2015-07-13,HOUSEHOLD,116
2015-07-14,FOODS,158
2015-07-14,HOBBIES,105
2015-07-14,HOUSEHOLD,123
2015-07-15,FOODS,191
2015-07-15,HOBBIES,75
2015-07-15,HOUSEHOLD,109
2015-07-16,FOODS,195
2015-07-16,HOBBIES,105
2015-07-16,HOUSEHOLD,130
2015-07-17,FOODS,202
2015-07-17,HOBBIES,106
2015-07-17,HOUSEHOLD,142
2015-07-18,FOODS,235
2015-07-18,HOBBIES,158
2015-07-18,HOUSEHOLD,201
2015-07-19,FOODS,258
2015-07-19,HOBBIES,152
2015-07-19,HOUSEHOLD,168
2015-07-20,FOODS,204
2015-07-20,HOBBIES,108
2015-07-20,HOUSEHOLD,132
2015-07-21,FOODS,196
2015-07-21,HOBBIES,156
2015-07-21,HOUSEHOLD,118
2015-07-22,FOODS,172
2015-07-22,HOBBIES,102
2015-07-22,HOUSEHOLD,104
2015-07-23,FOODS,198
2015-07-23,HOBBIES,90
2015-07-23,HOUSEHOLD,111
2015-07-24,FOODS,189
2015-07-24,HOBBIES,123
2015-07-24,HOUSEHOLD,161
2015-07-25,FOODS,229
2015-07-25,HOBBIES,168
2015-07-25,HOUSEHOLD,171
2015-07-26,FOODS,243
2015-07-26,HOBBIES,148
2015-07-26,HOUSEHOLD,165
2015-07-27,FOODS,205
2015-07-27,HOBBIES,188
2015-07-27,HOUSEHOLD,124
2015-07-28,FOODS,185
2015-07-28,HOBBIES,104
2015-07-28,HOUSEHOLD,127
2015-07-29,FOODS,159
2015-07-29,HOBBIES,99
2015-07-29,HOUSEHOLD,128
2015-07-30,FOODS,177
2015-07-30,HOBBIES,114
2015-07-30,HOUSEHOLD,111
2015-07-31,FOODS,229
2015-07-31,HOBBIES,101
2015-07-31,HOUSEHOLD,149
2015-08-01,FOODS,273
2015-08-01,HOBBIES,144
2015-08-01,HOUSEHOLD,176
2015-08-02,FOODS,301
2015-08-02,HOBBIES,169
2015-08-02,HOUSEHOLD,160
2015-08-03,FOODS,226
2015-08-03,HOBBIES,120
2015-08-03,HOUSEHOLD,99
2015-08-04,FOODS,344
2015-08-04,HOBBIES,111
2015-08-04,HOUSEHOLD,104
2015-08-05,FOODS,343
2015-08-05,HOBBIES,117
2015-08-05,HOUSEHOLD,114
2015-08-06,FOODS,405
2015-08-06,HOBBIES,93
2015-08-06,HOUSEHOLD,137
2015-08-07,FOODS,359
2015-08-07,HOBBIES,123
2015-08-07,HOUSEHOLD,183
2015-08-08,FOODS,424
2015-08-08,HOBBIES,177
2015-08-08,HOUSEHOLD,211
2015-08-09,FOODS,466
2015-08-09,HOBBIES,153
2015-08-09,HOUSEHOLD,151
2015-08-10,FOODS,334
2015-08-10,HOBBIES,120
2015-08-10,HOUSEHOLD,94
2015-08-11,FOODS,320
2015-08-11,HOBBIES,69
2015-08-11,HOUSEHOLD,85
2015-08-12,FOODS,271
2015-08-12,HOBBIES,100
2015-08-12,HOUSEHOLD,107
2015-08-13,FOODS,326
2015-08-13,HOBBIES,140
2015-08-13,HOUSEHOLD,127
2015-08-14,FOODS,332
2015-08-14,HOBBIES,90
2015-08-14,HOUSEHOLD,158
2015-08-15,FOODS,362
2015-08-15,HOBBIES,121
2015-08-15,HOUSEHOLD,160
2015-08-16,FOODS,417
2015-08-16,HOBBIES,142
2015-08-16,HOUSEHOLD,125
2015-08-17,FOODS,330
2015-08-17,HOBBIES,104
2015-08-17,HOUSEHOLD,122
2015-08-18,FOODS,279
2015-08-18,HOBBIES,108
2015-08-18,HOUSEHOLD,107
2015-08-19,FOODS,242
2015-08-19,HOBBIES,107
2015-08-19,HOUSEHOLD,100
2015-08-20,FOODS,263
2015-08-20,HOBBIES,142
2015-08-20,HOUSEHOLD,103
2015-08-21,FOODS,239
2015-08-21,HOBBIES,120
2015-08-21,HOUSEHOLD,138
2015-08-22,FOODS,326
2015-08-22,HOBBIES,129
2015-08-22,HOUSEHOLD,155
2015-08-23,FOODS,351
2015-08-23,HOBBIES,169
2015-08-23,HOUSEHOLD,140
2015-08-24,FOODS,267
2015-08-24,HOBBIES,117
2015-08-24,HOUSEHOLD,148
2015-08-25,FOODS,223
2015-08-25,HOBBIES,109
2015-08-25,HOUSEHOLD,123
2015-08-26,FOODS,261
2015-08-26,HOBBIES,131
2015-08-26,HOUSEHOLD,129
2015-08-27,FOODS,239
2015-08-27,HOBBIES,90
2015-08-27,HOUSEHOLD,130
2015-08-28,FOODS,312
2015-08-28,HOBBIES,143
2015-08-28,HOUSEHOLD,141
2015-08-29,FOODS,361
2015-08-29,HOBBIES,114
2015-08-29,HOUSEHOLD,209
2015-08-30,FOODS,368
2015-08-30,HOBBIES,149
2015-08-30,HOUSEHOLD,195
2015-08-31,FOODS,289
2015-08-31,HOBBIES,97
2015-08-31,HOUSEHOLD,151
2015-09-01,FOODS,287
2015-09-01,HOBBIES,105
2015-09-01,HOUSEHOLD,146
2015-09-02,FOODS,269
2015-09-02,HOBBIES,127
2015-09-02,HOUSEHOLD,113
2015-09-03,FOODS,326
2015-09-03,HOBBIES,117
2015-09-03,HOUSEHOLD,116
2015-09-04,FOODS,343
2015-09-04,HOBBIES,152
2015-09-04,HOUSEHOLD,132
2015-09-05,FOODS,311
2015-09-05,HOBBIES,136
2015-09-05,HOUSEHOLD,144
2015-09-06,FOODS,297
2015-09-06,HOBBIES,162
2015-09-06,HOUSEHOLD,123
2015-09-07,FOODS,314
2015-09-07,HOBBIES,157
2015-09-07,HOUSEHOLD,130
2015-09-08,FOODS,316
2015-09-08,HOBBIES,103
2015-09-08,HOUSEHOLD,108
2015-09-09,FOODS,266
2015-09-09,HOBBIES,127
2015-09-09,HOUSEHOLD,115
2015-09-10,FOODS,262
2015-09-10,HOBBIES,107
2015-09-10,HOUSEHOLD,135
2015-09-11,FOODS,307
2015-09-11,HOBBIES,152
2015-09-11,HOUSEHOLD,131
2015-09-12,FOODS,375
2015-09-12,HOBBIES,117
2015-09-12,HOUSEHOLD,195
2015-09-13,FOODS,425
2015-09-13,HOBBIES,152
2015-09-13,HOUSEHOLD,171
2015-09-14,FOODS,310
2015-09-14,HOBBIES,119
2015-09-14,HOUSEHOLD,111
2015-09-15,FOODS,345
2015-09-15,HOBBIES,113
2015-09-15,HOUSEHOLD,135
2015-09-16,FOODS,284
2015-09-16,HOBBIES,105
2015-09-16,HOUSEHOLD,83
2015-09-17,FOODS,194
2015-09-17,HOBBIES,100
2015-09-17,HOUSEHOLD,95
2015-09-18,FOODS,197
2015-09-18,HOBBIES,101
2015-09-18,HOUSEHOLD,138
2015-09-19,FOODS,281
2015-09-19,HOBBIES,171
2015-09-19,HOUSEHOLD,150
2015-09-20,FOODS,239
2015-09-20,HOBBIES,149
2015-09-20,HOUSEHOLD,141
2015-09-21,FOODS,179
2015-09-21,HOBBIES,112
2015-09-21,HOUSEHOLD,84
2015-09-22,FOODS,169
2015-09-22,HOBBIES,62
2015-09-22,HOUSEHOLD,125
2015-09-23,FOODS,190
2015-09-23,HOBBIES,145
2015-09-23,HOUSEHOLD,142
2015-09-24,FOODS,179
2015-09-24,HOBBIES,95
2015-09-24,HOUSEHOLD,90
2015-09-25,FOODS,205
2015-09-25,HOBBIES,98
2015-09-25,HOUSEHOLD,144
2015-09-26,FOODS,226
2015-09-26,HOBBIES,143
2015-09-26,HOUSEHOLD,142
2015-09-27,FOODS,235
2015-09-27,HOBBIES,175
2015-09-27,HOUSEHOLD,168
2015-09-28,FOODS,217
2015-09-28,HOBBIES,74
2015-09-28,HOUSEHOLD,126
2015-09-29,FOODS,185
2015-09-29,HOBBIES,75
2015-09-29,HOUSEHOLD,111
2015-09-30,FOODS,162
2015-09-30,HOBBIES,117
2015-09-30,HOUSEHOLD,109
2015-10-01,FOODS,201
2015-10-01,HOBBIES,104
2015-10-01,HOUSEHOLD,117
2015-10-02,FOODS,229
2015-10-02,HOBBIES,198
2015-10-02,HOUSEHOLD,115
2015-10-03,FOODS,251
2015-10-03,HOBBIES,132
2015-10-03,HOUSEHOLD,192
2015-10-04,FOODS,298
2015-10-04,HOBBIES,149
2015-10-04,HOUSEHOLD,172
2015-10-05,FOODS,232
2015-10-05,HOBBIES,104
2015-10-05,HOUSEHOLD,120
2015-10-06,FOODS,213
2015-10-06,HOBBIES,140
2015-10-06,HOUSEHOLD,124
2015-10-07,FOODS,230
2015-10-07,HOBBIES,152
2015-10-07,HOUSEHOLD,91
2015-10-08,FOODS,199
2015-10-08,HOBBIES,59
2015-10-08,HOUSEHOLD,122
2015-10-09,FOODS,246
2015-10-09,HOBBIES,135
2015-10-09,HOUSEHOLD,138
2015-10-10,FOODS,274
2015-10-10,HOBBIES,179
2015-10-10,HOUSEHOLD,163
2015-10-11,FOODS,207
2015-10-11,HOBBIES,162
2015-10-11,HOUSEHOLD,159
2015-10-12,FOODS,224
2015-10-12,HOBBIES,116
2015-10-12,HOUSEHOLD,155
2015-10-13,FOODS,211
2015-10-13,HOBBIES,72
2015-10-13,HOUSEHOLD,112
2015-10-14,FOODS,185
2015-10-14,HOBBIES,121
2015-10-14,HOUSEHOLD,92
2015-10-15,FOODS,321
2015-10-15,HOBBIES,87
2015-10-15,HOUSEHOLD,121
2015-10-16,FOODS,358
2015-10-16,HOBBIES,98
2015-10-16,HOUSEHOLD,131
2015-10-17,FOODS,407
2015-10-17,HOBBIES,201
2015-10-17,HOUSEHOLD,170
2015-10-18,FOODS,402
2015-10-18,HOBBIES,148
2015-10-18,HOUSEHOLD,194
2015-10-19,FOODS,283
2015-10-19,HOBBIES,67
2015-10-19,HOUSEHOLD,99
2015-10-20,FOODS,325
2015-10-20,HOBBIES,109
2015-10-20,HOUSEHOLD,94
2015-10-21,FOODS,302
2015-10-21,HOBBIES,129
2015-10-21,HOUSEHOLD,133
2015-10-22,FOODS,301
2015-10-22,HOBBIES,80
2015-10-22,HOUSEHOLD,99
2015-10-23,FOODS,360
2015-10-23,HOBBIES,83
2015-10-23,HOUSEHOLD,134
2015-10-24,FOODS,406
2015-10-24,HOBBIES,127
2015-10-24,HOUSEHOLD,158
2015-10-25,FOODS,459
2015-10-25,HOBBIES,218
2015-10-25,HOUSEHOLD,127
2015-10-26,FOODS,345
2015-10-26,HOBBIES,100
2015-10-26,HOUSEHOLD,151
2015-10-27,FOODS,339
2015-10-27,HOBBIES,157
2015-10-27,HOUSEHOLD,107
2015-10-28,FOODS,286
2015-10-28,HOBBIES,101
2015-10-28,HOUSEHOLD,174
2015-10-29,FOODS,328
2015-10-29,HOBBIES,95
2015-10-29,HOUSEHOLD,121
2015-10-30,FOODS,344
2015-10-30,HOBBIES,169
2015-10-30,HOUSEHOLD,178
2015-10-31,FOODS,389
2015-10-31,HOBBIES,154
2015-10-31,HOUSEHOLD,154
2015-11-01,FOODS,447
2015-11-01,HOBBIES,163
2015-11-01,HOUSEHOLD,232
2015-11-02,FOODS,301
2015-11-02,HOBBIES,83
2015-11-02,HOUSEHOLD,135
2015-11-03,FOODS,300
2015-11-03,HOBBIES,83
2015-11-03,HOUSEHOLD,127
2015-11-04,FOODS,297
2015-11-04,HOBBIES,90
2015-11-04,HOUSEHOLD,124
2015-11-05,FOODS,319
2015-11-05,HOBBIES,99
2015-11-05,HOUSEHOLD,135
2015-11-06,FOODS,316
2015-11-06,HOBBIES,158
2015-11-06,HOUSEHOLD,140
2015-11-07,FOODS,428
2015-11-07,HOBBIES,163
2015-11-07,HOUSEHOLD,180
2015-11-08,FOODS,382
2015-11-08,HOBBIES,152
2015-11-08,HOUSEHOLD,198
2015-11-09,FOODS,322
2015-11-09,HOBBIES,80
2015-11-09,HOUSEHOLD,126
2015-11-10,FOODS,280
2015-11-10,HOBBIES,138
2015-11-10,HOUSEHOLD,111
2015-11-11,FOODS,264
2015-11-11,HOBBIES,88
2015-11-11,HOUSEHOLD,124
2015-11-12,FOODS,258
2015-11-12,HOBBIES,126
2015-11-12,HOUSEHOLD,113
2015-11-13,FOODS,293
2015-11-13,HOBBIES,115
2015-11-13,HOUSEHOLD,126
2015-11-14,FOODS,354
2015-11-14,HOBBIES,141
2015-11-14,HOUSEHOLD,141
2015-11-15,FOODS,402
2015-11-15,HOBBIES,149
2015-11-15,HOUSEHOLD,137
2015-11-16,FOODS,289
2015-11-16,HOBBIES,83
2015-11-16,HOUSEHOLD,99
2015-11-17,FOODS,204
2015-11-17,HOBBIES,78
2015-11-17,HOUSEHOLD,100
2015-11-18,FOODS,265
2015-11-18,HOBBIES,159
2015-11-18,HOUSEHOLD,108
2015-11-19,FOODS,249
2015-11-19,HOBBIES,153
2015-11-19,HOUSEHOLD,109
2015-11-20,FOODS,268
2015-11-20,HOBBIES,135
2015-11-20,HOUSEHOLD,134
2015-11-21,FOODS,341
2015-11-21,HOBBIES,154
2015-11-21,HOUSEHOLD,90
2015-11-22,FOODS,338
2015-11-22,HOBBIES,121
2015-11-22,HOUSEHOLD,124
2015-11-23,FOODS,267
2015-11-23,HOBBIES,121
2015-11-23,HOUSEHOLD,105
2015-11-24,FOODS,270
2015-11-24,HOBBIES,109
2015-11-24,HOUSEHOLD,112
2015-11-25,FOODS,253
2015-11-25,HOBBIES,155
2015-11-25,HOUSEHOLD,89
2015-11-26,FOODS,170
2015-11-26,HOBBIES,41
2015-11-26,HOUSEHOLD,61
2015-11-27,FOODS,227
2015-11-27,HOBBIES,89
2015-11-27,HOUSEHOLD,125
2015-11-28,FOODS,211
2015-11-28,HOBBIES,136
2015-11-28,HOUSEHOLD,107
2015-11-29,FOODS,244
2015-11-29,HOBBIES,142
2015-11-29,HOUSEHOLD,112
2015-11-30,FOODS,253
2015-11-30,HOBBIES,96
2015-11-30,HOUSEHOLD,97
2015-12-01,FOODS,296
2015-12-01,HOBBIES,113
2015-12-01,HOUSEHOLD,117
2015-12-02,FOODS,262
2015-12-02,HOBBIES,117
2015-12-02,HOUSEHOLD,83
2015-12-03,FOODS,354
2015-12-03,HOBBIES,152
2015-12-03,HOUSEHOLD,92
2015-12-04,FOODS,356
2015-12-04,HOBBIES,146
2015-12-04,HOUSEHOLD,105
2015-12-05,FOODS,349
2015-12-05,HOBBIES,178
2015-12-05,HOUSEHOLD,145
2015-12-06,FOODS,373
2015-12-06,HOBBIES,153
2015-12-06,HOUSEHOLD,129
2015-12-07,FOODS,304
2015-12-07,HOBBIES,66
2015-12-07,HOUSEHOLD,105
2015-12-08,FOODS,255
2015-12-08,HOBBIES,81
2015-12-08,HOUSEHOLD,103
2015-12-09,FOODS,235
2015-12-09,HOBBIES,95
2015-12-09,HOUSEHOLD,88
2015-12-10,FOODS,327
2015-12-10,HOBBIES,113
2015-12-10,HOUSEHOLD,107
2015-12-11,FOODS,381
2015-12-11,HOBBIES,143
2015-12-11,HOUSEHOLD,126
2015-12-12,FOODS,482
2015-12-12,HOBBIES,156
2015-12-12,HOUSEHOLD,122
2015-12-13,FOODS,409
2015-12-13,HOBBIES,172
2015-12-13,HOUSEHOLD,113
2015-12-14,FOODS,356
2015-12-14,HOBBIES,85
2015-12-14,HOUSEHOLD,147
2015-12-15,FOODS,358
2015-12-15,HOBBIES,120
2015-12-15,HOUSEHOLD,95
2015-12-16,FOODS,346
2015-12-16,HOBBIES,134
2015-12-16,HOUSEHOLD,109
2015-12-17,FOODS,290
2015-12-17,HOBBIES,122
2015-12-17,HOUSEHOLD,120
2015-12-18,FOODS,294
2015-12-18,HOBBIES,118
2015-12-18,HOUSEHOLD,102
2015-12-19,FOODS,401
2015-12-19,HOBBIES,216
2015-12-19,HOUSEHOLD,132
2015-12-20,FOODS,392
2015-12-20,HOBBIES,238
2015-12-20,HOUSEHOLD,116
2015-12-21,FOODS,343
2015-12-21,HOBBIES,106
2015-12-21,HOUSEHOLD,102
2015-12-22,FOODS,355
2015-12-22,HOBBIES,162
2015-12-22,HOUSEHOLD,84
2015-12-23,FOODS,346
2015-12-23,HOBBIES,120
2015-12-23,HOUSEHOLD,88
2015-12-24,FOODS,313
2015-12-24,HOBBIES,129
2015-12-24,HOUSEHOLD,118
2015-12-25,FOODS,0
2015-12-25,HOBBIES,0
2015-12-25,HOUSEHOLD,1
2015-12-26,FOODS,256
2015-12-26,HOBBIES,144
2015-12-26,HOUSEHOLD,112
2015-12-27,FOODS,247
2015-12-27,HOBBIES,135
2015-12-27,HOUSEHOLD,102
2015-12-28,FOODS,193
2015-12-28,HOBBIES,139
2015-12-28,HOUSEHOLD,106
2015-12-29,FOODS,277
2015-12-29,HOBBIES,116
2015-12-29,HOUSEHOLD,138
2015-12-30,FOODS,239
2015-12-30,HOBBIES,150
2015-12-30,HOUSEHOLD,115
2015-12-31,FOODS,329
2015-12-31,HOBBIES,143
2015-12-31,HOUSEHOLD,150
2016-01-01,FOODS,212
2016-01-01,HOBBIES,94
2016-01-01,HOUSEHOLD,100
2016-01-02,FOODS,265
2016-01-02,HOBBIES,151
2016-01-02,HOUSEHOLD,142
2016-01-03,FOODS,276
2016-01-03,HOBBIES,130
2016-01-03,HOUSEHOLD,188
2016-01-04,FOODS,253
2016-01-04,HOBBIES,97
2016-01-04,HOUSEHOLD,117
2016-01-05,FOODS,263
2016-01-05,HOBBIES,103
2016-01-05,HOUSEHOLD,119
2016-01-06,FOODS,247
2016-01-06,HOBBIES,99
2016-01-06,HOUSEHOLD,101
2016-01-07,FOODS,245
2016-01-07,HOBBIES,107
2016-01-07,HOUSEHOLD,104
2016-01-08,FOODS,268
2016-01-08,HOBBIES,141
2016-01-08,HOUSEHOLD,123
2016-01-09,FOODS,405
2016-01-09,HOBBIES,164
2016-01-09,HOUSEHOLD,171
2016-01-10,FOODS,336
2016-01-10,HOBBIES,159
2016-01-10,HOUSEHOLD,152
2016-01-11,FOODS,316
2016-01-11,HOBBIES,102
2016-01-11,HOUSEHOLD,76
2016-01-12,FOODS,255
2016-01-12,HOBBIES,78
2016-01-12,HOUSEHOLD,86
2016-01-13,FOODS,221
2016-01-13,HOBBIES,77
2016-01-13,HOUSEHOLD,71
2016-01-14,FOODS,277
2016-01-14,HOBBIES,100
2016-01-14,HOUSEHOLD,108
2016-01-15,FOODS,334
2016-01-15,HOBBIES,167
2016-01-15,HOUSEHOLD,94
2016-01-16,FOODS,381
2016-01-16,HOBBIES,154
2016-01-16,HOUSEHOLD,109
2016-01-17,FOODS,354
2016-01-17,HOBBIES,126
2016-01-17,HOUSEHOLD,110
2016-01-18,FOODS,275
2016-01-18,HOBBIES,101
2016-01-18,HOUSEHOLD,99
2016-01-19,FOODS,237
2016-01-19,HOBBIES,128
2016-01-19,HOUSEHOLD,77
2016-01-20,FOODS,277
2016-01-20,HOBBIES,177
2016-01-20,HOUSEHOLD,106
2016-01-21,FOODS,184
2016-01-21,HOBBIES,112
2016-01-21,HOUSEHOLD,99
2016-01-22,FOODS,184
2016-01-22,HOBBIES,116
2016-01-22,HOUSEHOLD,68
2016-01-23,FOODS,248
2016-01-23,HOBBIES,126
2016-01-23,HOUSEHOLD,164
2016-01-24,FOODS,248
2016-01-24,HOBBIES,135
2016-01-24,HOUSEHOLD,171
2016-01-25,FOODS,181
2016-01-25,HOBBIES,125
2016-01-25,HOUSEHOLD,129
2016-01-26,FOODS,170
2016-01-26,HOBBIES,93
2016-01-26,HOUSEHOLD,82
2016-01-27,FOODS,184
2016-01-27,HOBBIES,137
2016-01-27,HOUSEHOLD,127
2016-01-28,FOODS,192
2016-01-28,HOBBIES,86
2016-01-28,HOUSEHOLD,106
2016-01-29,FOODS,240
2016-01-29,HOBBIES,141
2016-01-29,HOUSEHOLD,108
2016-01-30,FOODS,240
2016-01-30,HOBBIES,166
2016-01-30,HOUSEHOLD,186
2016-01-31,FOODS,257
2016-01-31,HOBBIES,155
2016-01-31,HOUSEHOLD,184
2016-02-01,FOODS,187
2016-02-01,HOBBIES,130
2016-02-01,HOUSEHOLD,121
2016-02-02,FOODS,188
2016-02-02,HOBBIES,89
2016-02-02,HOUSEHOLD,113
2016-02-03,FOODS,228
2016-02-03,HOBBIES,122
2016-02-03,HOUSEHOLD,130
2016-02-04,FOODS,244
2016-02-04,HOBBIES,97
2016-02-04,HOUSEHOLD,95
2016-02-05,FOODS,251
2016-02-05,HOBBIES,138
2016-02-05,HOUSEHOLD,92
2016-02-06,FOODS,289
2016-02-06,HOBBIES,222
2016-02-06,HOUSEHOLD,178
2016-02-07,FOODS,274
2016-02-07,HOBBIES,197
2016-02-07,HOUSEHOLD,138
2016-02-08,FOODS,195
2016-02-08,HOBBIES,78
2016-02-08,HOUSEHOLD,104
2016-02-09,FOODS,215
2016-02-09,HOBBIES,123
2016-02-09,HOUSEHOLD,85
2016-02-10,FOODS,235
2016-02-10,HOBBIES,128
2016-02-10,HOUSEHOLD,116
2016-02-11,FOODS,270
2016-02-11,HOBBIES,169
2016-02-11,HOUSEHOLD,131
2016-02-12,FOODS,266
2016-02-12,HOBBIES,94
2016-02-12,HOUSEHOLD,168
2016-02-13,FOODS,292
2016-02-13,HOBBIES,144
2016-02-13,HOUSEHOLD,205
2016-02-14,FOODS,308
2016-02-14,HOBBIES,155
2016-02-14,HOUSEHOLD,142
2016-02-15,FOODS,254
2016-02-15,HOBBIES,156
2016-02-15,HOUSEHOLD,133
2016-02-16,FOODS,188
2016-02-16,HOBBIES,158
2016-02-16,HOUSEHOLD,112
2016-02-17,FOODS,249
2016-02-17,HOBBIES,97
2016-02-17,HOUSEHOLD,137
2016-02-18,FOODS,179
2016-02-18,HOBBIES,110
2016-02-18,HOUSEHOLD,147
2016-02-19,FOODS,228
2016-02-19,HOBBIES,124
2016-02-19,HOUSEHOLD,152
2016-02-20,FOODS,298
2016-02-20,HOBBIES,110
2016-02-20,HOUSEHOLD,161
2016-02-21,FOODS,268
2016-02-21,HOBBIES,178
2016-02-21,HOUSEHOLD,164
2016-02-22,FOODS,217
2016-02-22,HOBBIES,108
2016-02-22,HOUSEHOLD,146
2016-02-23,FOODS,175
2016-02-23,HOBBIES,92
2016-02-23,HOUSEHOLD,107
2016-02-24,FOODS,164
2016-02-24,HOBBIES,140
2016-02-24,HOUSEHOLD,102
2016-02-25,FOODS,203
2016-02-25,HOBBIES,116
2016-02-25,HOUSEHOLD,124
2016-02-26,FOODS,190
2016-02-26,HOBBIES,141
2016-02-26,HOUSEHOLD,136
2016-02-27,FOODS,247
2016-02-27,HOBBIES,122
2016-02-27,HOUSEHOLD,177
2016-02-28,FOODS,291
2016-02-28,HOBBIES,146
2016-02-28,HOUSEHOLD,179
2016-02-29,FOODS,215
2016-02-29,HOBBIES,101
2016-02-29,HOUSEHOLD,134
2016-03-01,FOODS,178
2016-03-01,HOBBIES,112
2016-03-01,HOUSEHOLD,111
2016-03-02,FOODS,226
2016-03-02,HOBBIES,122
2016-03-02,HOUSEHOLD,101
2016-03-03,FOODS,208
2016-03-03,HOBBIES,109
2016-03-03,HOUSEHOLD,128
2016-03-04,FOODS,197
2016-03-04,HOBBIES,126
2016-03-04,HOUSEHOLD,151
2016-03-05,FOODS,267
2016-03-05,HOBBIES,164
2016-03-05,HOUSEHOLD,170
2016-03-06,FOODS,311
2016-03-06,HOBBIES,197
2016-03-06,HOUSEHOLD,168
2016-03-07,FOODS,236
2016-03-07,HOBBIES,109
2016-03-07,HOUSEHOLD,111
2016-03-08,FOODS,156
2016-03-08,HOBBIES,142
2016-03-08,HOUSEHOLD,97
2016-03-09,FOODS,178
2016-03-09,HOBBIES,111
2016-03-09,HOUSEHOLD,142
2016-03-10,FOODS,220
2016-03-10,HOBBIES,154
2016-03-10,HOUSEHOLD,124
2016-03-11,FOODS,205
2016-03-11,HOBBIES,93
2016-03-11,HOUSEHOLD,171
2016-03-12,FOODS,214
2016-03-12,HOBBIES,185
2016-03-12,HOUSEHOLD,182
2016-03-13,FOODS,225
2016-03-13,HOBBIES,114
2016-03-13,HOUSEHOLD,167
2016-03-14,FOODS,207
2016-03-14,HOBBIES,147
2016-03-14,HOUSEHOLD,116
2016-03-15,FOODS,159
2016-03-15,HOBBIES,104
2016-03-15,HOUSEHOLD,133
2016-03-16,FOODS,136
2016-03-16,HOBBIES,82
2016-03-16,HOUSEHOLD,121
2016-03-17,FOODS,187
2016-03-17,HOBBIES,104
2016-03-17,HOUSEHOLD,89
2016-03-18,FOODS,179
2016-03-18,HOBBIES,154
2016-03-18,HOUSEHOLD,123
2016-03-19,FOODS,214
2016-03-19,HOBBIES,117
2016-03-19,HOUSEHOLD,159
2016-03-20,FOODS,212
2016-03-20,HOBBIES,108
2016-03-20,HOUSEHOLD,164
2016-03-21,FOODS,185
2016-03-21,HOBBIES,95
2016-03-21,HOUSEHOLD,141
2016-03-22,FOODS,158
2016-03-22,HOBBIES,78
2016-03-22,HOUSEHOLD,94
2016-03-23,FOODS,199
2016-03-23,HOBBIES,177
2016-03-23,HOUSEHOLD,71
2016-03-24,FOODS,151
2016-03-24,HOBBIES,87
2016-03-24,HOUSEHOLD,86
2016-03-25,FOODS,184
2016-03-25,HOBBIES,108
2016-03-25,HOUSEHOLD,156
2016-03-26,FOODS,260
2016-03-26,HOBBIES,128
2016-03-26,HOUSEHOLD,184
2016-03-27,FOODS,206
2016-03-27,HOBBIES,177
2016-03-27,HOUSEHOLD,130
2016-03-28,FOODS,134
2016-03-28,HOBBIES,121
2016-03-28,HOUSEHOLD,121
2016-03-29,FOODS,143
2016-03-29,HOBBIES,108
2016-03-29,HOUSEHOLD,90
2016-03-30,FOODS,152
2016-03-30,HOBBIES,88
2016-03-30,HOUSEHOLD,109
2016-03-31,FOODS,179
2016-03-31,HOBBIES,83
2016-03-31,HOUSEHOLD,146
2016-04-01,FOODS,222
2016-04-01,HOBBIES,156
2016-04-01,HOUSEHOLD,152
2016-04-02,FOODS,199
2016-04-02,HOBBIES,157
2016-04-02,HOUSEHOLD,166
2016-04-03,FOODS,271
2016-04-03,HOBBIES,150
2016-04-03,HOUSEHOLD,167
2016-04-04,FOODS,193
2016-04-04,HOBBIES,79
2016-04-04,HOUSEHOLD,100
2016-04-05,FOODS,176
2016-04-05,HOBBIES,86
2016-04-05,HOUSEHOLD,107
2016-04-06,FOODS,187
2016-04-06,HOBBIES,172
2016-04-06,HOUSEHOLD,119
2016-04-07,FOODS,187
2016-04-07,HOBBIES,121
2016-04-07,HOUSEHOLD,116
2016-04-08,FOODS,185
2016-04-08,HOBBIES,141
2016-04-08,HOUSEHOLD,118
2016-04-09,FOODS,261
2016-04-09,HOBBIES,169
2016-04-09,HOUSEHOLD,197
2016-04-10,FOODS,256
2016-04-10,HOBBIES,174
2016-04-10,HOUSEHOLD,163
2016-04-11,FOODS,170
2016-04-11,HOBBIES,145
2016-04-11,HOUSEHOLD,138
2016-04-12,FOODS,180
2016-04-12,HOBBIES,148
2016-04-12,HOUSEHOLD,120
2016-04-13,FOODS,132
2016-04-13,HOBBIES,128
2016-04-13,HOUSEHOLD,105
2016-04-14,FOODS,159
2016-04-14,HOBBIES,106
2016-04-14,HOUSEHOLD,120
2016-04-15,FOODS,203
2016-04-15,HOBBIES,92
2016-04-15,HOUSEHOLD,112
2016-04-16,FOODS,219
2016-04-16,HOBBIES,188
2016-04-16,HOUSEHOLD,145
2016-04-17,FOODS,260
2016-04-17,HOBBIES,160
2016-04-17,HOUSEHOLD,157
2016-04-18,FOODS,197
2016-04-18,HOBBIES,143
2016-04-18,HOUSEHOLD,96
2016-04-19,FOODS,155
2016-04-19,HOBBIES,81
2016-04-19,HOUSEHOLD,111
2016-04-20,FOODS,252
2016-04-20,HOBBIES,69
2016-04-20,HOUSEHOLD,104
2016-04-21,FOODS,229
2016-04-21,HOBBIES,100
2016-04-21,HOUSEHOLD,94
2016-04-22,FOODS,271
2016-04-22,HOBBIES,137
2016-04-22,HOUSEHOLD,108
2016-04-23,FOODS,360
2016-04-23,HOBBIES,185
2016-04-23,HOUSEHOLD,171
2016-04-24,FOODS,417
2016-04-24,HOBBIES,126
2016-04-24,HOUSEHOLD,135
