week,store_id,state_id,cat_id,units_sold,n_skus
2011-01-24,CA_1,CA,FOODS,113,15
2011-01-24,CA_1,CA,HOBBIES,33,15
2011-01-24,CA_1,CA,HOUSEHOLD,17,12
2011-01-24,CA_2,CA,FOODS,63,15
2011-01-24,CA_2,CA,HOBBIES,21,15
2011-01-24,CA_2,CA,HOUSEHOLD,43,12
2011-01-24,CA_3,CA,FOODS,86,15
2011-01-24,CA_3,CA,HOBBIES,57,15
2011-01-24,CA_3,CA,HOUSEHOLD,17,12
2011-01-24,TX_1,TX,FOODS,28,15
2011-01-24,TX_1,TX,HOBBIES,26,15
2011-01-24,TX_1,TX,HOUSEHOLD,8,12
2011-01-24,TX_2,TX,FOODS,36,15
2011-01-24,TX_2,TX,HOBBIES,46,15
2011-01-24,TX_2,TX,HOUSEHOLD,22,12
2011-01-24,WI_1,WI,FOODS,25,15
2011-01-24,WI_1,WI,HOBBIES,15,15
2011-01-24,WI_1,WI,HOUSEHOLD,14,12
2011-01-24,WI_2,WI,FOODS,12,15
2011-01-24,WI_2,WI,HOBBIES,3,15
2011-01-24,WI_2,WI,HOUSEHOLD,21,12
2011-01-31,CA_1,CA,FOODS,298,15
2011-01-31,CA_1,CA,HOBBIES,121,15
2011-01-31,CA_1,CA,HOUSEHOLD,44,12
2011-01-31,CA_2,CA,FOODS,169,15
2011-01-31,CA_2,CA,HOBBIES,97,15
2011-01-31,CA_2,CA,HOUSEHOLD,83,12
2011-01-31,CA_3,CA,FOODS,271,15
2011-01-31,CA_3,CA,HOBBIES,163,15
2011-01-31,CA_3,CA,HOUSEHOLD,66,12
2011-01-31,TX_1,TX,FOODS,109,15
2011-01-31,TX_1,TX,HOBBIES,64,15
2011-01-31,TX_1,TX,HOUSEHOLD,55,12
2011-01-31,TX_2,TX,FOODS,184,15
2011-01-31,TX_2,TX,HOBBIES,63,15
2011-01-31,TX_2,TX,HOUSEHOLD,68,12
2011-01-31,WI_1,WI,FOODS,66,15
2011-01-31,WI_1,WI,HOBBIES,49,15
2011-01-31,WI_1,WI,HOUSEHOLD,40,12
2011-01-31,WI_2,WI,FOODS,61,15
2011-01-31,WI_2,WI,HOBBIES,18,15
2011-01-31,WI_2,WI,HOUSEHOLD,57,12
2011-02-07,CA_1,CA,FOODS,294,15
2011-02-07,CA_1,CA,HOBBIES,99,15
2011-02-07,CA_1,CA,HOUSEHOLD,33,12
2011-02-07,CA_2,CA,FOODS,103,15
2011-02-07,CA_2,CA,HOBBIES,94,15
2011-02-07,CA_2,CA,HOUSEHOLD,118,12
2011-02-07,CA_3,CA,FOODS,212,15
2011-02-07,CA_3,CA,HOBBIES,136,15
2011-02-07,CA_3,CA,HOUSEHOLD,74,12
2011-02-07,TX_1,TX,FOODS,124,15
2011-02-07,TX_1,TX,HOBBIES,88,15
2011-02-07,TX_1,TX,HOUSEHOLD,57,12
2011-02-07,TX_2,TX,FOODS,255,15
2011-02-07,TX_2,TX,HOBBIES,130,15
2011-02-07,TX_2,TX,HOUSEHOLD,73,12
2011-02-07,WI_1,WI,FOODS,130,15
2011-02-07,WI_1,WI,HOBBIES,48,15
2011-02-07,WI_1,WI,HOUSEHOLD,45,12
2011-02-07,WI_2,WI,FOODS,47,15
2011-02-07,WI_2,WI,HOBBIES,28,15
2011-02-07,WI_2,WI,HOUSEHOLD,59,12
2011-02-14,CA_1,CA,FOODS,308,15
2011-02-14,CA_1,CA,HOBBIES,111,15
2011-02-14,CA_1,CA,HOUSEHOLD,41,12
2011-02-14,CA_2,CA,FOODS,163,15
2011-02-14,CA_2,CA,HOBBIES,79,15
2011-02-14,CA_2,CA,HOUSEHOLD,83,12
2011-02-14,CA_3,CA,FOODS,154,15
2011-02-14,CA_3,CA,HOBBIES,61,15
2011-02-14,CA_3,CA,HOUSEHOLD,76,12
2011-02-14,TX_1,TX,FOODS,146,15
2011-02-14,TX_1,TX,HOBBIES,41,15
2011-02-14,TX_1,TX,HOUSEHOLD,105,12
2011-02-14,TX_2,TX,FOODS,284,15
2011-02-14,TX_2,TX,HOBBIES,108,15
2011-02-14,TX_2,TX,HOUSEHOLD,88,12
2011-02-14,WI_1,WI,FOODS,87,15
2011-02-14,WI_1,WI,HOBBIES,53,15
2011-02-14,WI_1,WI,HOUSEHOLD,39,12
2011-02-14,WI_2,WI,FOODS,50,15
2011-02-14,WI_2,WI,HOBBIES,36,15
2011-02-14,WI_2,WI,HOUSEHOLD,33,12
2011-02-21,CA_1,CA,FOODS,259,15
2011-02-21,CA_1,CA,HOBBIES,65,15
2011-02-21,CA_1,CA,HOUSEHOLD,80,12
2011-02-21,CA_2,CA,FOODS,118,15
2011-02-21,CA_2,CA,HOBBIES,82,15
2011-02-21,CA_2,CA,HOUSEHOLD,50,12
2011-02-21,CA_3,CA,FOODS,161,15
2011-02-21,CA_3,CA,HOBBIES,181,15
2011-02-21,CA_3,CA,HOUSEHOLD,65,12
2011-02-21,TX_1,TX,FOODS,116,15
2011-02-21,TX_1,TX,HOBBIES,67,15
2011-02-21,TX_1,TX,HOUSEHOLD,38,12
2011-02-21,TX_2,TX,FOODS,242,15
2011-02-21,TX_2,TX,HOBBIES,77,15
2011-02-21,TX_2,TX,HOUSEHOLD,83,12
2011-02-21,WI_1,WI,FOODS,62,15
2011-02-21,WI_1,WI,HOBBIES,41,15
2011-02-21,WI_1,WI,HOUSEHOLD,58,12
2011-02-21,WI_2,WI,FOODS,56,15
2011-02-21,WI_2,WI,HOBBIES,23,15
2011-02-21,WI_2,WI,HOUSEHOLD,32,12
2011-02-28,CA_1,CA,FOODS,272,15
2011-02-28,CA_1,CA,HOBBIES,62,15
2011-02-28,CA_1,CA,HOUSEHOLD,51,12
2011-02-28,CA_2,CA,FOODS,156,15
2011-02-28,CA_2,CA,HOBBIES,114,15
2011-02-28,CA_2,CA,HOUSEHOLD,46,12
2011-02-28,CA_3,CA,FOODS,206,15
2011-02-28,CA_3,CA,HOBBIES,146,15
2011-02-28,CA_3,CA,HOUSEHOLD,80,12
2011-02-28,TX_1,TX,FOODS,91,15
2011-02-28,TX_1,TX,HOBBIES,46,15
2011-02-28,TX_1,TX,HOUSEHOLD,38,12
2011-02-28,TX_2,TX,FOODS,307,15
2011-02-28,TX_2,TX,HOBBIES,105,15
2011-02-28,TX_2,TX,HOUSEHOLD,80,12
2011-02-28,WI_1,WI,FOODS,71,15
2011-02-28,WI_1,WI,HOBBIES,44,15
2011-02-28,WI_1,WI,HOUSEHOLD,56,12
2011-02-28,WI_2,WI,FOODS,45,15
2011-02-28,WI_2,WI,HOBBIES,32,15
2011-02-28,WI_2,WI,HOUSEHOLD,40,12
2011-03-07,CA_1,CA,FOODS,235,15
2011-03-07,CA_1,CA,HOBBIES,64,15
2011-03-07,CA_1,CA,HOUSEHOLD,32,12
2011-03-07,CA_2,CA,FOODS,162,15
2011-03-07,CA_2,CA,HOBBIES,112,15
2011-03-07,CA_2,CA,HOUSEHOLD,62,12
2011-03-07,CA_3,CA,FOODS,204,15
2011-03-07,CA_3,CA,HOBBIES,158,15
2011-03-07,CA_3,CA,HOUSEHOLD,72,12
2011-03-07,TX_1,TX,FOODS,74,15
2011-03-07,TX_1,TX,HOBBIES,56,15
2011-03-07,TX_1,TX,HOUSEHOLD,30,12
2011-03-07,TX_2,TX,FOODS,255,15
2011-03-07,TX_2,TX,HOBBIES,85,15
2011-03-07,TX_2,TX,HOUSEHOLD,41,12
2011-03-07,WI_1,WI,FOODS,70,15
2011-03-07,WI_1,WI,HOBBIES,50,15
2011-03-07,WI_1,WI,HOUSEHOLD,40,12
2011-03-07,WI_2,WI,FOODS,40,15
2011-03-07,WI_2,WI,HOBBIES,47,15
2011-03-07,WI_2,WI,HOUSEHOLD,48,12
2011-03-14,CA_1,CA,FOODS,262,15
2011-03-14,CA_1,CA,HOBBIES,71,15
2011-03-14,CA_1,CA,HOUSEHOLD,41,12
2011-03-14,CA_2,CA,FOODS,117,15
2011-03-14,CA_2,CA,HOBBIES,91,15
2011-03-14,CA_2,CA,HOUSEHOLD,55,12
2011-03-14,CA_3,CA,FOODS,236,15
2011-03-14,CA_3,CA,HOBBIES,111,15
2011-03-14,CA_3,CA,HOUSEHOLD,69,12
2011-03-14,TX_1,TX,FOODS,133,15
2011-03-14,TX_1,TX,HOBBIES,42,15
2011-03-14,TX_1,TX,HOUSEHOLD,30,12
2011-03-14,TX_2,TX,FOODS,312,15
2011-03-14,TX_2,TX,HOBBIES,46,15
2011-03-14,TX_2,TX,HOUSEHOLD,44,12
2011-03-14,WI_1,WI,FOODS,69,15
2011-03-14,WI_1,WI,HOBBIES,46,15
2011-03-14,WI_1,WI,HOUSEHOLD,49,12
2011-03-14,WI_2,WI,FOODS,46,15
2011-03-14,WI_2,WI,HOBBIES,11,15
2011-03-14,WI_2,WI,HOUSEHOLD,36,12
2011-03-21,CA_1,CA,FOODS,217,15
2011-03-21,CA_1,CA,HOBBIES,63,15
2011-03-21,CA_1,CA,HOUSEHOLD,50,12
2011-03-21,CA_2,CA,FOODS,154,15
2011-03-21,CA_2,CA,HOBBIES,46,15
2011-03-21,CA_2,CA,HOUSEHOLD,46,12
2011-03-21,CA_3,CA,FOODS,225,15
2011-03-21,CA_3,CA,HOBBIES,135,15
2011-03-21,CA_3,CA,HOUSEHOLD,58,12
2011-03-21,TX_1,TX,FOODS,106,15
2011-03-21,TX_1,TX,HOBBIES,34,15
2011-03-21,TX_1,TX,HOUSEHOLD,31,12
2011-03-21,TX_2,TX,FOODS,275,15
2011-03-21,TX_2,TX,HOBBIES,60,15
2011-03-21,TX_2,TX,HOUSEHOLD,49,12
2011-03-21,WI_1,WI,FOODS,49,15
2011-03-21,WI_1,WI,HOBBIES,59,15
2011-03-21,WI_1,WI,HOUSEHOLD,69,12
2011-03-21,WI_2,WI,FOODS,53,15
2011-03-21,WI_2,WI,HOBBIES,7,15
2011-03-21,WI_2,WI,HOUSEHOLD,56,12
2011-03-28,CA_1,CA,FOODS,280,15
2011-03-28,CA_1,CA,HOBBIES,72,15
2011-03-28,CA_1,CA,HOUSEHOLD,42,12
2011-03-28,CA_2,CA,FOODS,147,15
2011-03-28,CA_2,CA,HOBBIES,68,15
2011-03-28,CA_2,CA,HOUSEHOLD,51,12
2011-03-28,CA_3,CA,FOODS,258,15
2011-03-28,CA_3,CA,HOBBIES,100,15
2011-03-28,CA_3,CA,HOUSEHOLD,54,12
2011-03-28,TX_1,TX,FOODS,82,15
2011-03-28,TX_1,TX,HOBBIES,52,15
2011-03-28,TX_1,TX,HOUSEHOLD,39,12
2011-03-28,TX_2,TX,FOODS,256,15
2011-03-28,TX_2,TX,HOBBIES,74,15
2011-03-28,TX_2,TX,HOUSEHOLD,40,12
2011-03-28,WI_1,WI,FOODS,80,15
2011-03-28,WI_1,WI,HOBBIES,42,15
2011-03-28,WI_1,WI,HOUSEHOLD,41,12
2011-03-28,WI_2,WI,FOODS,34,15
2011-03-28,WI_2,WI,HOBBIES,29,15
2011-03-28,WI_2,WI,HOUSEHOLD,38,12
2011-04-04,CA_1,CA,FOODS,268,15
2011-04-04,CA_1,CA,HOBBIES,94,15
2011-04-04,CA_1,CA,HOUSEHOLD,37,12
2011-04-04,CA_2,CA,FOODS,140,15
2011-04-04,CA_2,CA,HOBBIES,55,15
2011-04-04,CA_2,CA,HOUSEHOLD,64,12
2011-04-04,CA_3,CA,FOODS,251,15
2011-04-04,CA_3,CA,HOBBIES,111,15
2011-04-04,CA_3,CA,HOUSEHOLD,60,12
2011-04-04,TX_1,TX,FOODS,79,15
2011-04-04,TX_1,TX,HOBBIES,36,15
2011-04-04,TX_1,TX,HOUSEHOLD,15,12
2011-04-04,TX_2,TX,FOODS,293,15
2011-04-04,TX_2,TX,HOBBIES,37,15
2011-04-04,TX_2,TX,HOUSEHOLD,26,12
2011-04-04,WI_1,WI,FOODS,79,15
2011-04-04,WI_1,WI,HOBBIES,50,15
2011-04-04,WI_1,WI,HOUSEHOLD,31,12
2011-04-04,WI_2,WI,FOODS,78,15
2011-04-04,WI_2,WI,HOBBIES,17,15
2011-04-04,WI_2,WI,HOUSEHOLD,30,12
2011-04-11,CA_1,CA,FOODS,251,15
2011-04-11,CA_1,CA,HOBBIES,67,15
2011-04-11,CA_1,CA,HOUSEHOLD,39,12
2011-04-11,CA_2,CA,FOODS,119,15
2011-04-11,CA_2,CA,HOBBIES,86,15
2011-04-11,CA_2,CA,HOUSEHOLD,39,12
2011-04-11,CA_3,CA,FOODS,157,15
2011-04-11,CA_3,CA,HOBBIES,134,15
2011-04-11,CA_3,CA,HOUSEHOLD,65,12
2011-04-11,TX_1,TX,FOODS,71,15
2011-04-11,TX_1,TX,HOBBIES,44,15
2011-04-11,TX_1,TX,HOUSEHOLD,17,12
2011-04-11,TX_2,TX,FOODS,226,15
2011-04-11,TX_2,TX,HOBBIES,56,15
2011-04-11,TX_2,TX,HOUSEHOLD,38,12
2011-04-11,WI_1,WI,FOODS,82,15
2011-04-11,WI_1,WI,HOBBIES,46,15
2011-04-11,WI_1,WI,HOUSEHOLD,35,12
2011-04-11,WI_2,WI,FOODS,58,15
2011-04-11,WI_2,WI,HOBBIES,24,15
2011-04-11,WI_2,WI,HOUSEHOLD,26,12
2011-04-18,CA_1,CA,FOODS,244,15
2011-04-18,CA_1,CA,HOBBIES,115,15
2011-04-18,CA_1,CA,HOUSEHOLD,40,12
2011-04-18,CA_2,CA,FOODS,170,15
2011-04-18,CA_2,CA,HOBBIES,61,15
2011-04-18,CA_2,CA,HOUSEHOLD,51,12
2011-04-18,CA_3,CA,FOODS,226,15
2011-04-18,CA_3,CA,HOBBIES,154,15
2011-04-18,CA_3,CA,HOUSEHOLD,57,12
2011-04-18,TX_1,TX,FOODS,72,15
2011-04-18,TX_1,TX,HOBBIES,49,15
2011-04-18,TX_1,TX,HOUSEHOLD,15,12
2011-04-18,TX_2,TX,FOODS,215,15
2011-04-18,TX_2,TX,HOBBIES,58,15
2011-04-18,TX_2,TX,HOUSEHOLD,34,12
2011-04-18,WI_1,WI,FOODS,80,15
2011-04-18,WI_1,WI,HOBBIES,37,15
2011-04-18,WI_1,WI,HOUSEHOLD,36,12
2011-04-18,WI_2,WI,FOODS,48,15
2011-04-18,WI_2,WI,HOBBIES,16,15
2011-04-18,WI_2,WI,HOUSEHOLD,38,12
2011-04-25,CA_1,CA,FOODS,193,15
2011-04-25,CA_1,CA,HOBBIES,66,15
2011-04-25,CA_1,CA,HOUSEHOLD,31,12
2011-04-25,CA_2,CA,FOODS,151,15
2011-04-25,CA_2,CA,HOBBIES,73,15
2011-04-25,CA_2,CA,HOUSEHOLD,49,12
2011-04-25,CA_3,CA,FOODS,165,15
2011-04-25,CA_3,CA,HOBBIES,108,15
2011-04-25,CA_3,CA,HOUSEHOLD,61,12
2011-04-25,TX_1,TX,FOODS,76,15
2011-04-25,TX_1,TX,HOBBIES,30,15
2011-04-25,TX_1,TX,HOUSEHOLD,31,12
2011-04-25,TX_2,TX,FOODS,186,15
2011-04-25,TX_2,TX,HOBBIES,58,15
2011-04-25,TX_2,TX,HOUSEHOLD,46,12
2011-04-25,WI_1,WI,FOODS,57,15
2011-04-25,WI_1,WI,HOBBIES,32,15
2011-04-25,WI_1,WI,HOUSEHOLD,26,12
2011-04-25,WI_2,WI,FOODS,48,15
2011-04-25,WI_2,WI,HOBBIES,18,15
2011-04-25,WI_2,WI,HOUSEHOLD,58,12
2011-05-02,CA_1,CA,FOODS,260,15
2011-05-02,CA_1,CA,HOBBIES,59,15
2011-05-02,CA_1,CA,HOUSEHOLD,38,12
2011-05-02,CA_2,CA,FOODS,163,15
2011-05-02,CA_2,CA,HOBBIES,102,15
2011-05-02,CA_2,CA,HOUSEHOLD,57,12
2011-05-02,CA_3,CA,FOODS,256,15
2011-05-02,CA_3,CA,HOBBIES,142,15
2011-05-02,CA_3,CA,HOUSEHOLD,64,12
2011-05-02,TX_1,TX,FOODS,89,15
2011-05-02,TX_1,TX,HOBBIES,51,15
2011-05-02,TX_1,TX,HOUSEHOLD,20,12
2011-05-02,TX_2,TX,FOODS,189,15
2011-05-02,TX_2,TX,HOBBIES,74,15
2011-05-02,TX_2,TX,HOUSEHOLD,34,12
2011-05-02,WI_1,WI,FOODS,68,15
2011-05-02,WI_1,WI,HOBBIES,47,15
2011-05-02,WI_1,WI,HOUSEHOLD,28,12
2011-05-02,WI_2,WI,FOODS,67,15
2011-05-02,WI_2,WI,HOBBIES,30,15
2011-05-02,WI_2,WI,HOUSEHOLD,32,12
2011-05-09,CA_1,CA,FOODS,235,15
2011-05-09,CA_1,CA,HOBBIES,63,15
2011-05-09,CA_1,CA,HOUSEHOLD,43,12
2011-05-09,CA_2,CA,FOODS,131,15
2011-05-09,CA_2,CA,HOBBIES,78,15
2011-05-09,CA_2,CA,HOUSEHOLD,63,12
2011-05-09,CA_3,CA,FOODS,202,15
2011-05-09,CA_3,CA,HOBBIES,181,15
2011-05-09,CA_3,CA,HOUSEHOLD,60,12
2011-05-09,TX_1,TX,FOODS,80,15
2011-05-09,TX_1,TX,HOBBIES,27,15
2011-05-09,TX_1,TX,HOUSEHOLD,19,12
2011-05-09,TX_2,TX,FOODS,222,15
2011-05-09,TX_2,TX,HOBBIES,80,15
2011-05-09,TX_2,TX,HOUSEHOLD,35,12
2011-05-09,WI_1,WI,FOODS,78,15
2011-05-09,WI_1,WI,HOBBIES,46,15
2011-05-09,WI_1,WI,HOUSEHOLD,29,12
2011-05-09,WI_2,WI,FOODS,48,15
2011-05-09,WI_2,WI,HOBBIES,14,15
2011-05-09,WI_2,WI,HOUSEHOLD,25,12
2011-05-16,CA_1,CA,FOODS,194,15
2011-05-16,CA_1,CA,HOBBIES,124,15
2011-05-16,CA_1,CA,HOUSEHOLD,23,12
2011-05-16,CA_2,CA,FOODS,151,15
2011-05-16,CA_2,CA,HOBBIES,63,15
2011-05-16,CA_2,CA,HOUSEHOLD,42,12
2011-05-16,CA_3,CA,FOODS,217,15
2011-05-16,CA_3,CA,HOBBIES,181,15
2011-05-16,CA_3,CA,HOUSEHOLD,68,12
2011-05-16,TX_1,TX,FOODS,92,15
2011-05-16,TX_1,TX,HOBBIES,30,15
2011-05-16,TX_1,TX,HOUSEHOLD,11,12
2011-05-16,TX_2,TX,FOODS,198,15
2011-05-16,TX_2,TX,HOBBIES,101,15
2011-05-16,TX_2,TX,HOUSEHOLD,51,12
2011-05-16,WI_1,WI,FOODS,85,15
2011-05-16,WI_1,WI,HOBBIES,61,15
2011-05-16,WI_1,WI,HOUSEHOLD,23,12
2011-05-16,WI_2,WI,FOODS,48,15
2011-05-16,WI_2,WI,HOBBIES,28,15
2011-05-16,WI_2,WI,HOUSEHOLD,33,12
2011-05-23,CA_1,CA,FOODS,197,15
2011-05-23,CA_1,CA,HOBBIES,137,15
2011-05-23,CA_1,CA,HOUSEHOLD,34,12
2011-05-23,CA_2,CA,FOODS,156,15
2011-05-23,CA_2,CA,HOBBIES,62,15
2011-05-23,CA_2,CA,HOUSEHOLD,50,12
2011-05-23,CA_3,CA,FOODS,165,15
2011-05-23,CA_3,CA,HOBBIES,126,15
2011-05-23,CA_3,CA,HOUSEHOLD,53,12
2011-05-23,TX_1,TX,FOODS,66,15
2011-05-23,TX_1,TX,HOBBIES,47,15
2011-05-23,TX_1,TX,HOUSEHOLD,27,12
2011-05-23,TX_2,TX,FOODS,166,15
2011-05-23,TX_2,TX,HOBBIES,92,15
2011-05-23,TX_2,TX,HOUSEHOLD,33,12
2011-05-23,WI_1,WI,FOODS,78,15
2011-05-23,WI_1,WI,HOBBIES,35,15
2011-05-23,WI_1,WI,HOUSEHOLD,26,12
2011-05-23,WI_2,WI,FOODS,51,15
2011-05-23,WI_2,WI,HOBBIES,28,15
2011-05-23,WI_2,WI,HOUSEHOLD,21,12
2011-05-30,CA_1,CA,FOODS,175,15
2011-05-30,CA_1,CA,HOBBIES,193,15
2011-05-30,CA_1,CA,HOUSEHOLD,37,12
2011-05-30,CA_2,CA,FOODS,147,15
2011-05-30,CA_2,CA,HOBBIES,70,15
2011-05-30,CA_2,CA,HOUSEHOLD,49,12
2011-05-30,CA_3,CA,FOODS,201,15
2011-05-30,CA_3,CA,HOBBIES,211,15
2011-05-30,CA_3,CA,HOUSEHOLD,58,12
2011-05-30,TX_1,TX,FOODS,77,15
2011-05-30,TX_1,TX,HOBBIES,76,15
2011-05-30,TX_1,TX,HOUSEHOLD,28,12
2011-05-30,TX_2,TX,FOODS,165,15
2011-05-30,TX_2,TX,HOBBIES,81,15
2011-05-30,TX_2,TX,HOUSEHOLD,33,12
2011-05-30,WI_1,WI,FOODS,105,15
2011-05-30,WI_1,WI,HOBBIES,48,15
2011-05-30,WI_1,WI,HOUSEHOLD,20,12
2011-05-30,WI_2,WI,FOODS,57,15
2011-05-30,WI_2,WI,HOBBIES,23,15
2011-05-30,WI_2,WI,HOUSEHOLD,13,12
2011-06-06,CA_1,CA,FOODS,248,15
2011-06-06,CA_1,CA,HOBBIES,85,15
2011-06-06,CA_1,CA,HOUSEHOLD,27,12
2011-06-06,CA_2,CA,FOODS,175,15
2011-06-06,CA_2,CA,HOBBIES,91,15
2011-06-06,CA_2,CA,HOUSEHOLD,50,12
2011-06-06,CA_3,CA,FOODS,192,15
2011-06-06,CA_3,CA,HOBBIES,118,15
2011-06-06,CA_3,CA,HOUSEHOLD,45,12
2011-06-06,TX_1,TX,FOODS,108,15
2011-06-06,TX_1,TX,HOBBIES,38,15
2011-06-06,TX_1,TX,HOUSEHOLD,9,12
2011-06-06,TX_2,TX,FOODS,176,15
2011-06-06,TX_2,TX,HOBBIES,104,15
2011-06-06,TX_2,TX,HOUSEHOLD,35,12
2011-06-06,WI_1,WI,FOODS,86,15
2011-06-06,WI_1,WI,HOBBIES,67,15
2011-06-06,WI_1,WI,HOUSEHOLD,18,12
2011-06-06,WI_2,WI,FOODS,57,15
2011-06-06,WI_2,WI,HOBBIES,14,15
2011-06-06,WI_2,WI,HOUSEHOLD,16,12
2011-06-13,CA_1,CA,FOODS,202,15
2011-06-13,CA_1,CA,HOBBIES,71,15
2011-06-13,CA_1,CA,HOUSEHOLD,31,12
2011-06-13,CA_2,CA,FOODS,207,15
2011-06-13,CA_2,CA,HOBBIES,66,15
2011-06-13,CA_2,CA,HOUSEHOLD,50,12
2011-06-13,CA_3,CA,FOODS,278,15
2011-06-13,CA_3,CA,HOBBIES,134,15
2011-06-13,CA_3,CA,HOUSEHOLD,46,12
2011-06-13,TX_1,TX,FOODS,94,15
2011-06-13,TX_1,TX,HOBBIES,48,15
2011-06-13,TX_1,TX,HOUSEHOLD,10,12
2011-06-13,TX_2,TX,FOODS,209,15
2011-06-13,TX_2,TX,HOBBIES,91,15
2011-06-13,TX_2,TX,HOUSEHOLD,32,12
2011-06-13,WI_1,WI,FOODS,84,15
2011-06-13,WI_1,WI,HOBBIES,43,15
2011-06-13,WI_1,WI,HOUSEHOLD,11,12
2011-06-13,WI_2,WI,FOODS,44,15
2011-06-13,WI_2,WI,HOBBIES,21,15
2011-06-13,WI_2,WI,HOUSEHOLD,13,12
2011-06-20,CA_1,CA,FOODS,198,15
2011-06-20,CA_1,CA,HOBBIES,91,15
2011-06-20,CA_1,CA,HOUSEHOLD,30,12
2011-06-20,CA_2,CA,FOODS,191,15
2011-06-20,CA_2,CA,HOBBIES,64,15
2011-06-20,CA_2,CA,HOUSEHOLD,35,12
2011-06-20,CA_3,CA,FOODS,254,15
2011-06-20,CA_3,CA,HOBBIES,152,15
2011-06-20,CA_3,CA,HOUSEHOLD,55,12
2011-06-20,TX_1,TX,FOODS,64,15
2011-06-20,TX_1,TX,HOBBIES,55,15
2011-06-20,TX_1,TX,HOUSEHOLD,13,12
2011-06-20,TX_2,TX,FOODS,145,15
2011-06-20,TX_2,TX,HOBBIES,83,15
2011-06-20,TX_2,TX,HOUSEHOLD,31,12
2011-06-20,WI_1,WI,FOODS,80,15
2011-06-20,WI_1,WI,HOBBIES,35,15
2011-06-20,WI_1,WI,HOUSEHOLD,11,12
2011-06-20,WI_2,WI,FOODS,51,15
2011-06-20,WI_2,WI,HOBBIES,28,15
2011-06-20,WI_2,WI,HOUSEHOLD,6,12
2011-06-27,CA_1,CA,FOODS,221,15
2011-06-27,CA_1,CA,HOBBIES,162,15
2011-06-27,CA_1,CA,HOUSEHOLD,25,12
2011-06-27,CA_2,CA,FOODS,170,15
2011-06-27,CA_2,CA,HOBBIES,48,15
2011-06-27,CA_2,CA,HOUSEHOLD,45,12
2011-06-27,CA_3,CA,FOODS,299,15
2011-06-27,CA_3,CA,HOBBIES,161,15
2011-06-27,CA_3,CA,HOUSEHOLD,47,12
2011-06-27,TX_1,TX,FOODS,81,15
2011-06-27,TX_1,TX,HOBBIES,24,15
2011-06-27,TX_1,TX,HOUSEHOLD,9,12
2011-06-27,TX_2,TX,FOODS,149,15
2011-06-27,TX_2,TX,HOBBIES,110,15
2011-06-27,TX_2,TX,HOUSEHOLD,26,12
2011-06-27,WI_1,WI,FOODS,84,15
2011-06-27,WI_1,WI,HOBBIES,48,15
2011-06-27,WI_1,WI,HOUSEHOLD,13,12
2011-06-27,WI_2,WI,FOODS,46,15
2011-06-27,WI_2,WI,HOBBIES,19,15
2011-06-27,WI_2,WI,HOUSEHOLD,13,12
2011-07-04,CA_1,CA,FOODS,210,15
2011-07-04,CA_1,CA,HOBBIES,77,15
2011-07-04,CA_1,CA,HOUSEHOLD,27,12
2011-07-04,CA_2,CA,FOODS,196,15
2011-07-04,CA_2,CA,HOBBIES,97,15
2011-07-04,CA_2,CA,HOUSEHOLD,45,12
2011-07-04,CA_3,CA,FOODS,318,15
2011-07-04,CA_3,CA,HOBBIES,159,15
2011-07-04,CA_3,CA,HOUSEHOLD,52,12
2011-07-04,TX_1,TX,FOODS,88,15
2011-07-04,TX_1,TX,HOBBIES,69,15
2011-07-04,TX_1,TX,HOUSEHOLD,9,12
2011-07-04,TX_2,TX,FOODS,199,15
2011-07-04,TX_2,TX,HOBBIES,106,15
2011-07-04,TX_2,TX,HOUSEHOLD,32,12
2011-07-04,WI_1,WI,FOODS,83,15
2011-07-04,WI_1,WI,HOBBIES,47,15
2011-07-04,WI_1,WI,HOUSEHOLD,27,12
2011-07-04,WI_2,WI,FOODS,53,15
2011-07-04,WI_2,WI,HOBBIES,12,15
2011-07-04,WI_2,WI,HOUSEHOLD,12,12
2011-07-11,CA_1,CA,FOODS,216,15
2011-07-11,CA_1,CA,HOBBIES,78,15
2011-07-11,CA_1,CA,HOUSEHOLD,38,12
2011-07-11,CA_2,CA,FOODS,238,15
2011-07-11,CA_2,CA,HOBBIES,68,15
2011-07-11,CA_2,CA,HOUSEHOLD,46,12
2011-07-11,CA_3,CA,FOODS,313,15
2011-07-11,CA_3,CA,HOBBIES,193,15
2011-07-11,CA_3,CA,HOUSEHOLD,54,12
2011-07-11,TX_1,TX,FOODS,99,15
2011-07-11,TX_1,TX,HOBBIES,48,15
2011-07-11,TX_1,TX,HOUSEHOLD,13,12
2011-07-11,TX_2,TX,FOODS,215,15
2011-07-11,TX_2,TX,HOBBIES,74,15
2011-07-11,TX_2,TX,HOUSEHOLD,42,12
2011-07-11,WI_1,WI,FOODS,75,15
2011-07-11,WI_1,WI,HOBBIES,44,15
2011-07-11,WI_1,WI,HOUSEHOLD,18,12
2011-07-11,WI_2,WI,FOODS,80,15
2011-07-11,WI_2,WI,HOBBIES,16,15
2011-07-11,WI_2,WI,HOUSEHOLD,13,12
2011-07-18,CA_1,CA,FOODS,259,15
2011-07-18,CA_1,CA,HOBBIES,80,15
2011-07-18,CA_1,CA,HOUSEHOLD,28,12
2011-07-18,CA_2,CA,FOODS,243,15
2011-07-18,CA_2,CA,HOBBIES,83,15
2011-07-18,CA_2,CA,HOUSEHOLD,44,12
2011-07-18,CA_3,CA,FOODS,388,15
2011-07-18,CA_3,CA,HOBBIES,182,15
2011-07-18,CA_3,CA,HOUSEHOLD,64,12
2011-07-18,TX_1,TX,FOODS,66,15
2011-07-18,TX_1,TX,HOBBIES,61,15
2011-07-18,TX_1,TX,HOUSEHOLD,6,12
2011-07-18,TX_2,TX,FOODS,209,15
2011-07-18,TX_2,TX,HOBBIES,97,15
2011-07-18,TX_2,TX,HOUSEHOLD,36,12
2011-07-18,WI_1,WI,FOODS,97,15
2011-07-18,WI_1,WI,HOBBIES,39,15
2011-07-18,WI_1,WI,HOUSEHOLD,21,12
2011-07-18,WI_2,WI,FOODS,68,15
2011-07-18,WI_2,WI,HOBBIES,22,15
2011-07-18,WI_2,WI,HOUSEHOLD,14,12
2011-07-25,CA_1,CA,FOODS,246,15
2011-07-25,CA_1,CA,HOBBIES,37,15
2011-07-25,CA_1,CA,HOUSEHOLD,38,12
2011-07-25,CA_2,CA,FOODS,254,15
2011-07-25,CA_2,CA,HOBBIES,63,15
2011-07-25,CA_2,CA,HOUSEHOLD,37,12
2011-07-25,CA_3,CA,FOODS,316,15
2011-07-25,CA_3,CA,HOBBIES,168,15
2011-07-25,CA_3,CA,HOUSEHOLD,55,12
2011-07-25,TX_1,TX,FOODS,101,15
2011-07-25,TX_1,TX,HOBBIES,63,15
2011-07-25,TX_1,TX,HOUSEHOLD,6,12
2011-07-25,TX_2,TX,FOODS,176,15
2011-07-25,TX_2,TX,HOBBIES,101,15
2011-07-25,TX_2,TX,HOUSEHOLD,33,12
2011-07-25,WI_1,WI,FOODS,78,15
2011-07-25,WI_1,WI,HOBBIES,44,15
2011-07-25,WI_1,WI,HOUSEHOLD,29,12
2011-07-25,WI_2,WI,FOODS,57,15
2011-07-25,WI_2,WI,HOBBIES,33,15
2011-07-25,WI_2,WI,HOUSEHOLD,21,12
2011-08-01,CA_1,CA,FOODS,257,15
2011-08-01,CA_1,CA,HOBBIES,138,15
2011-08-01,CA_1,CA,HOUSEHOLD,45,12
2011-08-01,CA_2,CA,FOODS,236,15
2011-08-01,CA_2,CA,HOBBIES,47,15
2011-08-01,CA_2,CA,HOUSEHOLD,54,12
2011-08-01,CA_3,CA,FOODS,399,15
2011-08-01,CA_3,CA,HOBBIES,134,15
2011-08-01,CA_3,CA,HOUSEHOLD,60,12
2011-08-01,TX_1,TX,FOODS,105,15
2011-08-01,TX_1,TX,HOBBIES,55,15
2011-08-01,TX_1,TX,HOUSEHOLD,23,12
2011-08-01,TX_2,TX,FOODS,191,15
2011-08-01,TX_2,TX,HOBBIES,43,15
2011-08-01,TX_2,TX,HOUSEHOLD,30,12
2011-08-01,WI_1,WI,FOODS,85,15
2011-08-01,WI_1,WI,HOBBIES,46,15
2011-08-01,WI_1,WI,HOUSEHOLD,19,12
2011-08-01,WI_2,WI,FOODS,79,15
2011-08-01,WI_2,WI,HOBBIES,29,15
2011-08-01,WI_2,WI,HOUSEHOLD,18,12
2011-08-08,CA_1,CA,FOODS,219,15
2011-08-08,CA_1,CA,HOBBIES,64,15
2011-08-08,CA_1,CA,HOUSEHOLD,42,12
2011-08-08,CA_2,CA,FOODS,243,15
2011-08-08,CA_2,CA,HOBBIES,74,15
2011-08-08,CA_2,CA,HOUSEHOLD,60,12
2011-08-08,CA_3,CA,FOODS,355,15
2011-08-08,CA_3,CA,HOBBIES,130,15
2011-08-08,CA_3,CA,HOUSEHOLD,37,12
2011-08-08,TX_1,TX,FOODS,131,15
2011-08-08,TX_1,TX,HOBBIES,44,15
2011-08-08,TX_1,TX,HOUSEHOLD,33,12
2011-08-08,TX_2,TX,FOODS,221,15
2011-08-08,TX_2,TX,HOBBIES,47,15
2011-08-08,TX_2,TX,HOUSEHOLD,32,12
2011-08-08,WI_1,WI,FOODS,78,15
2011-08-08,WI_1,WI,HOBBIES,63,15
2011-08-08,WI_1,WI,HOUSEHOLD,28,12
2011-08-08,WI_2,WI,FOODS,69,15
2011-08-08,WI_2,WI,HOBBIES,18,15
2011-08-08,WI_2,WI,HOUSEHOLD,12,12
2011-08-15,CA_1,CA,FOODS,206,15
2011-08-15,CA_1,CA,HOBBIES,46,15
2011-08-15,CA_1,CA,HOUSEHOLD,38,12
2011-08-15,CA_2,CA,FOODS,265,15
2011-08-15,CA_2,CA,HOBBIES,100,15
2011-08-15,CA_2,CA,HOUSEHOLD,59,12
2011-08-15,CA_3,CA,FOODS,348,15
2011-08-15,CA_3,CA,HOBBIES,94,15
2011-08-15,CA_3,CA,HOUSEHOLD,54,12
2011-08-15,TX_1,TX,FOODS,105,15
2011-08-15,TX_1,TX,HOBBIES,44,15
2011-08-15,TX_1,TX,HOUSEHOLD,18,12
2011-08-15,TX_2,TX,FOODS,234,15
2011-08-15,TX_2,TX,HOBBIES,80,15
2011-08-15,TX_2,TX,HOUSEHOLD,31,12
2011-08-15,WI_1,WI,FOODS,75,15
2011-08-15,WI_1,WI,HOBBIES,52,15
2011-08-15,WI_1,WI,HOUSEHOLD,20,12
2011-08-15,WI_2,WI,FOODS,77,15
2011-08-15,WI_2,WI,HOBBIES,16,15
2011-08-15,WI_2,WI,HOUSEHOLD,18,12
2011-08-22,CA_1,CA,FOODS,229,15
2011-08-22,CA_1,CA,HOBBIES,117,15
2011-08-22,CA_1,CA,HOUSEHOLD,30,12
2011-08-22,CA_2,CA,FOODS,247,15
2011-08-22,CA_2,CA,HOBBIES,66,15
2011-08-22,CA_2,CA,HOUSEHOLD,60,12
2011-08-22,CA_3,CA,FOODS,313,15
2011-08-22,CA_3,CA,HOBBIES,89,15
2011-08-22,CA_3,CA,HOUSEHOLD,46,12
2011-08-22,TX_1,TX,FOODS,93,15
2011-08-22,TX_1,TX,HOBBIES,38,15
2011-08-22,TX_1,TX,HOUSEHOLD,26,12
2011-08-22,TX_2,TX,FOODS,179,15
2011-08-22,TX_2,TX,HOBBIES,75,15
2011-08-22,TX_2,TX,HOUSEHOLD,39,12
2011-08-22,WI_1,WI,FOODS,88,15
2011-08-22,WI_1,WI,HOBBIES,57,15
2011-08-22,WI_1,WI,HOUSEHOLD,31,12
2011-08-22,WI_2,WI,FOODS,75,15
2011-08-22,WI_2,WI,HOBBIES,29,15
2011-08-22,WI_2,WI,HOUSEHOLD,26,12
2011-08-29,CA_1,CA,FOODS,241,15
2011-08-29,CA_1,CA,HOBBIES,21,15
2011-08-29,CA_1,CA,HOUSEHOLD,48,12
2011-08-29,CA_2,CA,FOODS,215,15
2011-08-29,CA_2,CA,HOBBIES,27,15
2011-08-29,CA_2,CA,HOUSEHOLD,67,12
2011-08-29,CA_3,CA,FOODS,301,15
2011-08-29,CA_3,CA,HOBBIES,33,15
2011-08-29,CA_3,CA,HOUSEHOLD,62,12
2011-08-29,TX_1,TX,FOODS,134,15
2011-08-29,TX_1,TX,HOBBIES,61,15
2011-08-29,TX_1,TX,HOUSEHOLD,34,12
2011-08-29,TX_2,TX,FOODS,183,15
2011-08-29,TX_2,TX,HOBBIES,106,15
2011-08-29,TX_2,TX,HOUSEHOLD,46,12
2011-08-29,WI_1,WI,FOODS,68,15
2011-08-29,WI_1,WI,HOBBIES,27,15
2011-08-29,WI_1,WI,HOUSEHOLD,24,12
2011-08-29,WI_2,WI,FOODS,64,15
2011-08-29,WI_2,WI,HOBBIES,9,15
2011-08-29,WI_2,WI,HOUSEHOLD,34,12
2011-09-05,CA_1,CA,FOODS,215,15
2011-09-05,CA_1,CA,HOBBIES,136,15
2011-09-05,CA_1,CA,HOUSEHOLD,40,12
2011-09-05,CA_2,CA,FOODS,232,15
2011-09-05,CA_2,CA,HOBBIES,90,15
2011-09-05,CA_2,CA,HOUSEHOLD,68,12
2011-09-05,CA_3,CA,FOODS,348,15
2011-09-05,CA_3,CA,HOBBIES,151,15
2011-09-05,CA_3,CA,HOUSEHOLD,89,12
2011-09-05,TX_1,TX,FOODS,95,15
2011-09-05,TX_1,TX,HOBBIES,41,15
2011-09-05,TX_1,TX,HOUSEHOLD,26,12
2011-09-05,TX_2,TX,FOODS,176,15
2011-09-05,TX_2,TX,HOBBIES,43,15
2011-09-05,TX_2,TX,HOUSEHOLD,46,12
2011-09-05,WI_1,WI,FOODS,44,15
2011-09-05,WI_1,WI,HOBBIES,48,15
2011-09-05,WI_1,WI,HOUSEHOLD,31,12
2011-09-05,WI_2,WI,FOODS,42,15
2011-09-05,WI_2,WI,HOBBIES,31,15
2011-09-05,WI_2,WI,HOUSEHOLD,28,12
2011-09-12,CA_1,CA,FOODS,172,15
2011-09-12,CA_1,CA,HOBBIES,52,15
2011-09-12,CA_1,CA,HOUSEHOLD,36,12
2011-09-12,CA_2,CA,FOODS,233,15
2011-09-12,CA_2,CA,HOBBIES,58,15
2011-09-12,CA_2,CA,HOUSEHOLD,57,12
2011-09-12,CA_3,CA,FOODS,282,15
2011-09-12,CA_3,CA,HOBBIES,164,15
2011-09-12,CA_3,CA,HOUSEHOLD,69,12
2011-09-12,TX_1,TX,FOODS,125,15
2011-09-12,TX_1,TX,HOBBIES,41,15
2011-09-12,TX_1,TX,HOUSEHOLD,27,12
2011-09-12,TX_2,TX,FOODS,195,15
2011-09-12,TX_2,TX,HOBBIES,65,15
2011-09-12,TX_2,TX,HOUSEHOLD,46,12
2011-09-12,WI_1,WI,FOODS,50,15
2011-09-12,WI_1,WI,HOBBIES,49,15
2011-09-12,WI_1,WI,HOUSEHOLD,29,12
2011-09-12,WI_2,WI,FOODS,56,15
2011-09-12,WI_2,WI,HOBBIES,20,15
2011-09-12,WI_2,WI,HOUSEHOLD,38,12
2011-09-19,CA_1,CA,FOODS,166,15
2011-09-19,CA_1,CA,HOBBIES,44,15
2011-09-19,CA_1,CA,HOUSEHOLD,30,12
2011-09-19,CA_2,CA,FOODS,216,15
2011-09-19,CA_2,CA,HOBBIES,98,15
2011-09-19,CA_2,CA,HOUSEHOLD,44,12
2011-09-19,CA_3,CA,FOODS,336,15
2011-09-19,CA_3,CA,HOBBIES,127,15
2011-09-19,CA_3,CA,HOUSEHOLD,110,12
2011-09-19,TX_1,TX,FOODS,99,15
2011-09-19,TX_1,TX,HOBBIES,35,15
2011-09-19,TX_1,TX,HOUSEHOLD,31,12
2011-09-19,TX_2,TX,FOODS,176,15
2011-09-19,TX_2,TX,HOBBIES,72,15
2011-09-19,TX_2,TX,HOUSEHOLD,33,12
2011-09-19,WI_1,WI,FOODS,51,15
2011-09-19,WI_1,WI,HOBBIES,51,15
2011-09-19,WI_1,WI,HOUSEHOLD,28,12
2011-09-19,WI_2,WI,FOODS,28,15
2011-09-19,WI_2,WI,HOBBIES,15,15
2011-09-19,WI_2,WI,HOUSEHOLD,35,12
2011-09-26,CA_1,CA,FOODS,185,15
2011-09-26,CA_1,CA,HOBBIES,81,15
2011-09-26,CA_1,CA,HOUSEHOLD,33,12
2011-09-26,CA_2,CA,FOODS,189,15
2011-09-26,CA_2,CA,HOBBIES,84,15
2011-09-26,CA_2,CA,HOUSEHOLD,48,12
2011-09-26,CA_3,CA,FOODS,290,15
2011-09-26,CA_3,CA,HOBBIES,136,15
2011-09-26,CA_3,CA,HOUSEHOLD,96,12
2011-09-26,TX_1,TX,FOODS,97,15
2011-09-26,TX_1,TX,HOBBIES,46,15
2011-09-26,TX_1,TX,HOUSEHOLD,34,12
2011-09-26,TX_2,TX,FOODS,189,15
2011-09-26,TX_2,TX,HOBBIES,70,15
2011-09-26,TX_2,TX,HOUSEHOLD,67,12
2011-09-26,WI_1,WI,FOODS,65,15
2011-09-26,WI_1,WI,HOBBIES,61,15
2011-09-26,WI_1,WI,HOUSEHOLD,35,12
2011-09-26,WI_2,WI,FOODS,65,15
2011-09-26,WI_2,WI,HOBBIES,24,15
2011-09-26,WI_2,WI,HOUSEHOLD,47,12
2011-10-03,CA_1,CA,FOODS,193,15
2011-10-03,CA_1,CA,HOBBIES,104,15
2011-10-03,CA_1,CA,HOUSEHOLD,41,12
2011-10-03,CA_2,CA,FOODS,213,15
2011-10-03,CA_2,CA,HOBBIES,77,15
2011-10-03,CA_2,CA,HOUSEHOLD,80,12
2011-10-03,CA_3,CA,FOODS,344,15
2011-10-03,CA_3,CA,HOBBIES,107,15
2011-10-03,CA_3,CA,HOUSEHOLD,89,12
2011-10-03,TX_1,TX,FOODS,130,15
2011-10-03,TX_1,TX,HOBBIES,61,15
2011-10-03,TX_1,TX,HOUSEHOLD,38,12
2011-10-03,TX_2,TX,FOODS,212,15
2011-10-03,TX_2,TX,HOBBIES,45,15
2011-10-03,TX_2,TX,HOUSEHOLD,57,12
2011-10-03,WI_1,WI,FOODS,59,15
2011-10-03,WI_1,WI,HOBBIES,72,15
2011-10-03,WI_1,WI,HOUSEHOLD,47,12
2011-10-03,WI_2,WI,FOODS,63,15
2011-10-03,WI_2,WI,HOBBIES,37,15
2011-10-03,WI_2,WI,HOUSEHOLD,44,12
2011-10-10,CA_1,CA,FOODS,225,15
2011-10-10,CA_1,CA,HOBBIES,80,15
2011-10-10,CA_1,CA,HOUSEHOLD,42,12
2011-10-10,CA_2,CA,FOODS,197,15
2011-10-10,CA_2,CA,HOBBIES,84,15
2011-10-10,CA_2,CA,HOUSEHOLD,101,12
2011-10-10,CA_3,CA,FOODS,290,15
2011-10-10,CA_3,CA,HOBBIES,104,15
2011-10-10,CA_3,CA,HOUSEHOLD,159,12
2011-10-10,TX_1,TX,FOODS,159,15
2011-10-10,TX_1,TX,HOBBIES,43,15
2011-10-10,TX_1,TX,HOUSEHOLD,38,12
2011-10-10,TX_2,TX,FOODS,208,15
2011-10-10,TX_2,TX,HOBBIES,52,15
2011-10-10,TX_2,TX,HOUSEHOLD,69,12
2011-10-10,WI_1,WI,FOODS,58,15
2011-10-10,WI_1,WI,HOBBIES,47,15
2011-10-10,WI_1,WI,HOUSEHOLD,22,12
2011-10-10,WI_2,WI,FOODS,68,15
2011-10-10,WI_2,WI,HOBBIES,20,15
2011-10-10,WI_2,WI,HOUSEHOLD,42,12
2011-10-17,CA_1,CA,FOODS,181,15
2011-10-17,CA_1,CA,HOBBIES,106,15
2011-10-17,CA_1,CA,HOUSEHOLD,32,12
2011-10-17,CA_2,CA,FOODS,209,15
2011-10-17,CA_2,CA,HOBBIES,77,15
2011-10-17,CA_2,CA,HOUSEHOLD,125,12
2011-10-17,CA_3,CA,FOODS,255,15
2011-10-17,CA_3,CA,HOBBIES,81,15
2011-10-17,CA_3,CA,HOUSEHOLD,164,12
2011-10-17,TX_1,TX,FOODS,123,15
2011-10-17,TX_1,TX,HOBBIES,53,15
2011-10-17,TX_1,TX,HOUSEHOLD,41,12
2011-10-17,TX_2,TX,FOODS,163,15
2011-10-17,TX_2,TX,HOBBIES,51,15
2011-10-17,TX_2,TX,HOUSEHOLD,55,12
2011-10-17,WI_1,WI,FOODS,71,15
2011-10-17,WI_1,WI,HOBBIES,48,15
2011-10-17,WI_1,WI,HOUSEHOLD,41,12
2011-10-17,WI_2,WI,FOODS,55,15
2011-10-17,WI_2,WI,HOBBIES,28,15
2011-10-17,WI_2,WI,HOUSEHOLD,47,12
2011-10-24,CA_1,CA,FOODS,228,15
2011-10-24,CA_1,CA,HOBBIES,110,15
2011-10-24,CA_1,CA,HOUSEHOLD,39,12
2011-10-24,CA_2,CA,FOODS,139,15
2011-10-24,CA_2,CA,HOBBIES,97,15
2011-10-24,CA_2,CA,HOUSEHOLD,106,12
2011-10-24,CA_3,CA,FOODS,257,15
2011-10-24,CA_3,CA,HOBBIES,99,15
2011-10-24,CA_3,CA,HOUSEHOLD,119,12
2011-10-24,TX_1,TX,FOODS,100,15
2011-10-24,TX_1,TX,HOBBIES,93,15
2011-10-24,TX_1,TX,HOUSEHOLD,50,12
2011-10-24,TX_2,TX,FOODS,200,15
2011-10-24,TX_2,TX,HOBBIES,56,15
2011-10-24,TX_2,TX,HOUSEHOLD,28,12
2011-10-24,WI_1,WI,FOODS,53,15
2011-10-24,WI_1,WI,HOBBIES,56,15
2011-10-24,WI_1,WI,HOUSEHOLD,40,12
2011-10-24,WI_2,WI,FOODS,44,15
2011-10-24,WI_2,WI,HOBBIES,20,15
2011-10-24,WI_2,WI,HOUSEHOLD,51,12
2011-10-31,CA_1,CA,FOODS,221,15
2011-10-31,CA_1,CA,HOBBIES,86,15
2011-10-31,CA_1,CA,HOUSEHOLD,31,12
2011-10-31,CA_2,CA,FOODS,204,15
2011-10-31,CA_2,CA,HOBBIES,100,15
2011-10-31,CA_2,CA,HOUSEHOLD,67,12
2011-10-31,CA_3,CA,FOODS,295,15
2011-10-31,CA_3,CA,HOBBIES,92,15
2011-10-31,CA_3,CA,HOUSEHOLD,135,12
2011-10-31,TX_1,TX,FOODS,125,15
2011-10-31,TX_1,TX,HOBBIES,56,15
2011-10-31,TX_1,TX,HOUSEHOLD,36,12
2011-10-31,TX_2,TX,FOODS,185,15
2011-10-31,TX_2,TX,HOBBIES,35,15
2011-10-31,TX_2,TX,HOUSEHOLD,49,12
2011-10-31,WI_1,WI,FOODS,44,15
2011-10-31,WI_1,WI,HOBBIES,61,15
2011-10-31,WI_1,WI,HOUSEHOLD,20,12
2011-10-31,WI_2,WI,FOODS,64,15
2011-10-31,WI_2,WI,HOBBIES,16,15
2011-10-31,WI_2,WI,HOUSEHOLD,53,12
2011-11-07,CA_1,CA,FOODS,175,15
2011-11-07,CA_1,CA,HOBBIES,86,15
2011-11-07,CA_1,CA,HOUSEHOLD,42,12
2011-11-07,CA_2,CA,FOODS,194,15
2011-11-07,CA_2,CA,HOBBIES,73,15
2011-11-07,CA_2,CA,HOUSEHOLD,59,12
2011-11-07,CA_3,CA,FOODS,306,15
2011-11-07,CA_3,CA,HOBBIES,78,15
2011-11-07,CA_3,CA,HOUSEHOLD,117,12
2011-11-07,TX_1,TX,FOODS,158,15
2011-11-07,TX_1,TX,HOBBIES,32,15
2011-11-07,TX_1,TX,HOUSEHOLD,32,12
2011-11-07,TX_2,TX,FOODS,241,15
2011-11-07,TX_2,TX,HOBBIES,43,15
2011-11-07,TX_2,TX,HOUSEHOLD,53,12
2011-11-07,WI_1,WI,FOODS,53,15
2011-11-07,WI_1,WI,HOBBIES,71,15
2011-11-07,WI_1,WI,HOUSEHOLD,33,12
2011-11-07,WI_2,WI,FOODS,54,15
2011-11-07,WI_2,WI,HOBBIES,26,15
2011-11-07,WI_2,WI,HOUSEHOLD,24,12
2011-11-14,CA_1,CA,FOODS,206,15
2011-11-14,CA_1,CA,HOBBIES,120,15
2011-11-14,CA_1,CA,HOUSEHOLD,43,12
2011-11-14,CA_2,CA,FOODS,240,15
2011-11-14,CA_2,CA,HOBBIES,94,15
2011-11-14,CA_2,CA,HOUSEHOLD,67,12
2011-11-14,CA_3,CA,FOODS,249,15
2011-11-14,CA_3,CA,HOBBIES,110,15
2011-11-14,CA_3,CA,HOUSEHOLD,153,12
2011-11-14,TX_1,TX,FOODS,134,15
2011-11-14,TX_1,TX,HOBBIES,41,15
2011-11-14,TX_1,TX,HOUSEHOLD,38,12
2011-11-14,TX_2,TX,FOODS,200,15
2011-11-14,TX_2,TX,HOBBIES,71,15
2011-11-14,TX_2,TX,HOUSEHOLD,51,12
2011-11-14,WI_1,WI,FOODS,64,15
2011-11-14,WI_1,WI,HOBBIES,38,15
2011-11-14,WI_1,WI,HOUSEHOLD,40,12
2011-11-14,WI_2,WI,FOODS,31,15
2011-11-14,WI_2,WI,HOBBIES,19,15
2011-11-14,WI_2,WI,HOUSEHOLD,22,12
2011-11-21,CA_1,CA,FOODS,218,15
2011-11-21,CA_1,CA,HOBBIES,129,15
2011-11-21,CA_1,CA,HOUSEHOLD,31,12
2011-11-21,CA_2,CA,FOODS,225,15
2011-11-21,CA_2,CA,HOBBIES,122,15
2011-11-21,CA_2,CA,HOUSEHOLD,56,12
2011-11-21,CA_3,CA,FOODS,274,15
2011-11-21,CA_3,CA,HOBBIES,74,15
2011-11-21,CA_3,CA,HOUSEHOLD,83,12
2011-11-21,TX_1,TX,FOODS,94,15
2011-11-21,TX_1,TX,HOBBIES,89,15
2011-11-21,TX_1,TX,HOUSEHOLD,30,12
2011-11-21,TX_2,TX,FOODS,211,15
2011-11-21,TX_2,TX,HOBBIES,51,15
2011-11-21,TX_2,TX,HOUSEHOLD,46,12
2011-11-21,WI_1,WI,FOODS,81,15
2011-11-21,WI_1,WI,HOBBIES,58,15
2011-11-21,WI_1,WI,HOUSEHOLD,28,12
2011-11-21,WI_2,WI,FOODS,32,15
2011-11-21,WI_2,WI,HOBBIES,13,15
2011-11-21,WI_2,WI,HOUSEHOLD,24,12
2011-11-28,CA_1,CA,FOODS,236,15
2011-11-28,CA_1,CA,HOBBIES,122,15
2011-11-28,CA_1,CA,HOUSEHOLD,37,12
2011-11-28,CA_2,CA,FOODS,300,15
2011-11-28,CA_2,CA,HOBBIES,79,15
2011-11-28,CA_2,CA,HOUSEHOLD,40,12
2011-11-28,CA_3,CA,FOODS,331,15
2011-11-28,CA_3,CA,HOBBIES,113,15
2011-11-28,CA_3,CA,HOUSEHOLD,144,12
2011-11-28,TX_1,TX,FOODS,129,15
2011-11-28,TX_1,TX,HOBBIES,57,15
2011-11-28,TX_1,TX,HOUSEHOLD,27,12
2011-11-28,TX_2,TX,FOODS,207,15
2011-11-28,TX_2,TX,HOBBIES,63,15
2011-11-28,TX_2,TX,HOUSEHOLD,59,12
2011-11-28,WI_1,WI,FOODS,73,15
2011-11-28,WI_1,WI,HOBBIES,40,15
2011-11-28,WI_1,WI,HOUSEHOLD,20,12
2011-11-28,WI_2,WI,FOODS,73,15
2011-11-28,WI_2,WI,HOBBIES,11,15
2011-11-28,WI_2,WI,HOUSEHOLD,73,12
2011-12-05,CA_1,CA,FOODS,266,15
2011-12-05,CA_1,CA,HOBBIES,88,15
2011-12-05,CA_1,CA,HOUSEHOLD,31,12
2011-12-05,CA_2,CA,FOODS,368,15
2011-12-05,CA_2,CA,HOBBIES,134,15
2011-12-05,CA_2,CA,HOUSEHOLD,47,12
2011-12-05,CA_3,CA,FOODS,357,15
2011-12-05,CA_3,CA,HOBBIES,75,15
2011-12-05,CA_3,CA,HOUSEHOLD,88,12
2011-12-05,TX_1,TX,FOODS,140,15
2011-12-05,TX_1,TX,HOBBIES,41,15
2011-12-05,TX_1,TX,HOUSEHOLD,29,12
2011-12-05,TX_2,TX,FOODS,229,15
2011-12-05,TX_2,TX,HOBBIES,47,15
2011-12-05,TX_2,TX,HOUSEHOLD,41,12
2011-12-05,WI_1,WI,FOODS,106,15
2011-12-05,WI_1,WI,HOBBIES,49,15
2011-12-05,WI_1,WI,HOUSEHOLD,14,12
2011-12-05,WI_2,WI,FOODS,82,15
2011-12-05,WI_2,WI,HOBBIES,22,15
2011-12-05,WI_2,WI,HOUSEHOLD,30,12
2011-12-12,CA_1,CA,FOODS,240,15
2011-12-12,CA_1,CA,HOBBIES,159,15
2011-12-12,CA_1,CA,HOUSEHOLD,24,12
2011-12-12,CA_2,CA,FOODS,409,15
2011-12-12,CA_2,CA,HOBBIES,79,15
2011-12-12,CA_2,CA,HOUSEHOLD,60,12
2011-12-12,CA_3,CA,FOODS,378,15
2011-12-12,CA_3,CA,HOBBIES,87,15
2011-12-12,CA_3,CA,HOUSEHOLD,101,12
2011-12-12,TX_1,TX,FOODS,165,15
2011-12-12,TX_1,TX,HOBBIES,33,15
2011-12-12,TX_1,TX,HOUSEHOLD,33,12
2011-12-12,TX_2,TX,FOODS,259,15
2011-12-12,TX_2,TX,HOBBIES,65,15
2011-12-12,TX_2,TX,HOUSEHOLD,47,12
2011-12-12,WI_1,WI,FOODS,129,15
2011-12-12,WI_1,WI,HOBBIES,51,15
2011-12-12,WI_1,WI,HOUSEHOLD,26,12
2011-12-12,WI_2,WI,FOODS,80,15
2011-12-12,WI_2,WI,HOBBIES,32,15
2011-12-12,WI_2,WI,HOUSEHOLD,30,12
2011-12-19,CA_1,CA,FOODS,201,15
2011-12-19,CA_1,CA,HOBBIES,60,15
2011-12-19,CA_1,CA,HOUSEHOLD,38,12
2011-12-19,CA_2,CA,FOODS,363,15
2011-12-19,CA_2,CA,HOBBIES,75,15
2011-12-19,CA_2,CA,HOUSEHOLD,52,12
2011-12-19,CA_3,CA,FOODS,295,15
2011-12-19,CA_3,CA,HOBBIES,60,15
2011-12-19,CA_3,CA,HOUSEHOLD,89,12
2011-12-19,TX_1,TX,FOODS,112,15
2011-12-19,TX_1,TX,HOBBIES,20,15
2011-12-19,TX_1,TX,HOUSEHOLD,33,12
2011-12-19,TX_2,TX,FOODS,219,15
2011-12-19,TX_2,TX,HOBBIES,31,15
2011-12-19,TX_2,TX,HOUSEHOLD,28,12
2011-12-19,WI_1,WI,FOODS,147,15
2011-12-19,WI_1,WI,HOBBIES,59,15
2011-12-19,WI_1,WI,HOUSEHOLD,17,12
2011-12-19,WI_2,WI,FOODS,75,15
2011-12-19,WI_2,WI,HOBBIES,27,15
2011-12-19,WI_2,WI,HOUSEHOLD,21,12
2011-12-26,CA_1,CA,FOODS,233,15
2011-12-26,CA_1,CA,HOBBIES,96,15
2011-12-26,CA_1,CA,HOUSEHOLD,35,12
2011-12-26,CA_2,CA,FOODS,261,15
2011-12-26,CA_2,CA,HOBBIES,102,15
2011-12-26,CA_2,CA,HOUSEHOLD,81,12
2011-12-26,CA_3,CA,FOODS,269,15
2011-12-26,CA_3,CA,HOBBIES,82,15
2011-12-26,CA_3,CA,HOUSEHOLD,109,12
2011-12-26,TX_1,TX,FOODS,132,15
2011-12-26,TX_1,TX,HOBBIES,44,15
2011-12-26,TX_1,TX,HOUSEHOLD,45,12
2011-12-26,TX_2,TX,FOODS,217,15
2011-12-26,TX_2,TX,HOBBIES,44,15
2011-12-26,TX_2,TX,HOUSEHOLD,38,12
2011-12-26,WI_1,WI,FOODS,88,15
2011-12-26,WI_1,WI,HOBBIES,35,15
2011-12-26,WI_1,WI,HOUSEHOLD,31,12
2011-12-26,WI_2,WI,FOODS,56,15
2011-12-26,WI_2,WI,HOBBIES,30,15
2011-12-26,WI_2,WI,HOUSEHOLD,37,12
2012-01-02,CA_1,CA,FOODS,191,15
2012-01-02,CA_1,CA,HOBBIES,89,15
2012-01-02,CA_1,CA,HOUSEHOLD,48,12
2012-01-02,CA_2,CA,FOODS,237,15
2012-01-02,CA_2,CA,HOBBIES,90,15
2012-01-02,CA_2,CA,HOUSEHOLD,88,12
2012-01-02,CA_3,CA,FOODS,300,15
2012-01-02,CA_3,CA,HOBBIES,60,15
2012-01-02,CA_3,CA,HOUSEHOLD,113,12
2012-01-02,TX_1,TX,FOODS,120,15
2012-01-02,TX_1,TX,HOBBIES,68,15
2012-01-02,TX_1,TX,HOUSEHOLD,50,12
2012-01-02,TX_2,TX,FOODS,186,15
2012-01-02,TX_2,TX,HOBBIES,69,15
2012-01-02,TX_2,TX,HOUSEHOLD,49,12
2012-01-02,WI_1,WI,FOODS,84,15
2012-01-02,WI_1,WI,HOBBIES,48,15
2012-01-02,WI_1,WI,HOUSEHOLD,34,12
2012-01-02,WI_2,WI,FOODS,87,15
2012-01-02,WI_2,WI,HOBBIES,20,15
2012-01-02,WI_2,WI,HOUSEHOLD,49,12
2012-01-09,CA_1,CA,FOODS,200,15
2012-01-09,CA_1,CA,HOBBIES,109,15
2012-01-09,CA_1,CA,HOUSEHOLD,35,12
2012-01-09,CA_2,CA,FOODS,220,15
2012-01-09,CA_2,CA,HOBBIES,108,15
2012-01-09,CA_2,CA,HOUSEHOLD,78,12
2012-01-09,CA_3,CA,FOODS,262,15
2012-01-09,CA_3,CA,HOBBIES,82,15
2012-01-09,CA_3,CA,HOUSEHOLD,100,12
2012-01-09,TX_1,TX,FOODS,128,15
2012-01-09,TX_1,TX,HOBBIES,43,15
2012-01-09,TX_1,TX,HOUSEHOLD,53,12
2012-01-09,TX_2,TX,FOODS,196,15
2012-01-09,TX_2,TX,HOBBIES,69,15
2012-01-09,TX_2,TX,HOUSEHOLD,54,12
2012-01-09,WI_1,WI,FOODS,66,15
2012-01-09,WI_1,WI,HOBBIES,49,15
2012-01-09,WI_1,WI,HOUSEHOLD,22,12
2012-01-09,WI_2,WI,FOODS,71,15
2012-01-09,WI_2,WI,HOBBIES,16,15
2012-01-09,WI_2,WI,HOUSEHOLD,26,12
2012-01-16,CA_1,CA,FOODS,223,15
2012-01-16,CA_1,CA,HOBBIES,111,15
2012-01-16,CA_1,CA,HOUSEHOLD,28,12
2012-01-16,CA_2,CA,FOODS,209,15
2012-01-16,CA_2,CA,HOBBIES,67,15
2012-01-16,CA_2,CA,HOUSEHOLD,76,12
2012-01-16,CA_3,CA,FOODS,292,15
2012-01-16,CA_3,CA,HOBBIES,69,15
2012-01-16,CA_3,CA,HOUSEHOLD,111,12
2012-01-16,TX_1,TX,FOODS,106,15
2012-01-16,TX_1,TX,HOBBIES,45,15
2012-01-16,TX_1,TX,HOUSEHOLD,51,12
2012-01-16,TX_2,TX,FOODS,224,15
2012-01-16,TX_2,TX,HOBBIES,85,15
2012-01-16,TX_2,TX,HOUSEHOLD,67,12
2012-01-16,WI_1,WI,FOODS,89,15
2012-01-16,WI_1,WI,HOBBIES,61,15
2012-01-16,WI_1,WI,HOUSEHOLD,40,12
2012-01-16,WI_2,WI,FOODS,57,15
2012-01-16,WI_2,WI,HOBBIES,16,15
2012-01-16,WI_2,WI,HOUSEHOLD,35,12
2012-01-23,CA_1,CA,FOODS,171,15
2012-01-23,CA_1,CA,HOBBIES,37,15
2012-01-23,CA_1,CA,HOUSEHOLD,42,12
2012-01-23,CA_2,CA,FOODS,206,15
2012-01-23,CA_2,CA,HOBBIES,84,15
2012-01-23,CA_2,CA,HOUSEHOLD,55,12
2012-01-23,CA_3,CA,FOODS,205,15
2012-01-23,CA_3,CA,HOBBIES,80,15
2012-01-23,CA_3,CA,HOUSEHOLD,111,12
2012-01-23,TX_1,TX,FOODS,102,15
2012-01-23,TX_1,TX,HOBBIES,41,15
2012-01-23,TX_1,TX,HOUSEHOLD,52,12
2012-01-23,TX_2,TX,FOODS,169,15
2012-01-23,TX_2,TX,HOBBIES,51,15
2012-01-23,TX_2,TX,HOUSEHOLD,47,12
2012-01-23,WI_1,WI,FOODS,93,15
2012-01-23,WI_1,WI,HOBBIES,60,15
2012-01-23,WI_1,WI,HOUSEHOLD,43,12
2012-01-23,WI_2,WI,FOODS,74,15
2012-01-23,WI_2,WI,HOBBIES,20,15
2012-01-23,WI_2,WI,HOUSEHOLD,42,12
2012-01-30,CA_1,CA,FOODS,202,15
2012-01-30,CA_1,CA,HOBBIES,81,15
2012-01-30,CA_1,CA,HOUSEHOLD,57,12
2012-01-30,CA_2,CA,FOODS,179,15
2012-01-30,CA_2,CA,HOBBIES,91,15
2012-01-30,CA_2,CA,HOUSEHOLD,55,12
2012-01-30,CA_3,CA,FOODS,241,15
2012-01-30,CA_3,CA,HOBBIES,81,15
2012-01-30,CA_3,CA,HOUSEHOLD,118,12
2012-01-30,TX_1,TX,FOODS,114,15
2012-01-30,TX_1,TX,HOBBIES,94,15
2012-01-30,TX_1,TX,HOUSEHOLD,46,12
2012-01-30,TX_2,TX,FOODS,164,15
2012-01-30,TX_2,TX,HOBBIES,45,15
2012-01-30,TX_2,TX,HOUSEHOLD,60,12
2012-01-30,WI_1,WI,FOODS,99,15
2012-01-30,WI_1,WI,HOBBIES,50,15
2012-01-30,WI_1,WI,HOUSEHOLD,29,12
2012-01-30,WI_2,WI,FOODS,60,15
2012-01-30,WI_2,WI,HOBBIES,47,15
2012-01-30,WI_2,WI,HOUSEHOLD,62,12
2012-02-06,CA_1,CA,FOODS,179,15
2012-02-06,CA_1,CA,HOBBIES,73,15
2012-02-06,CA_1,CA,HOUSEHOLD,48,12
2012-02-06,CA_2,CA,FOODS,285,15
2012-02-06,CA_2,CA,HOBBIES,71,15
2012-02-06,CA_2,CA,HOUSEHOLD,84,12
2012-02-06,CA_3,CA,FOODS,299,15
2012-02-06,CA_3,CA,HOBBIES,86,15
2012-02-06,CA_3,CA,HOUSEHOLD,80,12
2012-02-06,TX_1,TX,FOODS,128,15
2012-02-06,TX_1,TX,HOBBIES,34,15
2012-02-06,TX_1,TX,HOUSEHOLD,44,12
2012-02-06,TX_2,TX,FOODS,282,15
2012-02-06,TX_2,TX,HOBBIES,77,15
2012-02-06,TX_2,TX,HOUSEHOLD,59,12
2012-02-06,WI_1,WI,FOODS,80,15
2012-02-06,WI_1,WI,HOBBIES,62,15
2012-02-06,WI_1,WI,HOUSEHOLD,33,12
2012-02-06,WI_2,WI,FOODS,55,15
2012-02-06,WI_2,WI,HOBBIES,16,15
2012-02-06,WI_2,WI,HOUSEHOLD,28,12
2012-02-13,CA_1,CA,FOODS,220,15
2012-02-13,CA_1,CA,HOBBIES,60,15
2012-02-13,CA_1,CA,HOUSEHOLD,34,12
2012-02-13,CA_2,CA,FOODS,223,15
2012-02-13,CA_2,CA,HOBBIES,66,15
2012-02-13,CA_2,CA,HOUSEHOLD,101,12
2012-02-13,CA_3,CA,FOODS,213,15
2012-02-13,CA_3,CA,HOBBIES,91,15
2012-02-13,CA_3,CA,HOUSEHOLD,105,12
2012-02-13,TX_1,TX,FOODS,162,15
2012-02-13,TX_1,TX,HOBBIES,69,15
2012-02-13,TX_1,TX,HOUSEHOLD,107,12
2012-02-13,TX_2,TX,FOODS,208,15
2012-02-13,TX_2,TX,HOBBIES,89,15
2012-02-13,TX_2,TX,HOUSEHOLD,97,12
2012-02-13,WI_1,WI,FOODS,98,15
2012-02-13,WI_1,WI,HOBBIES,48,15
2012-02-13,WI_1,WI,HOUSEHOLD,48,12
2012-02-13,WI_2,WI,FOODS,58,15
2012-02-13,WI_2,WI,HOBBIES,38,15
2012-02-13,WI_2,WI,HOUSEHOLD,17,12
2012-02-20,CA_1,CA,FOODS,210,15
2012-02-20,CA_1,CA,HOBBIES,68,15
2012-02-20,CA_1,CA,HOUSEHOLD,32,12
2012-02-20,CA_2,CA,FOODS,198,15
2012-02-20,CA_2,CA,HOBBIES,84,15
2012-02-20,CA_2,CA,HOUSEHOLD,166,12
2012-02-20,CA_3,CA,FOODS,230,15
2012-02-20,CA_3,CA,HOBBIES,80,15
2012-02-20,CA_3,CA,HOUSEHOLD,166,12
2012-02-20,TX_1,TX,FOODS,110,15
2012-02-20,TX_1,TX,HOBBIES,58,15
2012-02-20,TX_1,TX,HOUSEHOLD,119,12
2012-02-20,TX_2,TX,FOODS,196,15
2012-02-20,TX_2,TX,HOBBIES,83,15
2012-02-20,TX_2,TX,HOUSEHOLD,104,12
2012-02-20,WI_1,WI,FOODS,84,15
2012-02-20,WI_1,WI,HOBBIES,65,15
2012-02-20,WI_1,WI,HOUSEHOLD,154,12
2012-02-20,WI_2,WI,FOODS,57,15
2012-02-20,WI_2,WI,HOBBIES,29,15
2012-02-20,WI_2,WI,HOUSEHOLD,24,12
2012-02-27,CA_1,CA,FOODS,216,15
2012-02-27,CA_1,CA,HOBBIES,87,15
2012-02-27,CA_1,CA,HOUSEHOLD,20,12
2012-02-27,CA_2,CA,FOODS,283,15
2012-02-27,CA_2,CA,HOBBIES,76,15
2012-02-27,CA_2,CA,HOUSEHOLD,156,12
2012-02-27,CA_3,CA,FOODS,303,15
2012-02-27,CA_3,CA,HOBBIES,142,15
2012-02-27,CA_3,CA,HOUSEHOLD,99,12
2012-02-27,TX_1,TX,FOODS,120,15
2012-02-27,TX_1,TX,HOBBIES,33,15
2012-02-27,TX_1,TX,HOUSEHOLD,71,12
2012-02-27,TX_2,TX,FOODS,206,15
2012-02-27,TX_2,TX,HOBBIES,81,15
2012-02-27,TX_2,TX,HOUSEHOLD,48,12
2012-02-27,WI_1,WI,FOODS,93,15
2012-02-27,WI_1,WI,HOBBIES,55,15
2012-02-27,WI_1,WI,HOUSEHOLD,75,12
2012-02-27,WI_2,WI,FOODS,59,15
2012-02-27,WI_2,WI,HOBBIES,14,15
2012-02-27,WI_2,WI,HOUSEHOLD,47,12
2012-03-05,CA_1,CA,FOODS,224,15
2012-03-05,CA_1,CA,HOBBIES,80,15
2012-03-05,CA_1,CA,HOUSEHOLD,89,12
2012-03-05,CA_2,CA,FOODS,235,15
2012-03-05,CA_2,CA,HOBBIES,95,15
2012-03-05,CA_2,CA,HOUSEHOLD,202,12
2012-03-05,CA_3,CA,FOODS,348,15
2012-03-05,CA_3,CA,HOBBIES,90,15
2012-03-05,CA_3,CA,HOUSEHOLD,188,12
2012-03-05,TX_1,TX,FOODS,125,15
2012-03-05,TX_1,TX,HOBBIES,83,15
2012-03-05,TX_1,TX,HOUSEHOLD,69,12
2012-03-05,TX_2,TX,FOODS,210,15
2012-03-05,TX_2,TX,HOBBIES,51,15
2012-03-05,TX_2,TX,HOUSEHOLD,53,12
2012-03-05,WI_1,WI,FOODS,85,15
2012-03-05,WI_1,WI,HOBBIES,98,15
2012-03-05,WI_1,WI,HOUSEHOLD,56,12
2012-03-05,WI_2,WI,FOODS,30,15
2012-03-05,WI_2,WI,HOBBIES,16,15
2012-03-05,WI_2,WI,HOUSEHOLD,107,12
2012-03-12,CA_1,CA,FOODS,178,15
2012-03-12,CA_1,CA,HOBBIES,46,15
2012-03-12,CA_1,CA,HOUSEHOLD,88,12
2012-03-12,CA_2,CA,FOODS,218,15
2012-03-12,CA_2,CA,HOBBIES,108,15
2012-03-12,CA_2,CA,HOUSEHOLD,157,12
2012-03-12,CA_3,CA,FOODS,197,15
2012-03-12,CA_3,CA,HOBBIES,60,15
2012-03-12,CA_3,CA,HOUSEHOLD,183,12
2012-03-12,TX_1,TX,FOODS,105,15
2012-03-12,TX_1,TX,HOBBIES,31,15
2012-03-12,TX_1,TX,HOUSEHOLD,69,12
2012-03-12,TX_2,TX,FOODS,211,15
2012-03-12,TX_2,TX,HOBBIES,60,15
2012-03-12,TX_2,TX,HOUSEHOLD,125,12
2012-03-12,WI_1,WI,FOODS,74,15
2012-03-12,WI_1,WI,HOBBIES,59,15
2012-03-12,WI_1,WI,HOUSEHOLD,169,12
2012-03-12,WI_2,WI,FOODS,32,15
2012-03-12,WI_2,WI,HOBBIES,29,15
2012-03-12,WI_2,WI,HOUSEHOLD,62,12
2012-03-19,CA_1,CA,FOODS,184,15
2012-03-19,CA_1,CA,HOBBIES,70,15
2012-03-19,CA_1,CA,HOUSEHOLD,62,12
2012-03-19,CA_2,CA,FOODS,270,15
2012-03-19,CA_2,CA,HOBBIES,74,15
2012-03-19,CA_2,CA,HOUSEHOLD,152,12
2012-03-19,CA_3,CA,FOODS,231,15
2012-03-19,CA_3,CA,HOBBIES,115,15
2012-03-19,CA_3,CA,HOUSEHOLD,149,12
2012-03-19,TX_1,TX,FOODS,123,15
2012-03-19,TX_1,TX,HOBBIES,60,15
2012-03-19,TX_1,TX,HOUSEHOLD,161,12
2012-03-19,TX_2,TX,FOODS,204,15
2012-03-19,TX_2,TX,HOBBIES,60,15
2012-03-19,TX_2,TX,HOUSEHOLD,77,12
2012-03-19,WI_1,WI,FOODS,89,15
2012-03-19,WI_1,WI,HOBBIES,63,15
2012-03-19,WI_1,WI,HOUSEHOLD,49,12
2012-03-19,WI_2,WI,FOODS,37,15
2012-03-19,WI_2,WI,HOBBIES,23,15
2012-03-19,WI_2,WI,HOUSEHOLD,62,12
2012-03-26,CA_1,CA,FOODS,341,15
2012-03-26,CA_1,CA,HOBBIES,78,15
2012-03-26,CA_1,CA,HOUSEHOLD,41,12
2012-03-26,CA_2,CA,FOODS,252,15
2012-03-26,CA_2,CA,HOBBIES,89,15
2012-03-26,CA_2,CA,HOUSEHOLD,105,12
2012-03-26,CA_3,CA,FOODS,181,15
2012-03-26,CA_3,CA,HOBBIES,55,15
2012-03-26,CA_3,CA,HOUSEHOLD,58,12
2012-03-26,TX_1,TX,FOODS,81,15
2012-03-26,TX_1,TX,HOBBIES,67,15
2012-03-26,TX_1,TX,HOUSEHOLD,53,12
2012-03-26,TX_2,TX,FOODS,185,15
2012-03-26,TX_2,TX,HOBBIES,60,15
2012-03-26,TX_2,TX,HOUSEHOLD,66,12
2012-03-26,WI_1,WI,FOODS,80,15
2012-03-26,WI_1,WI,HOBBIES,45,15
2012-03-26,WI_1,WI,HOUSEHOLD,51,12
2012-03-26,WI_2,WI,FOODS,32,15
2012-03-26,WI_2,WI,HOBBIES,23,15
2012-03-26,WI_2,WI,HOUSEHOLD,42,12
2012-04-02,CA_1,CA,FOODS,205,15
2012-04-02,CA_1,CA,HOBBIES,53,15
2012-04-02,CA_1,CA,HOUSEHOLD,28,12
2012-04-02,CA_2,CA,FOODS,171,15
2012-04-02,CA_2,CA,HOBBIES,61,15
2012-04-02,CA_2,CA,HOUSEHOLD,100,12
2012-04-02,CA_3,CA,FOODS,264,15
2012-04-02,CA_3,CA,HOBBIES,107,15
2012-04-02,CA_3,CA,HOUSEHOLD,117,12
2012-04-02,TX_1,TX,FOODS,118,15
2012-04-02,TX_1,TX,HOBBIES,63,15
2012-04-02,TX_1,TX,HOUSEHOLD,80,12
2012-04-02,TX_2,TX,FOODS,192,15
2012-04-02,TX_2,TX,HOBBIES,47,15
2012-04-02,TX_2,TX,HOUSEHOLD,142,12
2012-04-02,WI_1,WI,FOODS,97,15
2012-04-02,WI_1,WI,HOBBIES,72,15
2012-04-02,WI_1,WI,HOUSEHOLD,102,12
2012-04-02,WI_2,WI,FOODS,27,15
2012-04-02,WI_2,WI,HOBBIES,15,15
2012-04-02,WI_2,WI,HOUSEHOLD,27,12
2012-04-09,CA_1,CA,FOODS,203,15
2012-04-09,CA_1,CA,HOBBIES,84,15
2012-04-09,CA_1,CA,HOUSEHOLD,32,12
2012-04-09,CA_2,CA,FOODS,205,15
2012-04-09,CA_2,CA,HOBBIES,131,15
2012-04-09,CA_2,CA,HOUSEHOLD,160,12
2012-04-09,CA_3,CA,FOODS,283,15
2012-04-09,CA_3,CA,HOBBIES,65,15
2012-04-09,CA_3,CA,HOUSEHOLD,202,12
2012-04-09,TX_1,TX,FOODS,108,15
2012-04-09,TX_1,TX,HOBBIES,35,15
2012-04-09,TX_1,TX,HOUSEHOLD,47,12
2012-04-09,TX_2,TX,FOODS,223,15
2012-04-09,TX_2,TX,HOBBIES,69,15
2012-04-09,TX_2,TX,HOUSEHOLD,47,12
2012-04-09,WI_1,WI,FOODS,74,15
2012-04-09,WI_1,WI,HOBBIES,66,15
2012-04-09,WI_1,WI,HOUSEHOLD,80,12
2012-04-09,WI_2,WI,FOODS,32,15
2012-04-09,WI_2,WI,HOBBIES,28,15
2012-04-09,WI_2,WI,HOUSEHOLD,12,12
2012-04-16,CA_1,CA,FOODS,231,15
2012-04-16,CA_1,CA,HOBBIES,68,15
2012-04-16,CA_1,CA,HOUSEHOLD,25,12
2012-04-16,CA_2,CA,FOODS,193,15
2012-04-16,CA_2,CA,HOBBIES,68,15
2012-04-16,CA_2,CA,HOUSEHOLD,136,12
2012-04-16,CA_3,CA,FOODS,282,15
2012-04-16,CA_3,CA,HOBBIES,102,15
2012-04-16,CA_3,CA,HOUSEHOLD,95,12
2012-04-16,TX_1,TX,FOODS,104,15
2012-04-16,TX_1,TX,HOBBIES,43,15
2012-04-16,TX_1,TX,HOUSEHOLD,74,12
2012-04-16,TX_2,TX,FOODS,186,15
2012-04-16,TX_2,TX,HOBBIES,73,15
2012-04-16,TX_2,TX,HOUSEHOLD,77,12
2012-04-16,WI_1,WI,FOODS,116,15
2012-04-16,WI_1,WI,HOBBIES,31,15
2012-04-16,WI_1,WI,HOUSEHOLD,77,12
2012-04-16,WI_2,WI,FOODS,41,15
2012-04-16,WI_2,WI,HOBBIES,12,15
2012-04-16,WI_2,WI,HOUSEHOLD,13,12
2012-04-23,CA_1,CA,FOODS,284,15
2012-04-23,CA_1,CA,HOBBIES,70,15
2012-04-23,CA_1,CA,HOUSEHOLD,27,12
2012-04-23,CA_2,CA,FOODS,250,15
2012-04-23,CA_2,CA,HOBBIES,56,15
2012-04-23,CA_2,CA,HOUSEHOLD,173,12
2012-04-23,CA_3,CA,FOODS,232,15
2012-04-23,CA_3,CA,HOBBIES,112,15
2012-04-23,CA_3,CA,HOUSEHOLD,59,12
2012-04-23,TX_1,TX,FOODS,101,15
2012-04-23,TX_1,TX,HOBBIES,53,15
2012-04-23,TX_1,TX,HOUSEHOLD,88,12
2012-04-23,TX_2,TX,FOODS,178,15
2012-04-23,TX_2,TX,HOBBIES,61,15
2012-04-23,TX_2,TX,HOUSEHOLD,98,12
2012-04-23,WI_1,WI,FOODS,121,15
2012-04-23,WI_1,WI,HOBBIES,61,15
2012-04-23,WI_1,WI,HOUSEHOLD,83,12
2012-04-23,WI_2,WI,FOODS,45,15
2012-04-23,WI_2,WI,HOBBIES,15,15
2012-04-23,WI_2,WI,HOUSEHOLD,23,12
2012-04-30,CA_1,CA,FOODS,241,15
2012-04-30,CA_1,CA,HOBBIES,85,15
2012-04-30,CA_1,CA,HOUSEHOLD,25,12
2012-04-30,CA_2,CA,FOODS,233,15
2012-04-30,CA_2,CA,HOBBIES,102,15
2012-04-30,CA_2,CA,HOUSEHOLD,182,12
2012-04-30,CA_3,CA,FOODS,259,15
2012-04-30,CA_3,CA,HOBBIES,121,15
2012-04-30,CA_3,CA,HOUSEHOLD,55,12
2012-04-30,TX_1,TX,FOODS,87,15
2012-04-30,TX_1,TX,HOBBIES,56,15
2012-04-30,TX_1,TX,HOUSEHOLD,50,12
2012-04-30,TX_2,TX,FOODS,205,15
2012-04-30,TX_2,TX,HOBBIES,60,15
2012-04-30,TX_2,TX,HOUSEHOLD,77,12
2012-04-30,WI_1,WI,FOODS,134,15
2012-04-30,WI_1,WI,HOBBIES,56,15
2012-04-30,WI_1,WI,HOUSEHOLD,79,12
2012-04-30,WI_2,WI,FOODS,45,15
2012-04-30,WI_2,WI,HOBBIES,29,15
2012-04-30,WI_2,WI,HOUSEHOLD,33,12
2012-05-07,CA_1,CA,FOODS,497,15
2012-05-07,CA_1,CA,HOBBIES,79,15
2012-05-07,CA_1,CA,HOUSEHOLD,33,12
2012-05-07,CA_2,CA,FOODS,217,15
2012-05-07,CA_2,CA,HOBBIES,65,15
2012-05-07,CA_2,CA,HOUSEHOLD,86,12
2012-05-07,CA_3,CA,FOODS,272,15
2012-05-07,CA_3,CA,HOBBIES,132,15
2012-05-07,CA_3,CA,HOUSEHOLD,54,12
2012-05-07,TX_1,TX,FOODS,143,15
2012-05-07,TX_1,TX,HOBBIES,83,15
2012-05-07,TX_1,TX,HOUSEHOLD,30,12
2012-05-07,TX_2,TX,FOODS,225,15
2012-05-07,TX_2,TX,HOBBIES,65,15
2012-05-07,TX_2,TX,HOUSEHOLD,51,12
2012-05-07,WI_1,WI,FOODS,101,15
2012-05-07,WI_1,WI,HOBBIES,46,15
2012-05-07,WI_1,WI,HOUSEHOLD,34,12
2012-05-07,WI_2,WI,FOODS,76,15
2012-05-07,WI_2,WI,HOBBIES,28,15
2012-05-07,WI_2,WI,HOUSEHOLD,30,12
2012-05-14,CA_1,CA,FOODS,221,15
2012-05-14,CA_1,CA,HOBBIES,96,15
2012-05-14,CA_1,CA,HOUSEHOLD,40,12
2012-05-14,CA_2,CA,FOODS,254,15
2012-05-14,CA_2,CA,HOBBIES,85,15
2012-05-14,CA_2,CA,HOUSEHOLD,155,12
2012-05-14,CA_3,CA,FOODS,267,15
2012-05-14,CA_3,CA,HOBBIES,113,15
2012-05-14,CA_3,CA,HOUSEHOLD,53,12
2012-05-14,TX_1,TX,FOODS,96,15
2012-05-14,TX_1,TX,HOBBIES,81,15
2012-05-14,TX_1,TX,HOUSEHOLD,45,12
2012-05-14,TX_2,TX,FOODS,180,15
2012-05-14,TX_2,TX,HOBBIES,65,15
2012-05-14,TX_2,TX,HOUSEHOLD,56,12
2012-05-14,WI_1,WI,FOODS,119,15
2012-05-14,WI_1,WI,HOBBIES,36,15
2012-05-14,WI_1,WI,HOUSEHOLD,58,12
2012-05-14,WI_2,WI,FOODS,61,15
2012-05-14,WI_2,WI,HOBBIES,30,15
2012-05-14,WI_2,WI,HOUSEHOLD,26,12
2012-05-21,CA_1,CA,FOODS,480,15
2012-05-21,CA_1,CA,HOBBIES,68,15
2012-05-21,CA_1,CA,HOUSEHOLD,31,12
2012-05-21,CA_2,CA,FOODS,234,15
2012-05-21,CA_2,CA,HOBBIES,86,15
2012-05-21,CA_2,CA,HOUSEHOLD,126,12
2012-05-21,CA_3,CA,FOODS,242,15
2012-05-21,CA_3,CA,HOBBIES,90,15
2012-05-21,CA_3,CA,HOUSEHOLD,59,12
2012-05-21,TX_1,TX,FOODS,101,15
2012-05-21,TX_1,TX,HOBBIES,60,15
2012-05-21,TX_1,TX,HOUSEHOLD,48,12
2012-05-21,TX_2,TX,FOODS,165,15
2012-05-21,TX_2,TX,HOBBIES,44,15
2012-05-21,TX_2,TX,HOUSEHOLD,48,12
2012-05-21,WI_1,WI,FOODS,175,15
2012-05-21,WI_1,WI,HOBBIES,49,15
2012-05-21,WI_1,WI,HOUSEHOLD,37,12
2012-05-21,WI_2,WI,FOODS,47,15
2012-05-21,WI_2,WI,HOBBIES,40,15
2012-05-21,WI_2,WI,HOUSEHOLD,32,12
2012-05-28,CA_1,CA,FOODS,263,15
2012-05-28,CA_1,CA,HOBBIES,74,15
2012-05-28,CA_1,CA,HOUSEHOLD,31,12
2012-05-28,CA_2,CA,FOODS,255,15
2012-05-28,CA_2,CA,HOBBIES,93,15
2012-05-28,CA_2,CA,HOUSEHOLD,166,12
2012-05-28,CA_3,CA,FOODS,224,15
2012-05-28,CA_3,CA,HOBBIES,90,15
2012-05-28,CA_3,CA,HOUSEHOLD,69,12
2012-05-28,TX_1,TX,FOODS,92,15
2012-05-28,TX_1,TX,HOBBIES,37,15
2012-05-28,TX_1,TX,HOUSEHOLD,39,12
2012-05-28,TX_2,TX,FOODS,172,15
2012-05-28,TX_2,TX,HOBBIES,148,15
2012-05-28,TX_2,TX,HOUSEHOLD,55,12
2012-05-28,WI_1,WI,FOODS,110,15
2012-05-28,WI_1,WI,HOBBIES,37,15
2012-05-28,WI_1,WI,HOUSEHOLD,42,12
2012-05-28,WI_2,WI,FOODS,63,15
2012-05-28,WI_2,WI,HOBBIES,30,15
2012-05-28,WI_2,WI,HOUSEHOLD,122,12
2012-06-04,CA_1,CA,FOODS,276,15
2012-06-04,CA_1,CA,HOBBIES,82,15
2012-06-04,CA_1,CA,HOUSEHOLD,40,12
2012-06-04,CA_2,CA,FOODS,229,15
2012-06-04,CA_2,CA,HOBBIES,117,15
2012-06-04,CA_2,CA,HOUSEHOLD,101,12
2012-06-04,CA_3,CA,FOODS,323,15
2012-06-04,CA_3,CA,HOBBIES,115,15
2012-06-04,CA_3,CA,HOUSEHOLD,53,12
2012-06-04,TX_1,TX,FOODS,94,15
2012-06-04,TX_1,TX,HOBBIES,89,15
2012-06-04,TX_1,TX,HOUSEHOLD,83,12
2012-06-04,TX_2,TX,FOODS,190,15
2012-06-04,TX_2,TX,HOBBIES,91,15
2012-06-04,TX_2,TX,HOUSEHOLD,68,12
2012-06-04,WI_1,WI,FOODS,114,15
2012-06-04,WI_1,WI,HOBBIES,52,15
2012-06-04,WI_1,WI,HOUSEHOLD,39,12
2012-06-04,WI_2,WI,FOODS,76,15
2012-06-04,WI_2,WI,HOBBIES,35,15
2012-06-04,WI_2,WI,HOUSEHOLD,30,12
2012-06-11,CA_1,CA,FOODS,240,15
2012-06-11,CA_1,CA,HOBBIES,73,15
2012-06-11,CA_1,CA,HOUSEHOLD,60,12
2012-06-11,CA_2,CA,FOODS,256,15
2012-06-11,CA_2,CA,HOBBIES,74,15
2012-06-11,CA_2,CA,HOUSEHOLD,214,12
2012-06-11,CA_3,CA,FOODS,310,15
2012-06-11,CA_3,CA,HOBBIES,103,15
2012-06-11,CA_3,CA,HOUSEHOLD,67,12
2012-06-11,TX_1,TX,FOODS,65,15
2012-06-11,TX_1,TX,HOBBIES,74,15
2012-06-11,TX_1,TX,HOUSEHOLD,37,12
2012-06-11,TX_2,TX,FOODS,192,15
2012-06-11,TX_2,TX,HOBBIES,69,15
2012-06-11,TX_2,TX,HOUSEHOLD,83,12
2012-06-11,WI_1,WI,FOODS,114,15
2012-06-11,WI_1,WI,HOBBIES,35,15
2012-06-11,WI_1,WI,HOUSEHOLD,24,12
2012-06-11,WI_2,WI,FOODS,76,15
2012-06-11,WI_2,WI,HOBBIES,42,15
2012-06-11,WI_2,WI,HOUSEHOLD,46,12
2012-06-18,CA_1,CA,FOODS,874,15
2012-06-18,CA_1,CA,HOBBIES,75,15
2012-06-18,CA_1,CA,HOUSEHOLD,37,12
2012-06-18,CA_2,CA,FOODS,284,15
2012-06-18,CA_2,CA,HOBBIES,40,15
2012-06-18,CA_2,CA,HOUSEHOLD,218,12
2012-06-18,CA_3,CA,FOODS,251,15
2012-06-18,CA_3,CA,HOBBIES,132,15
2012-06-18,CA_3,CA,HOUSEHOLD,65,12
2012-06-18,TX_1,TX,FOODS,74,15
2012-06-18,TX_1,TX,HOBBIES,37,15
2012-06-18,TX_1,TX,HOUSEHOLD,54,12
2012-06-18,TX_2,TX,FOODS,143,15
2012-06-18,TX_2,TX,HOBBIES,84,15
2012-06-18,TX_2,TX,HOUSEHOLD,67,12
2012-06-18,WI_1,WI,FOODS,118,15
2012-06-18,WI_1,WI,HOBBIES,41,15
2012-06-18,WI_1,WI,HOUSEHOLD,32,12
2012-06-18,WI_2,WI,FOODS,76,15
2012-06-18,WI_2,WI,HOBBIES,24,15
2012-06-18,WI_2,WI,HOUSEHOLD,27,12
2012-06-25,CA_1,CA,FOODS,211,15
2012-06-25,CA_1,CA,HOBBIES,79,15
2012-06-25,CA_1,CA,HOUSEHOLD,51,12
2012-06-25,CA_2,CA,FOODS,265,15
2012-06-25,CA_2,CA,HOBBIES,69,15
2012-06-25,CA_2,CA,HOUSEHOLD,201,12
2012-06-25,CA_3,CA,FOODS,241,15
2012-06-25,CA_3,CA,HOBBIES,86,15
2012-06-25,CA_3,CA,HOUSEHOLD,74,12
2012-06-25,TX_1,TX,FOODS,66,15
2012-06-25,TX_1,TX,HOBBIES,77,15
2012-06-25,TX_1,TX,HOUSEHOLD,45,12
2012-06-25,TX_2,TX,FOODS,156,15
2012-06-25,TX_2,TX,HOBBIES,92,15
2012-06-25,TX_2,TX,HOUSEHOLD,64,12
2012-06-25,WI_1,WI,FOODS,151,15
2012-06-25,WI_1,WI,HOBBIES,41,15
2012-06-25,WI_1,WI,HOUSEHOLD,40,12
2012-06-25,WI_2,WI,FOODS,84,15
2012-06-25,WI_2,WI,HOBBIES,24,15
2012-06-25,WI_2,WI,HOUSEHOLD,37,12
2012-07-02,CA_1,CA,FOODS,214,15
2012-07-02,CA_1,CA,HOBBIES,83,15
2012-07-02,CA_1,CA,HOUSEHOLD,88,12
2012-07-02,CA_2,CA,FOODS,207,15
2012-07-02,CA_2,CA,HOBBIES,76,15
2012-07-02,CA_2,CA,HOUSEHOLD,180,12
2012-07-02,CA_3,CA,FOODS,231,15
2012-07-02,CA_3,CA,HOBBIES,134,15
2012-07-02,CA_3,CA,HOUSEHOLD,42,12
2012-07-02,TX_1,TX,FOODS,91,15
2012-07-02,TX_1,TX,HOBBIES,84,15
2012-07-02,TX_1,TX,HOUSEHOLD,65,12
2012-07-02,TX_2,TX,FOODS,200,15
2012-07-02,TX_2,TX,HOBBIES,128,15
2012-07-02,TX_2,TX,HOUSEHOLD,112,12
2012-07-02,WI_1,WI,FOODS,116,15
2012-07-02,WI_1,WI,HOBBIES,57,15
2012-07-02,WI_1,WI,HOUSEHOLD,45,12
2012-07-02,WI_2,WI,FOODS,139,15
2012-07-02,WI_2,WI,HOBBIES,26,15
2012-07-02,WI_2,WI,HOUSEHOLD,134,12
2012-07-09,CA_1,CA,FOODS,219,15
2012-07-09,CA_1,CA,HOBBIES,76,15
2012-07-09,CA_1,CA,HOUSEHOLD,58,12
2012-07-09,CA_2,CA,FOODS,220,15
2012-07-09,CA_2,CA,HOBBIES,75,15
2012-07-09,CA_2,CA,HOUSEHOLD,141,12
2012-07-09,CA_3,CA,FOODS,235,15
2012-07-09,CA_3,CA,HOBBIES,99,15
2012-07-09,CA_3,CA,HOUSEHOLD,109,12
2012-07-09,TX_1,TX,FOODS,95,15
2012-07-09,TX_1,TX,HOBBIES,139,15
2012-07-09,TX_1,TX,HOUSEHOLD,109,12
2012-07-09,TX_2,TX,FOODS,163,15
2012-07-09,TX_2,TX,HOBBIES,113,15
2012-07-09,TX_2,TX,HOUSEHOLD,62,12
2012-07-09,WI_1,WI,FOODS,120,15
2012-07-09,WI_1,WI,HOBBIES,49,15
2012-07-09,WI_1,WI,HOUSEHOLD,86,12
2012-07-09,WI_2,WI,FOODS,97,15
2012-07-09,WI_2,WI,HOBBIES,24,15
2012-07-09,WI_2,WI,HOUSEHOLD,88,12
2012-07-16,CA_1,CA,FOODS,213,15
2012-07-16,CA_1,CA,HOBBIES,65,15
2012-07-16,CA_1,CA,HOUSEHOLD,45,12
2012-07-16,CA_2,CA,FOODS,233,15
2012-07-16,CA_2,CA,HOBBIES,55,15
2012-07-16,CA_2,CA,HOUSEHOLD,164,12
2012-07-16,CA_3,CA,FOODS,195,15
2012-07-16,CA_3,CA,HOBBIES,109,15
2012-07-16,CA_3,CA,HOUSEHOLD,126,12
2012-07-16,TX_1,TX,FOODS,97,15
2012-07-16,TX_1,TX,HOBBIES,85,15
2012-07-16,TX_1,TX,HOUSEHOLD,88,12
2012-07-16,TX_2,TX,FOODS,156,15
2012-07-16,TX_2,TX,HOBBIES,103,15
2012-07-16,TX_2,TX,HOUSEHOLD,79,12
2012-07-16,WI_1,WI,FOODS,96,15
2012-07-16,WI_1,WI,HOBBIES,44,15
2012-07-16,WI_1,WI,HOUSEHOLD,69,12
2012-07-16,WI_2,WI,FOODS,97,15
2012-07-16,WI_2,WI,HOBBIES,19,15
2012-07-16,WI_2,WI,HOUSEHOLD,38,12
2012-07-23,CA_1,CA,FOODS,200,15
2012-07-23,CA_1,CA,HOBBIES,51,15
2012-07-23,CA_1,CA,HOUSEHOLD,39,12
2012-07-23,CA_2,CA,FOODS,194,15
2012-07-23,CA_2,CA,HOBBIES,53,15
2012-07-23,CA_2,CA,HOUSEHOLD,146,12
2012-07-23,CA_3,CA,FOODS,247,15
2012-07-23,CA_3,CA,HOBBIES,126,15
2012-07-23,CA_3,CA,HOUSEHOLD,61,12
2012-07-23,TX_1,TX,FOODS,75,15
2012-07-23,TX_1,TX,HOBBIES,66,15
2012-07-23,TX_1,TX,HOUSEHOLD,32,12
2012-07-23,TX_2,TX,FOODS,183,15
2012-07-23,TX_2,TX,HOBBIES,66,15
2012-07-23,TX_2,TX,HOUSEHOLD,61,12
2012-07-23,WI_1,WI,FOODS,107,15
2012-07-23,WI_1,WI,HOBBIES,54,15
2012-07-23,WI_1,WI,HOUSEHOLD,61,12
2012-07-23,WI_2,WI,FOODS,84,15
2012-07-23,WI_2,WI,HOBBIES,35,15
2012-07-23,WI_2,WI,HOUSEHOLD,31,12
2012-07-30,CA_1,CA,FOODS,224,15
2012-07-30,CA_1,CA,HOBBIES,77,15
2012-07-30,CA_1,CA,HOUSEHOLD,42,12
2012-07-30,CA_2,CA,FOODS,151,15
2012-07-30,CA_2,CA,HOBBIES,69,15
2012-07-30,CA_2,CA,HOUSEHOLD,184,12
2012-07-30,CA_3,CA,FOODS,292,15
2012-07-30,CA_3,CA,HOBBIES,84,15
2012-07-30,CA_3,CA,HOUSEHOLD,63,12
2012-07-30,TX_1,TX,FOODS,75,15
2012-07-30,TX_1,TX,HOBBIES,79,15
2012-07-30,TX_1,TX,HOUSEHOLD,38,12
2012-07-30,TX_2,TX,FOODS,156,15
2012-07-30,TX_2,TX,HOBBIES,101,15
2012-07-30,TX_2,TX,HOUSEHOLD,81,12
2012-07-30,WI_1,WI,FOODS,85,15
2012-07-30,WI_1,WI,HOBBIES,53,15
2012-07-30,WI_1,WI,HOUSEHOLD,42,12
2012-07-30,WI_2,WI,FOODS,122,15
2012-07-30,WI_2,WI,HOBBIES,25,15
2012-07-30,WI_2,WI,HOUSEHOLD,57,12
2012-08-06,CA_1,CA,FOODS,299,15
2012-08-06,CA_1,CA,HOBBIES,101,15
2012-08-06,CA_1,CA,HOUSEHOLD,51,12
2012-08-06,CA_2,CA,FOODS,205,15
2012-08-06,CA_2,CA,HOBBIES,70,15
2012-08-06,CA_2,CA,HOUSEHOLD,185,12
2012-08-06,CA_3,CA,FOODS,314,15
2012-08-06,CA_3,CA,HOBBIES,97,15
2012-08-06,CA_3,CA,HOUSEHOLD,120,12
2012-08-06,TX_1,TX,FOODS,98,15
2012-08-06,TX_1,TX,HOBBIES,91,15
2012-08-06,TX_1,TX,HOUSEHOLD,91,12
2012-08-06,TX_2,TX,FOODS,199,15
2012-08-06,TX_2,TX,HOBBIES,124,15
2012-08-06,TX_2,TX,HOUSEHOLD,86,12
2012-08-06,WI_1,WI,FOODS,77,15
2012-08-06,WI_1,WI,HOBBIES,43,15
2012-08-06,WI_1,WI,HOUSEHOLD,48,12
2012-08-06,WI_2,WI,FOODS,140,15
2012-08-06,WI_2,WI,HOBBIES,25,15
2012-08-06,WI_2,WI,HOUSEHOLD,52,12
2012-08-13,CA_1,CA,FOODS,545,15
2012-08-13,CA_1,CA,HOBBIES,62,15
2012-08-13,CA_1,CA,HOUSEHOLD,51,12
2012-08-13,CA_2,CA,FOODS,204,15
2012-08-13,CA_2,CA,HOBBIES,66,15
2012-08-13,CA_2,CA,HOUSEHOLD,232,12
2012-08-13,CA_3,CA,FOODS,276,15
2012-08-13,CA_3,CA,HOBBIES,91,15
2012-08-13,CA_3,CA,HOUSEHOLD,170,12
2012-08-13,TX_1,TX,FOODS,115,15
2012-08-13,TX_1,TX,HOBBIES,73,15
2012-08-13,TX_1,TX,HOUSEHOLD,109,12
2012-08-13,TX_2,TX,FOODS,194,15
2012-08-13,TX_2,TX,HOBBIES,96,15
2012-08-13,TX_2,TX,HOUSEHOLD,120,12
2012-08-13,WI_1,WI,FOODS,78,15
2012-08-13,WI_1,WI,HOBBIES,54,15
2012-08-13,WI_1,WI,HOUSEHOLD,114,12
2012-08-13,WI_2,WI,FOODS,131,15
2012-08-13,WI_2,WI,HOBBIES,23,15
2012-08-13,WI_2,WI,HOUSEHOLD,61,12
2012-08-20,CA_1,CA,FOODS,240,15
2012-08-20,CA_1,CA,HOBBIES,56,15
2012-08-20,CA_1,CA,HOUSEHOLD,39,12
2012-08-20,CA_2,CA,FOODS,248,15
2012-08-20,CA_2,CA,HOBBIES,81,15
2012-08-20,CA_2,CA,HOUSEHOLD,174,12
2012-08-20,CA_3,CA,FOODS,306,15
2012-08-20,CA_3,CA,HOBBIES,108,15
2012-08-20,CA_3,CA,HOUSEHOLD,68,12
2012-08-20,TX_1,TX,FOODS,85,15
2012-08-20,TX_1,TX,HOBBIES,39,15
2012-08-20,TX_1,TX,HOUSEHOLD,134,12
2012-08-20,TX_2,TX,FOODS,169,15
2012-08-20,TX_2,TX,HOBBIES,102,15
2012-08-20,TX_2,TX,HOUSEHOLD,191,12
2012-08-20,WI_1,WI,FOODS,70,15
2012-08-20,WI_1,WI,HOBBIES,35,15
2012-08-20,WI_1,WI,HOUSEHOLD,89,12
2012-08-20,WI_2,WI,FOODS,131,15
2012-08-20,WI_2,WI,HOBBIES,28,15
2012-08-20,WI_2,WI,HOUSEHOLD,47,12
2012-08-27,CA_1,CA,FOODS,681,15
2012-08-27,CA_1,CA,HOBBIES,68,15
2012-08-27,CA_1,CA,HOUSEHOLD,32,12
2012-08-27,CA_2,CA,FOODS,212,15
2012-08-27,CA_2,CA,HOBBIES,91,15
2012-08-27,CA_2,CA,HOUSEHOLD,138,12
2012-08-27,CA_3,CA,FOODS,228,15
2012-08-27,CA_3,CA,HOBBIES,115,15
2012-08-27,CA_3,CA,HOUSEHOLD,87,12
2012-08-27,TX_1,TX,FOODS,97,15
2012-08-27,TX_1,TX,HOBBIES,74,15
2012-08-27,TX_1,TX,HOUSEHOLD,53,12
2012-08-27,TX_2,TX,FOODS,184,15
2012-08-27,TX_2,TX,HOBBIES,138,15
2012-08-27,TX_2,TX,HOUSEHOLD,96,12
2012-08-27,WI_1,WI,FOODS,65,15
2012-08-27,WI_1,WI,HOBBIES,49,15
2012-08-27,WI_1,WI,HOUSEHOLD,46,12
2012-08-27,WI_2,WI,FOODS,106,15
2012-08-27,WI_2,WI,HOBBIES,29,15
2012-08-27,WI_2,WI,HOUSEHOLD,59,12
2012-09-03,CA_1,CA,FOODS,267,15
2012-09-03,CA_1,CA,HOBBIES,80,15
2012-09-03,CA_1,CA,HOUSEHOLD,81,12
2012-09-03,CA_2,CA,FOODS,161,15
2012-09-03,CA_2,CA,HOBBIES,101,15
2012-09-03,CA_2,CA,HOUSEHOLD,240,12
2012-09-03,CA_3,CA,FOODS,249,15
2012-09-03,CA_3,CA,HOBBIES,156,15
2012-09-03,CA_3,CA,HOUSEHOLD,167,12
2012-09-03,TX_1,TX,FOODS,81,15
2012-09-03,TX_1,TX,HOBBIES,86,15
2012-09-03,TX_1,TX,HOUSEHOLD,110,12
2012-09-03,TX_2,TX,FOODS,178,15
2012-09-03,TX_2,TX,HOBBIES,166,15
2012-09-03,TX_2,TX,HOUSEHOLD,146,12
2012-09-03,WI_1,WI,FOODS,76,15
2012-09-03,WI_1,WI,HOBBIES,47,15
2012-09-03,WI_1,WI,HOUSEHOLD,78,12
2012-09-03,WI_2,WI,FOODS,118,15
2012-09-03,WI_2,WI,HOBBIES,32,15
2012-09-03,WI_2,WI,HOUSEHOLD,110,12
2012-09-10,CA_1,CA,FOODS,244,15
2012-09-10,CA_1,CA,HOBBIES,133,15
2012-09-10,CA_1,CA,HOUSEHOLD,54,12
2012-09-10,CA_2,CA,FOODS,148,15
2012-09-10,CA_2,CA,HOBBIES,70,15
2012-09-10,CA_2,CA,HOUSEHOLD,222,12
2012-09-10,CA_3,CA,FOODS,267,15
2012-09-10,CA_3,CA,HOBBIES,135,15
2012-09-10,CA_3,CA,HOUSEHOLD,166,12
2012-09-10,TX_1,TX,FOODS,80,15
2012-09-10,TX_1,TX,HOBBIES,68,15
2012-09-10,TX_1,TX,HOUSEHOLD,85,12
2012-09-10,TX_2,TX,FOODS,150,15
2012-09-10,TX_2,TX,HOBBIES,122,15
2012-09-10,TX_2,TX,HOUSEHOLD,104,12
2012-09-10,WI_1,WI,FOODS,63,15
2012-09-10,WI_1,WI,HOBBIES,44,15
2012-09-10,WI_1,WI,HOUSEHOLD,112,12
2012-09-10,WI_2,WI,FOODS,128,15
2012-09-10,WI_2,WI,HOBBIES,43,15
2012-09-10,WI_2,WI,HOUSEHOLD,77,12
2012-09-17,CA_1,CA,FOODS,244,15
2012-09-17,CA_1,CA,HOBBIES,88,15
2012-09-17,CA_1,CA,HOUSEHOLD,53,12
2012-09-17,CA_2,CA,FOODS,189,15
2012-09-17,CA_2,CA,HOBBIES,61,15
2012-09-17,CA_2,CA,HOUSEHOLD,210,12
2012-09-17,CA_3,CA,FOODS,250,15
2012-09-17,CA_3,CA,HOBBIES,120,15
2012-09-17,CA_3,CA,HOUSEHOLD,83,12
2012-09-17,TX_1,TX,FOODS,70,15
2012-09-17,TX_1,TX,HOBBIES,47,15
2012-09-17,TX_1,TX,HOUSEHOLD,78,12
2012-09-17,TX_2,TX,FOODS,177,15
2012-09-17,TX_2,TX,HOBBIES,100,15
2012-09-17,TX_2,TX,HOUSEHOLD,82,12
2012-09-17,WI_1,WI,FOODS,120,15
2012-09-17,WI_1,WI,HOBBIES,45,15
2012-09-17,WI_1,WI,HOUSEHOLD,91,12
2012-09-17,WI_2,WI,FOODS,118,15
2012-09-17,WI_2,WI,HOBBIES,41,15
2012-09-17,WI_2,WI,HOUSEHOLD,74,12
2012-09-24,CA_1,CA,FOODS,229,15
2012-09-24,CA_1,CA,HOBBIES,107,15
2012-09-24,CA_1,CA,HOUSEHOLD,75,12
2012-09-24,CA_2,CA,FOODS,227,15
2012-09-24,CA_2,CA,HOBBIES,65,15
2012-09-24,CA_2,CA,HOUSEHOLD,173,12
2012-09-24,CA_3,CA,FOODS,264,15
2012-09-24,CA_3,CA,HOBBIES,115,15
2012-09-24,CA_3,CA,HOUSEHOLD,92,12
2012-09-24,TX_1,TX,FOODS,64,15
2012-09-24,TX_1,TX,HOBBIES,56,15
2012-09-24,TX_1,TX,HOUSEHOLD,69,12
2012-09-24,TX_2,TX,FOODS,164,15
2012-09-24,TX_2,TX,HOBBIES,105,15
2012-09-24,TX_2,TX,HOUSEHOLD,62,12
2012-09-24,WI_1,WI,FOODS,68,15
2012-09-24,WI_1,WI,HOBBIES,33,15
2012-09-24,WI_1,WI,HOUSEHOLD,112,12
2012-09-24,WI_2,WI,FOODS,87,15
2012-09-24,WI_2,WI,HOBBIES,33,15
2012-09-24,WI_2,WI,HOUSEHOLD,59,12
2012-10-01,CA_1,CA,FOODS,228,15
2012-10-01,CA_1,CA,HOBBIES,92,15
2012-10-01,CA_1,CA,HOUSEHOLD,66,12
2012-10-01,CA_2,CA,FOODS,211,15
2012-10-01,CA_2,CA,HOBBIES,41,15
2012-10-01,CA_2,CA,HOUSEHOLD,149,12
2012-10-01,CA_3,CA,FOODS,301,15
2012-10-01,CA_3,CA,HOBBIES,98,15
2012-10-01,CA_3,CA,HOUSEHOLD,166,12
2012-10-01,TX_1,TX,FOODS,87,15
2012-10-01,TX_1,TX,HOBBIES,64,15
2012-10-01,TX_1,TX,HOUSEHOLD,35,12
2012-10-01,TX_2,TX,FOODS,163,15
2012-10-01,TX_2,TX,HOBBIES,127,15
2012-10-01,TX_2,TX,HOUSEHOLD,61,12
2012-10-01,WI_1,WI,FOODS,61,15
2012-10-01,WI_1,WI,HOBBIES,48,15
2012-10-01,WI_1,WI,HOUSEHOLD,25,12
2012-10-01,WI_2,WI,FOODS,127,15
2012-10-01,WI_2,WI,HOBBIES,28,15
2012-10-01,WI_2,WI,HOUSEHOLD,53,12
2012-10-08,CA_1,CA,FOODS,188,15
2012-10-08,CA_1,CA,HOBBIES,65,15
2012-10-08,CA_1,CA,HOUSEHOLD,46,12
2012-10-08,CA_2,CA,FOODS,158,15
2012-10-08,CA_2,CA,HOBBIES,42,15
2012-10-08,CA_2,CA,HOUSEHOLD,166,12
2012-10-08,CA_3,CA,FOODS,191,15
2012-10-08,CA_3,CA,HOBBIES,151,15
2012-10-08,CA_3,CA,HOUSEHOLD,177,12
2012-10-08,TX_1,TX,FOODS,49,15
2012-10-08,TX_1,TX,HOBBIES,51,15
2012-10-08,TX_1,TX,HOUSEHOLD,35,12
2012-10-08,TX_2,TX,FOODS,141,15
2012-10-08,TX_2,TX,HOBBIES,143,15
2012-10-08,TX_2,TX,HOUSEHOLD,77,12
2012-10-08,WI_1,WI,FOODS,49,15
2012-10-08,WI_1,WI,HOBBIES,21,15
2012-10-08,WI_1,WI,HOUSEHOLD,45,12
2012-10-08,WI_2,WI,FOODS,113,15
2012-10-08,WI_2,WI,HOBBIES,39,15
2012-10-08,WI_2,WI,HOUSEHOLD,47,12
2012-10-15,CA_1,CA,FOODS,165,15
2012-10-15,CA_1,CA,HOBBIES,103,15
2012-10-15,CA_1,CA,HOUSEHOLD,38,12
2012-10-15,CA_2,CA,FOODS,168,15
2012-10-15,CA_2,CA,HOBBIES,77,15
2012-10-15,CA_2,CA,HOUSEHOLD,179,12
2012-10-15,CA_3,CA,FOODS,215,15
2012-10-15,CA_3,CA,HOBBIES,135,15
2012-10-15,CA_3,CA,HOUSEHOLD,108,12
2012-10-15,TX_1,TX,FOODS,77,15
2012-10-15,TX_1,TX,HOBBIES,35,15
2012-10-15,TX_1,TX,HOUSEHOLD,41,12
2012-10-15,TX_2,TX,FOODS,102,15
2012-10-15,TX_2,TX,HOBBIES,91,15
2012-10-15,TX_2,TX,HOUSEHOLD,66,12
2012-10-15,WI_1,WI,FOODS,35,15
2012-10-15,WI_1,WI,HOBBIES,10,15
2012-10-15,WI_1,WI,HOUSEHOLD,22,12
2012-10-15,WI_2,WI,FOODS,102,15
2012-10-15,WI_2,WI,HOBBIES,24,15
2012-10-15,WI_2,WI,HOUSEHOLD,26,12
2012-10-22,CA_1,CA,FOODS,147,15
2012-10-22,CA_1,CA,HOBBIES,114,15
2012-10-22,CA_1,CA,HOUSEHOLD,37,12
2012-10-22,CA_2,CA,FOODS,160,15
2012-10-22,CA_2,CA,HOBBIES,56,15
2012-10-22,CA_2,CA,HOUSEHOLD,125,12
2012-10-22,CA_3,CA,FOODS,207,15
2012-10-22,CA_3,CA,HOBBIES,128,15
2012-10-22,CA_3,CA,HOUSEHOLD,140,12
2012-10-22,TX_1,TX,FOODS,52,15
2012-10-22,TX_1,TX,HOBBIES,59,15
2012-10-22,TX_1,TX,HOUSEHOLD,24,12
2012-10-22,TX_2,TX,FOODS,106,15
2012-10-22,TX_2,TX,HOBBIES,73,15
2012-10-22,TX_2,TX,HOUSEHOLD,70,12
2012-10-22,WI_1,WI,FOODS,74,15
2012-10-22,WI_1,WI,HOBBIES,33,15
2012-10-22,WI_1,WI,HOUSEHOLD,41,12
2012-10-22,WI_2,WI,FOODS,118,15
2012-10-22,WI_2,WI,HOBBIES,22,15
2012-10-22,WI_2,WI,HOUSEHOLD,22,12
2012-10-29,CA_1,CA,FOODS,195,15
2012-10-29,CA_1,CA,HOBBIES,96,15
2012-10-29,CA_1,CA,HOUSEHOLD,31,12
2012-10-29,CA_2,CA,FOODS,136,15
2012-10-29,CA_2,CA,HOBBIES,83,15
2012-10-29,CA_2,CA,HOUSEHOLD,112,12
2012-10-29,CA_3,CA,FOODS,225,15
2012-10-29,CA_3,CA,HOBBIES,147,15
2012-10-29,CA_3,CA,HOUSEHOLD,98,12
2012-10-29,TX_1,TX,FOODS,77,15
2012-10-29,TX_1,TX,HOBBIES,54,15
2012-10-29,TX_1,TX,HOUSEHOLD,39,12
2012-10-29,TX_2,TX,FOODS,146,15
2012-10-29,TX_2,TX,HOBBIES,130,15
2012-10-29,TX_2,TX,HOUSEHOLD,53,12
2012-10-29,WI_1,WI,FOODS,110,15
2012-10-29,WI_1,WI,HOBBIES,56,15
2012-10-29,WI_1,WI,HOUSEHOLD,73,12
2012-10-29,WI_2,WI,FOODS,137,15
2012-10-29,WI_2,WI,HOBBIES,27,15
2012-10-29,WI_2,WI,HOUSEHOLD,61,12
2012-11-05,CA_1,CA,FOODS,213,15
2012-11-05,CA_1,CA,HOBBIES,84,15
2012-11-05,CA_1,CA,HOUSEHOLD,34,12
2012-11-05,CA_2,CA,FOODS,150,15
2012-11-05,CA_2,CA,HOBBIES,86,15
2012-11-05,CA_2,CA,HOUSEHOLD,120,12
2012-11-05,CA_3,CA,FOODS,242,15
2012-11-05,CA_3,CA,HOBBIES,118,15
2012-11-05,CA_3,CA,HOUSEHOLD,81,12
2012-11-05,TX_1,TX,FOODS,82,15
2012-11-05,TX_1,TX,HOBBIES,67,15
2012-11-05,TX_1,TX,HOUSEHOLD,38,12
2012-11-05,TX_2,TX,FOODS,146,15
2012-11-05,TX_2,TX,HOBBIES,104,15
2012-11-05,TX_2,TX,HOUSEHOLD,60,12
2012-11-05,WI_1,WI,FOODS,123,15
2012-11-05,WI_1,WI,HOBBIES,26,15
2012-11-05,WI_1,WI,HOUSEHOLD,61,12
2012-11-05,WI_2,WI,FOODS,166,15
2012-11-05,WI_2,WI,HOBBIES,24,15
2012-11-05,WI_2,WI,HOUSEHOLD,39,12
2012-11-12,CA_1,CA,FOODS,287,15
2012-11-12,CA_1,CA,HOBBIES,101,15
2012-11-12,CA_1,CA,HOUSEHOLD,23,12
2012-11-12,CA_2,CA,FOODS,147,15
2012-11-12,CA_2,CA,HOBBIES,43,15
2012-11-12,CA_2,CA,HOUSEHOLD,117,12
2012-11-12,CA_3,CA,FOODS,256,15
2012-11-12,CA_3,CA,HOBBIES,106,15
2012-11-12,CA_3,CA,HOUSEHOLD,114,12
2012-11-12,TX_1,TX,FOODS,55,15
2012-11-12,TX_1,TX,HOBBIES,94,15
2012-11-12,TX_1,TX,HOUSEHOLD,19,12
2012-11-12,TX_2,TX,FOODS,119,15
2012-11-12,TX_2,TX,HOBBIES,103,15
2012-11-12,TX_2,TX,HOUSEHOLD,69,12
2012-11-12,WI_1,WI,FOODS,107,15
2012-11-12,WI_1,WI,HOBBIES,38,15
2012-11-12,WI_1,WI,HOUSEHOLD,75,12
2012-11-12,WI_2,WI,FOODS,151,15
2012-11-12,WI_2,WI,HOBBIES,32,15
2012-11-12,WI_2,WI,HOUSEHOLD,39,12
2012-11-19,CA_1,CA,FOODS,161,15
2012-11-19,CA_1,CA,HOBBIES,55,15
2012-11-19,CA_1,CA,HOUSEHOLD,19,12
2012-11-19,CA_2,CA,FOODS,129,15
2012-11-19,CA_2,CA,HOBBIES,37,15
2012-11-19,CA_2,CA,HOUSEHOLD,94,12
2012-11-19,CA_3,CA,FOODS,254,15
2012-11-19,CA_3,CA,HOBBIES,106,15
2012-11-19,CA_3,CA,HOUSEHOLD,83,12
2012-11-19,TX_1,TX,FOODS,63,15
2012-11-19,TX_1,TX,HOBBIES,51,15
2012-11-19,TX_1,TX,HOUSEHOLD,22,12
2012-11-19,TX_2,TX,FOODS,116,15
2012-11-19,TX_2,TX,HOBBIES,88,15
2012-11-19,TX_2,TX,HOUSEHOLD,70,12
2012-11-19,WI_1,WI,FOODS,143,15
2012-11-19,WI_1,WI,HOBBIES,34,15
2012-11-19,WI_1,WI,HOUSEHOLD,61,12
2012-11-19,WI_2,WI,FOODS,112,15
2012-11-19,WI_2,WI,HOBBIES,26,15
2012-11-19,WI_2,WI,HOUSEHOLD,34,12
2012-11-26,CA_1,CA,FOODS,133,15
2012-11-26,CA_1,CA,HOBBIES,68,15
2012-11-26,CA_1,CA,HOUSEHOLD,21,12
2012-11-26,CA_2,CA,FOODS,160,15
2012-11-26,CA_2,CA,HOBBIES,30,15
2012-11-26,CA_2,CA,HOUSEHOLD,78,12
2012-11-26,CA_3,CA,FOODS,251,15
2012-11-26,CA_3,CA,HOBBIES,67,15
2012-11-26,CA_3,CA,HOUSEHOLD,74,12
2012-11-26,TX_1,TX,FOODS,65,15
2012-11-26,TX_1,TX,HOBBIES,44,15
2012-11-26,TX_1,TX,HOUSEHOLD,32,12
2012-11-26,TX_2,TX,FOODS,150,15
2012-11-26,TX_2,TX,HOBBIES,86,15
2012-11-26,TX_2,TX,HOUSEHOLD,53,12
2012-11-26,WI_1,WI,FOODS,86,15
2012-11-26,WI_1,WI,HOBBIES,50,15
2012-11-26,WI_1,WI,HOUSEHOLD,47,12
2012-11-26,WI_2,WI,FOODS,118,15
2012-11-26,WI_2,WI,HOBBIES,27,15
2012-11-26,WI_2,WI,HOUSEHOLD,58,12
2012-12-03,CA_1,CA,FOODS,172,15
2012-12-03,CA_1,CA,HOBBIES,93,15
2012-12-03,CA_1,CA,HOUSEHOLD,44,12
2012-12-03,CA_2,CA,FOODS,177,15
2012-12-03,CA_2,CA,HOBBIES,77,15
2012-12-03,CA_2,CA,HOUSEHOLD,94,12
2012-12-03,CA_3,CA,FOODS,309,15
2012-12-03,CA_3,CA,HOBBIES,113,15
2012-12-03,CA_3,CA,HOUSEHOLD,71,12
2012-12-03,TX_1,TX,FOODS,91,15
2012-12-03,TX_1,TX,HOBBIES,47,15
2012-12-03,TX_1,TX,HOUSEHOLD,37,12
2012-12-03,TX_2,TX,FOODS,142,15
2012-12-03,TX_2,TX,HOBBIES,105,15
2012-12-03,TX_2,TX,HOUSEHOLD,41,12
2012-12-03,WI_1,WI,FOODS,125,15
2012-12-03,WI_1,WI,HOBBIES,53,15
2012-12-03,WI_1,WI,HOUSEHOLD,70,12
2012-12-03,WI_2,WI,FOODS,176,15
2012-12-03,WI_2,WI,HOBBIES,52,15
2012-12-03,WI_2,WI,HOUSEHOLD,48,12
2012-12-10,CA_1,CA,FOODS,222,15
2012-12-10,CA_1,CA,HOBBIES,104,15
2012-12-10,CA_1,CA,HOUSEHOLD,39,12
2012-12-10,CA_2,CA,FOODS,168,15
2012-12-10,CA_2,CA,HOBBIES,73,15
2012-12-10,CA_2,CA,HOUSEHOLD,93,12
2012-12-10,CA_3,CA,FOODS,238,15
2012-12-10,CA_3,CA,HOBBIES,119,15
2012-12-10,CA_3,CA,HOUSEHOLD,71,12
2012-12-10,TX_1,TX,FOODS,103,15
2012-12-10,TX_1,TX,HOBBIES,32,15
2012-12-10,TX_1,TX,HOUSEHOLD,30,12
2012-12-10,TX_2,TX,FOODS,136,15
2012-12-10,TX_2,TX,HOBBIES,69,15
2012-12-10,TX_2,TX,HOUSEHOLD,39,12
2012-12-10,WI_1,WI,FOODS,137,15
2012-12-10,WI_1,WI,HOBBIES,41,15
2012-12-10,WI_1,WI,HOUSEHOLD,52,12
2012-12-10,WI_2,WI,FOODS,170,15
2012-12-10,WI_2,WI,HOBBIES,19,15
2012-12-10,WI_2,WI,HOUSEHOLD,32,12
2012-12-17,CA_1,CA,FOODS,222,15
2012-12-17,CA_1,CA,HOBBIES,96,15
2012-12-17,CA_1,CA,HOUSEHOLD,36,12
2012-12-17,CA_2,CA,FOODS,149,15
2012-12-17,CA_2,CA,HOBBIES,91,15
2012-12-17,CA_2,CA,HOUSEHOLD,103,12
2012-12-17,CA_3,CA,FOODS,294,15
2012-12-17,CA_3,CA,HOBBIES,112,15
2012-12-17,CA_3,CA,HOUSEHOLD,92,12
2012-12-17,TX_1,TX,FOODS,112,15
2012-12-17,TX_1,TX,HOBBIES,46,15
2012-12-17,TX_1,TX,HOUSEHOLD,37,12
2012-12-17,TX_2,TX,FOODS,185,15
2012-12-17,TX_2,TX,HOBBIES,104,15
2012-12-17,TX_2,TX,HOUSEHOLD,49,12
2012-12-17,WI_1,WI,FOODS,149,15
2012-12-17,WI_1,WI,HOBBIES,70,15
2012-12-17,WI_1,WI,HOUSEHOLD,80,12
2012-12-17,WI_2,WI,FOODS,147,15
2012-12-17,WI_2,WI,HOBBIES,53,15
2012-12-17,WI_2,WI,HOUSEHOLD,48,12
2012-12-24,CA_1,CA,FOODS,191,15
2012-12-24,CA_1,CA,HOBBIES,82,15
2012-12-24,CA_1,CA,HOUSEHOLD,39,12
2012-12-24,CA_2,CA,FOODS,119,15
2012-12-24,CA_2,CA,HOBBIES,34,15
2012-12-24,CA_2,CA,HOUSEHOLD,79,12
2012-12-24,CA_3,CA,FOODS,185,15
2012-12-24,CA_3,CA,HOBBIES,114,15
2012-12-24,CA_3,CA,HOUSEHOLD,125,12
2012-12-24,TX_1,TX,FOODS,62,15
2012-12-24,TX_1,TX,HOBBIES,50,15
2012-12-24,TX_1,TX,HOUSEHOLD,123,12
2012-12-24,TX_2,TX,FOODS,95,15
2012-12-24,TX_2,TX,HOBBIES,80,15
2012-12-24,TX_2,TX,HOUSEHOLD,134,12
2012-12-24,WI_1,WI,FOODS,99,15
2012-12-24,WI_1,WI,HOBBIES,43,15
2012-12-24,WI_1,WI,HOUSEHOLD,66,12
2012-12-24,WI_2,WI,FOODS,141,15
2012-12-24,WI_2,WI,HOBBIES,21,15
2012-12-24,WI_2,WI,HOUSEHOLD,44,12
2012-12-31,CA_1,CA,FOODS,264,15
2012-12-31,CA_1,CA,HOBBIES,112,15
2012-12-31,CA_1,CA,HOUSEHOLD,93,12
2012-12-31,CA_2,CA,FOODS,162,15
2012-12-31,CA_2,CA,HOBBIES,57,15
2012-12-31,CA_2,CA,HOUSEHOLD,97,12
2012-12-31,CA_3,CA,FOODS,286,15
2012-12-31,CA_3,CA,HOBBIES,148,15
2012-12-31,CA_3,CA,HOUSEHOLD,107,12
2012-12-31,TX_1,TX,FOODS,77,15
2012-12-31,TX_1,TX,HOBBIES,25,15
2012-12-31,TX_1,TX,HOUSEHOLD,164,12
2012-12-31,TX_2,TX,FOODS,162,15
2012-12-31,TX_2,TX,HOBBIES,62,15
2012-12-31,TX_2,TX,HOUSEHOLD,79,12
2012-12-31,WI_1,WI,FOODS,164,15
2012-12-31,WI_1,WI,HOBBIES,46,15
2012-12-31,WI_1,WI,HOUSEHOLD,77,12
2012-12-31,WI_2,WI,FOODS,184,15
2012-12-31,WI_2,WI,HOBBIES,26,15
2012-12-31,WI_2,WI,HOUSEHOLD,52,12
2013-01-07,CA_1,CA,FOODS,272,15
2013-01-07,CA_1,CA,HOBBIES,84,15
2013-01-07,CA_1,CA,HOUSEHOLD,100,12
2013-01-07,CA_2,CA,FOODS,136,15
2013-01-07,CA_2,CA,HOBBIES,98,15
2013-01-07,CA_2,CA,HOUSEHOLD,121,12
2013-01-07,CA_3,CA,FOODS,311,15
2013-01-07,CA_3,CA,HOBBIES,138,15
2013-01-07,CA_3,CA,HOUSEHOLD,130,12
2013-01-07,TX_1,TX,FOODS,73,15
2013-01-07,TX_1,TX,HOBBIES,40,15
2013-01-07,TX_1,TX,HOUSEHOLD,116,12
2013-01-07,TX_2,TX,FOODS,143,15
2013-01-07,TX_2,TX,HOBBIES,74,15
2013-01-07,TX_2,TX,HOUSEHOLD,105,12
2013-01-07,WI_1,WI,FOODS,196,15
2013-01-07,WI_1,WI,HOBBIES,42,15
2013-01-07,WI_1,WI,HOUSEHOLD,65,12
2013-01-07,WI_2,WI,FOODS,240,15
2013-01-07,WI_2,WI,HOBBIES,19,15
2013-01-07,WI_2,WI,HOUSEHOLD,85,12
2013-01-14,CA_1,CA,FOODS,216,15
2013-01-14,CA_1,CA,HOBBIES,87,15
2013-01-14,CA_1,CA,HOUSEHOLD,87,12
2013-01-14,CA_2,CA,FOODS,134,15
2013-01-14,CA_2,CA,HOBBIES,83,15
2013-01-14,CA_2,CA,HOUSEHOLD,111,12
2013-01-14,CA_3,CA,FOODS,209,15
2013-01-14,CA_3,CA,HOBBIES,117,15
2013-01-14,CA_3,CA,HOUSEHOLD,181,12
2013-01-14,TX_1,TX,FOODS,83,15
2013-01-14,TX_1,TX,HOBBIES,43,15
2013-01-14,TX_1,TX,HOUSEHOLD,110,12
2013-01-14,TX_2,TX,FOODS,114,15
2013-01-14,TX_2,TX,HOBBIES,86,15
2013-01-14,TX_2,TX,HOUSEHOLD,124,12
2013-01-14,WI_1,WI,FOODS,218,15
2013-01-14,WI_1,WI,HOBBIES,42,15
2013-01-14,WI_1,WI,HOUSEHOLD,82,12
2013-01-14,WI_2,WI,FOODS,186,15
2013-01-14,WI_2,WI,HOBBIES,25,15
2013-01-14,WI_2,WI,HOUSEHOLD,97,12
2013-01-21,CA_1,CA,FOODS,259,15
2013-01-21,CA_1,CA,HOBBIES,80,15
2013-01-21,CA_1,CA,HOUSEHOLD,73,12
2013-01-21,CA_2,CA,FOODS,122,15
2013-01-21,CA_2,CA,HOBBIES,90,15
2013-01-21,CA_2,CA,HOUSEHOLD,119,12
2013-01-21,CA_3,CA,FOODS,270,15
2013-01-21,CA_3,CA,HOBBIES,151,15
2013-01-21,CA_3,CA,HOUSEHOLD,172,12
2013-01-21,TX_1,TX,FOODS,90,15
2013-01-21,TX_1,TX,HOBBIES,63,15
2013-01-21,TX_1,TX,HOUSEHOLD,92,12
2013-01-21,TX_2,TX,FOODS,124,15
2013-01-21,TX_2,TX,HOBBIES,84,15
2013-01-21,TX_2,TX,HOUSEHOLD,134,12
2013-01-21,WI_1,WI,FOODS,164,15
2013-01-21,WI_1,WI,HOBBIES,49,15
2013-01-21,WI_1,WI,HOUSEHOLD,59,12
2013-01-21,WI_2,WI,FOODS,176,15
2013-01-21,WI_2,WI,HOBBIES,40,15
2013-01-21,WI_2,WI,HOUSEHOLD,36,12
2013-01-28,CA_1,CA,FOODS,317,15
2013-01-28,CA_1,CA,HOBBIES,86,15
2013-01-28,CA_1,CA,HOUSEHOLD,60,12
2013-01-28,CA_2,CA,FOODS,119,15
2013-01-28,CA_2,CA,HOBBIES,89,15
2013-01-28,CA_2,CA,HOUSEHOLD,85,12
2013-01-28,CA_3,CA,FOODS,181,15
2013-01-28,CA_3,CA,HOBBIES,140,15
2013-01-28,CA_3,CA,HOUSEHOLD,151,12
2013-01-28,TX_1,TX,FOODS,99,15
2013-01-28,TX_1,TX,HOBBIES,53,15
2013-01-28,TX_1,TX,HOUSEHOLD,72,12
2013-01-28,TX_2,TX,FOODS,213,15
2013-01-28,TX_2,TX,HOBBIES,90,15
2013-01-28,TX_2,TX,HOUSEHOLD,130,12
2013-01-28,WI_1,WI,FOODS,144,15
2013-01-28,WI_1,WI,HOBBIES,42,15
2013-01-28,WI_1,WI,HOUSEHOLD,57,12
2013-01-28,WI_2,WI,FOODS,187,15
2013-01-28,WI_2,WI,HOBBIES,43,15
2013-01-28,WI_2,WI,HOUSEHOLD,94,12
2013-02-04,CA_1,CA,FOODS,186,15
2013-02-04,CA_1,CA,HOBBIES,81,15
2013-02-04,CA_1,CA,HOUSEHOLD,50,12
2013-02-04,CA_2,CA,FOODS,186,15
2013-02-04,CA_2,CA,HOBBIES,113,15
2013-02-04,CA_2,CA,HOUSEHOLD,101,12
2013-02-04,CA_3,CA,FOODS,240,15
2013-02-04,CA_3,CA,HOBBIES,142,15
2013-02-04,CA_3,CA,HOUSEHOLD,99,12
2013-02-04,TX_1,TX,FOODS,136,15
2013-02-04,TX_1,TX,HOBBIES,51,15
2013-02-04,TX_1,TX,HOUSEHOLD,118,12
2013-02-04,TX_2,TX,FOODS,159,15
2013-02-04,TX_2,TX,HOBBIES,68,15
2013-02-04,TX_2,TX,HOUSEHOLD,195,12
2013-02-04,WI_1,WI,FOODS,147,15
2013-02-04,WI_1,WI,HOBBIES,51,15
2013-02-04,WI_1,WI,HOUSEHOLD,58,12
2013-02-04,WI_2,WI,FOODS,228,15
2013-02-04,WI_2,WI,HOBBIES,48,15
2013-02-04,WI_2,WI,HOUSEHOLD,85,12
2013-02-11,CA_1,CA,FOODS,261,15
2013-02-11,CA_1,CA,HOBBIES,102,15
2013-02-11,CA_1,CA,HOUSEHOLD,82,12
2013-02-11,CA_2,CA,FOODS,173,15
2013-02-11,CA_2,CA,HOBBIES,65,15
2013-02-11,CA_2,CA,HOUSEHOLD,155,12
2013-02-11,CA_3,CA,FOODS,256,15
2013-02-11,CA_3,CA,HOBBIES,91,15
2013-02-11,CA_3,CA,HOUSEHOLD,134,12
2013-02-11,TX_1,TX,FOODS,116,15
2013-02-11,TX_1,TX,HOBBIES,31,15
2013-02-11,TX_1,TX,HOUSEHOLD,126,12
2013-02-11,TX_2,TX,FOODS,155,15
2013-02-11,TX_2,TX,HOBBIES,87,15
2013-02-11,TX_2,TX,HOUSEHOLD,150,12
2013-02-11,WI_1,WI,FOODS,114,15
2013-02-11,WI_1,WI,HOBBIES,38,15
2013-02-11,WI_1,WI,HOUSEHOLD,96,12
2013-02-11,WI_2,WI,FOODS,238,15
2013-02-11,WI_2,WI,HOBBIES,26,15
2013-02-11,WI_2,WI,HOUSEHOLD,128,12
2013-02-18,CA_1,CA,FOODS,232,15
2013-02-18,CA_1,CA,HOBBIES,118,15
2013-02-18,CA_1,CA,HOUSEHOLD,90,12
2013-02-18,CA_2,CA,FOODS,164,15
2013-02-18,CA_2,CA,HOBBIES,76,15
2013-02-18,CA_2,CA,HOUSEHOLD,101,12
2013-02-18,CA_3,CA,FOODS,246,15
2013-02-18,CA_3,CA,HOBBIES,120,15
2013-02-18,CA_3,CA,HOUSEHOLD,158,12
2013-02-18,TX_1,TX,FOODS,152,15
2013-02-18,TX_1,TX,HOBBIES,68,15
2013-02-18,TX_1,TX,HOUSEHOLD,148,12
2013-02-18,TX_2,TX,FOODS,245,15
2013-02-18,TX_2,TX,HOBBIES,102,15
2013-02-18,TX_2,TX,HOUSEHOLD,275,12
2013-02-18,WI_1,WI,FOODS,126,15
2013-02-18,WI_1,WI,HOBBIES,25,15
2013-02-18,WI_1,WI,HOUSEHOLD,92,12
2013-02-18,WI_2,WI,FOODS,176,15
2013-02-18,WI_2,WI,HOBBIES,37,15
2013-02-18,WI_2,WI,HOUSEHOLD,120,12
2013-02-25,CA_1,CA,FOODS,231,15
2013-02-25,CA_1,CA,HOBBIES,91,15
2013-02-25,CA_1,CA,HOUSEHOLD,114,12
2013-02-25,CA_2,CA,FOODS,217,15
2013-02-25,CA_2,CA,HOBBIES,101,15
2013-02-25,CA_2,CA,HOUSEHOLD,165,12
2013-02-25,CA_3,CA,FOODS,242,15
2013-02-25,CA_3,CA,HOBBIES,105,15
2013-02-25,CA_3,CA,HOUSEHOLD,235,12
2013-02-25,TX_1,TX,FOODS,89,15
2013-02-25,TX_1,TX,HOBBIES,59,15
2013-02-25,TX_1,TX,HOUSEHOLD,112,12
2013-02-25,TX_2,TX,FOODS,240,15
2013-02-25,TX_2,TX,HOBBIES,80,15
2013-02-25,TX_2,TX,HOUSEHOLD,233,12
2013-02-25,WI_1,WI,FOODS,148,15
2013-02-25,WI_1,WI,HOBBIES,28,15
2013-02-25,WI_1,WI,HOUSEHOLD,120,12
2013-02-25,WI_2,WI,FOODS,218,15
2013-02-25,WI_2,WI,HOBBIES,31,15
2013-02-25,WI_2,WI,HOUSEHOLD,135,12
2013-03-04,CA_1,CA,FOODS,244,15
2013-03-04,CA_1,CA,HOBBIES,79,15
2013-03-04,CA_1,CA,HOUSEHOLD,74,12
2013-03-04,CA_2,CA,FOODS,140,15
2013-03-04,CA_2,CA,HOBBIES,53,15
2013-03-04,CA_2,CA,HOUSEHOLD,113,12
2013-03-04,CA_3,CA,FOODS,320,15
2013-03-04,CA_3,CA,HOBBIES,69,15
2013-03-04,CA_3,CA,HOUSEHOLD,175,12
2013-03-04,TX_1,TX,FOODS,103,15
2013-03-04,TX_1,TX,HOBBIES,54,15
2013-03-04,TX_1,TX,HOUSEHOLD,55,12
2013-03-04,TX_2,TX,FOODS,239,15
2013-03-04,TX_2,TX,HOBBIES,59,15
2013-03-04,TX_2,TX,HOUSEHOLD,164,12
2013-03-04,WI_1,WI,FOODS,150,15
2013-03-04,WI_1,WI,HOBBIES,19,15
2013-03-04,WI_1,WI,HOUSEHOLD,83,12
2013-03-04,WI_2,WI,FOODS,244,15
2013-03-04,WI_2,WI,HOBBIES,32,15
2013-03-04,WI_2,WI,HOUSEHOLD,95,12
2013-03-11,CA_1,CA,FOODS,192,15
2013-03-11,CA_1,CA,HOBBIES,92,15
2013-03-11,CA_1,CA,HOUSEHOLD,56,12
2013-03-11,CA_2,CA,FOODS,182,15
2013-03-11,CA_2,CA,HOBBIES,66,15
2013-03-11,CA_2,CA,HOUSEHOLD,81,12
2013-03-11,CA_3,CA,FOODS,330,15
2013-03-11,CA_3,CA,HOBBIES,80,15
2013-03-11,CA_3,CA,HOUSEHOLD,133,12
2013-03-11,TX_1,TX,FOODS,104,15
2013-03-11,TX_1,TX,HOBBIES,63,15
2013-03-11,TX_1,TX,HOUSEHOLD,156,12
2013-03-11,TX_2,TX,FOODS,325,15
2013-03-11,TX_2,TX,HOBBIES,82,15
2013-03-11,TX_2,TX,HOUSEHOLD,168,12
2013-03-11,WI_1,WI,FOODS,136,15
2013-03-11,WI_1,WI,HOBBIES,24,15
2013-03-11,WI_1,WI,HOUSEHOLD,102,12
2013-03-11,WI_2,WI,FOODS,287,15
2013-03-11,WI_2,WI,HOBBIES,25,15
2013-03-11,WI_2,WI,HOUSEHOLD,76,12
2013-03-18,CA_1,CA,FOODS,213,15
2013-03-18,CA_1,CA,HOBBIES,71,15
2013-03-18,CA_1,CA,HOUSEHOLD,49,12
2013-03-18,CA_2,CA,FOODS,172,15
2013-03-18,CA_2,CA,HOBBIES,96,15
2013-03-18,CA_2,CA,HOUSEHOLD,90,12
2013-03-18,CA_3,CA,FOODS,316,15
2013-03-18,CA_3,CA,HOBBIES,79,15
2013-03-18,CA_3,CA,HOUSEHOLD,182,12
2013-03-18,TX_1,TX,FOODS,126,15
2013-03-18,TX_1,TX,HOBBIES,65,15
2013-03-18,TX_1,TX,HOUSEHOLD,138,12
2013-03-18,TX_2,TX,FOODS,295,15
2013-03-18,TX_2,TX,HOBBIES,62,15
2013-03-18,TX_2,TX,HOUSEHOLD,174,12
2013-03-18,WI_1,WI,FOODS,124,15
2013-03-18,WI_1,WI,HOBBIES,23,15
2013-03-18,WI_1,WI,HOUSEHOLD,72,12
2013-03-18,WI_2,WI,FOODS,190,15
2013-03-18,WI_2,WI,HOBBIES,40,15
2013-03-18,WI_2,WI,HOUSEHOLD,48,12
2013-03-25,CA_1,CA,FOODS,278,15
2013-03-25,CA_1,CA,HOBBIES,53,15
2013-03-25,CA_1,CA,HOUSEHOLD,87,12
2013-03-25,CA_2,CA,FOODS,204,15
2013-03-25,CA_2,CA,HOBBIES,69,15
2013-03-25,CA_2,CA,HOUSEHOLD,170,12
2013-03-25,CA_3,CA,FOODS,268,15
2013-03-25,CA_3,CA,HOBBIES,71,15
2013-03-25,CA_3,CA,HOUSEHOLD,151,12
2013-03-25,TX_1,TX,FOODS,194,15
2013-03-25,TX_1,TX,HOBBIES,49,15
2013-03-25,TX_1,TX,HOUSEHOLD,123,12
2013-03-25,TX_2,TX,FOODS,254,15
2013-03-25,TX_2,TX,HOBBIES,82,15
2013-03-25,TX_2,TX,HOUSEHOLD,150,12
2013-03-25,WI_1,WI,FOODS,118,15
2013-03-25,WI_1,WI,HOBBIES,19,15
2013-03-25,WI_1,WI,HOUSEHOLD,82,12
2013-03-25,WI_2,WI,FOODS,164,15
2013-03-25,WI_2,WI,HOBBIES,44,15
2013-03-25,WI_2,WI,HOUSEHOLD,83,12
2013-04-01,CA_1,CA,FOODS,302,15
2013-04-01,CA_1,CA,HOBBIES,116,15
2013-04-01,CA_1,CA,HOUSEHOLD,83,12
2013-04-01,CA_2,CA,FOODS,184,15
2013-04-01,CA_2,CA,HOBBIES,77,15
2013-04-01,CA_2,CA,HOUSEHOLD,169,12
2013-04-01,CA_3,CA,FOODS,285,15
2013-04-01,CA_3,CA,HOBBIES,138,15
2013-04-01,CA_3,CA,HOUSEHOLD,165,12
2013-04-01,TX_1,TX,FOODS,159,15
2013-04-01,TX_1,TX,HOBBIES,80,15
2013-04-01,TX_1,TX,HOUSEHOLD,101,12
2013-04-01,TX_2,TX,FOODS,191,15
2013-04-01,TX_2,TX,HOBBIES,66,15
2013-04-01,TX_2,TX,HOUSEHOLD,163,12
2013-04-01,WI_1,WI,FOODS,150,15
2013-04-01,WI_1,WI,HOBBIES,43,15
2013-04-01,WI_1,WI,HOUSEHOLD,138,12
2013-04-01,WI_2,WI,FOODS,188,15
2013-04-01,WI_2,WI,HOBBIES,45,15
2013-04-01,WI_2,WI,HOUSEHOLD,150,12
2013-04-08,CA_1,CA,FOODS,368,15
2013-04-08,CA_1,CA,HOBBIES,65,15
2013-04-08,CA_1,CA,HOUSEHOLD,140,12
2013-04-08,CA_2,CA,FOODS,163,15
2013-04-08,CA_2,CA,HOBBIES,78,15
2013-04-08,CA_2,CA,HOUSEHOLD,74,12
2013-04-08,CA_3,CA,FOODS,410,15
2013-04-08,CA_3,CA,HOBBIES,118,15
2013-04-08,CA_3,CA,HOUSEHOLD,212,12
2013-04-08,TX_1,TX,FOODS,159,15
2013-04-08,TX_1,TX,HOBBIES,50,15
2013-04-08,TX_1,TX,HOUSEHOLD,144,12
2013-04-08,TX_2,TX,FOODS,197,15
2013-04-08,TX_2,TX,HOBBIES,95,15
2013-04-08,TX_2,TX,HOUSEHOLD,192,12
2013-04-08,WI_1,WI,FOODS,140,15
2013-04-08,WI_1,WI,HOBBIES,30,15
2013-04-08,WI_1,WI,HOUSEHOLD,102,12
2013-04-08,WI_2,WI,FOODS,213,15
2013-04-08,WI_2,WI,HOBBIES,41,15
2013-04-08,WI_2,WI,HOUSEHOLD,87,12
2013-04-15,CA_1,CA,FOODS,230,15
2013-04-15,CA_1,CA,HOBBIES,104,15
2013-04-15,CA_1,CA,HOUSEHOLD,88,12
2013-04-15,CA_2,CA,FOODS,174,15
2013-04-15,CA_2,CA,HOBBIES,48,15
2013-04-15,CA_2,CA,HOUSEHOLD,92,12
2013-04-15,CA_3,CA,FOODS,292,15
2013-04-15,CA_3,CA,HOBBIES,119,15
2013-04-15,CA_3,CA,HOUSEHOLD,168,12
2013-04-15,TX_1,TX,FOODS,132,15
2013-04-15,TX_1,TX,HOBBIES,100,15
2013-04-15,TX_1,TX,HOUSEHOLD,159,12
2013-04-15,TX_2,TX,FOODS,173,15
2013-04-15,TX_2,TX,HOBBIES,144,15
2013-04-15,TX_2,TX,HOUSEHOLD,187,12
2013-04-15,WI_1,WI,FOODS,118,15
2013-04-15,WI_1,WI,HOBBIES,57,15
2013-04-15,WI_1,WI,HOUSEHOLD,57,12
2013-04-15,WI_2,WI,FOODS,188,15
2013-04-15,WI_2,WI,HOBBIES,28,15
2013-04-15,WI_2,WI,HOUSEHOLD,94,12
2013-04-22,CA_1,CA,FOODS,222,15
2013-04-22,CA_1,CA,HOBBIES,72,15
2013-04-22,CA_1,CA,HOUSEHOLD,156,12
2013-04-22,CA_2,CA,FOODS,161,15
2013-04-22,CA_2,CA,HOBBIES,52,15
2013-04-22,CA_2,CA,HOUSEHOLD,114,12
2013-04-22,CA_3,CA,FOODS,314,15
2013-04-22,CA_3,CA,HOBBIES,132,15
2013-04-22,CA_3,CA,HOUSEHOLD,179,12
2013-04-22,TX_1,TX,FOODS,127,15
2013-04-22,TX_1,TX,HOBBIES,87,15
2013-04-22,TX_1,TX,HOUSEHOLD,138,12
2013-04-22,TX_2,TX,FOODS,213,15
2013-04-22,TX_2,TX,HOBBIES,148,15
2013-04-22,TX_2,TX,HOUSEHOLD,191,12
2013-04-22,WI_1,WI,FOODS,144,15
2013-04-22,WI_1,WI,HOBBIES,38,15
2013-04-22,WI_1,WI,HOUSEHOLD,37,12
2013-04-22,WI_2,WI,FOODS,158,15
2013-04-22,WI_2,WI,HOBBIES,45,15
2013-04-22,WI_2,WI,HOUSEHOLD,75,12
2013-04-29,CA_1,CA,FOODS,334,15
2013-04-29,CA_1,CA,HOBBIES,77,15
2013-04-29,CA_1,CA,HOUSEHOLD,127,12
2013-04-29,CA_2,CA,FOODS,204,15
2013-04-29,CA_2,CA,HOBBIES,83,15
2013-04-29,CA_2,CA,HOUSEHOLD,105,12
2013-04-29,CA_3,CA,FOODS,271,15
2013-04-29,CA_3,CA,HOBBIES,137,15
2013-04-29,CA_3,CA,HOUSEHOLD,226,12
2013-04-29,TX_1,TX,FOODS,165,15
2013-04-29,TX_1,TX,HOBBIES,64,15
2013-04-29,TX_1,TX,HOUSEHOLD,185,12
2013-04-29,TX_2,TX,FOODS,273,15
2013-04-29,TX_2,TX,HOBBIES,71,15
2013-04-29,TX_2,TX,HOUSEHOLD,255,12
2013-04-29,WI_1,WI,FOODS,166,15
2013-04-29,WI_1,WI,HOBBIES,36,15
2013-04-29,WI_1,WI,HOUSEHOLD,75,12
2013-04-29,WI_2,WI,FOODS,172,15
2013-04-29,WI_2,WI,HOBBIES,35,15
2013-04-29,WI_2,WI,HOUSEHOLD,99,12
2013-05-06,CA_1,CA,FOODS,286,15
2013-05-06,CA_1,CA,HOBBIES,80,15
2013-05-06,CA_1,CA,HOUSEHOLD,96,12
2013-05-06,CA_2,CA,FOODS,162,15
2013-05-06,CA_2,CA,HOBBIES,53,15
2013-05-06,CA_2,CA,HOUSEHOLD,97,12
2013-05-06,CA_3,CA,FOODS,377,15
2013-05-06,CA_3,CA,HOBBIES,74,15
2013-05-06,CA_3,CA,HOUSEHOLD,225,12
2013-05-06,TX_1,TX,FOODS,160,15
2013-05-06,TX_1,TX,HOBBIES,45,15
2013-05-06,TX_1,TX,HOUSEHOLD,122,12
2013-05-06,TX_2,TX,FOODS,270,15
2013-05-06,TX_2,TX,HOBBIES,82,15
2013-05-06,TX_2,TX,HOUSEHOLD,160,12
2013-05-06,WI_1,WI,FOODS,124,15
2013-05-06,WI_1,WI,HOBBIES,20,15
2013-05-06,WI_1,WI,HOUSEHOLD,64,12
2013-05-06,WI_2,WI,FOODS,212,15
2013-05-06,WI_2,WI,HOBBIES,37,15
2013-05-06,WI_2,WI,HOUSEHOLD,108,12
2013-05-13,CA_1,CA,FOODS,250,15
2013-05-13,CA_1,CA,HOBBIES,95,15
2013-05-13,CA_1,CA,HOUSEHOLD,166,12
2013-05-13,CA_2,CA,FOODS,167,15
2013-05-13,CA_2,CA,HOBBIES,62,15
2013-05-13,CA_2,CA,HOUSEHOLD,135,12
2013-05-13,CA_3,CA,FOODS,336,15
2013-05-13,CA_3,CA,HOBBIES,97,15
2013-05-13,CA_3,CA,HOUSEHOLD,199,12
2013-05-13,TX_1,TX,FOODS,169,15
2013-05-13,TX_1,TX,HOBBIES,58,15
2013-05-13,TX_1,TX,HOUSEHOLD,152,12
2013-05-13,TX_2,TX,FOODS,251,15
2013-05-13,TX_2,TX,HOBBIES,165,15
2013-05-13,TX_2,TX,HOUSEHOLD,173,12
2013-05-13,WI_1,WI,FOODS,124,15
2013-05-13,WI_1,WI,HOBBIES,33,15
2013-05-13,WI_1,WI,HOUSEHOLD,41,12
2013-05-13,WI_2,WI,FOODS,193,15
2013-05-13,WI_2,WI,HOBBIES,25,15
2013-05-13,WI_2,WI,HOUSEHOLD,100,12
2013-05-20,CA_1,CA,FOODS,230,15
2013-05-20,CA_1,CA,HOBBIES,79,15
2013-05-20,CA_1,CA,HOUSEHOLD,149,12
2013-05-20,CA_2,CA,FOODS,177,15
2013-05-20,CA_2,CA,HOBBIES,98,15
2013-05-20,CA_2,CA,HOUSEHOLD,138,12
2013-05-20,CA_3,CA,FOODS,358,15
2013-05-20,CA_3,CA,HOBBIES,152,15
2013-05-20,CA_3,CA,HOUSEHOLD,199,12
2013-05-20,TX_1,TX,FOODS,150,15
2013-05-20,TX_1,TX,HOBBIES,86,15
2013-05-20,TX_1,TX,HOUSEHOLD,142,12
2013-05-20,TX_2,TX,FOODS,234,15
2013-05-20,TX_2,TX,HOBBIES,96,15
2013-05-20,TX_2,TX,HOUSEHOLD,137,12
2013-05-20,WI_1,WI,FOODS,117,15
2013-05-20,WI_1,WI,HOBBIES,25,15
2013-05-20,WI_1,WI,HOUSEHOLD,68,12
2013-05-20,WI_2,WI,FOODS,200,15
2013-05-20,WI_2,WI,HOBBIES,48,15
2013-05-20,WI_2,WI,HOUSEHOLD,117,12
2013-05-27,CA_1,CA,FOODS,291,15
2013-05-27,CA_1,CA,HOBBIES,115,15
2013-05-27,CA_1,CA,HOUSEHOLD,151,12
2013-05-27,CA_2,CA,FOODS,160,15
2013-05-27,CA_2,CA,HOBBIES,70,15
2013-05-27,CA_2,CA,HOUSEHOLD,124,12
2013-05-27,CA_3,CA,FOODS,218,15
2013-05-27,CA_3,CA,HOBBIES,113,15
2013-05-27,CA_3,CA,HOUSEHOLD,191,12
2013-05-27,TX_1,TX,FOODS,145,15
2013-05-27,TX_1,TX,HOBBIES,63,15
2013-05-27,TX_1,TX,HOUSEHOLD,140,12
2013-05-27,TX_2,TX,FOODS,239,15
2013-05-27,TX_2,TX,HOBBIES,149,15
2013-05-27,TX_2,TX,HOUSEHOLD,155,12
2013-05-27,WI_1,WI,FOODS,118,15
2013-05-27,WI_1,WI,HOBBIES,50,15
2013-05-27,WI_1,WI,HOUSEHOLD,80,12
2013-05-27,WI_2,WI,FOODS,169,15
2013-05-27,WI_2,WI,HOBBIES,36,15
2013-05-27,WI_2,WI,HOUSEHOLD,146,12
2013-06-03,CA_1,CA,FOODS,273,15
2013-06-03,CA_1,CA,HOBBIES,78,15
2013-06-03,CA_1,CA,HOUSEHOLD,115,12
2013-06-03,CA_2,CA,FOODS,224,15
2013-06-03,CA_2,CA,HOBBIES,67,15
2013-06-03,CA_2,CA,HOUSEHOLD,155,12
2013-06-03,CA_3,CA,FOODS,318,15
2013-06-03,CA_3,CA,HOBBIES,127,15
2013-06-03,CA_3,CA,HOUSEHOLD,145,12
2013-06-03,TX_1,TX,FOODS,117,15
2013-06-03,TX_1,TX,HOBBIES,71,15
2013-06-03,TX_1,TX,HOUSEHOLD,139,12
2013-06-03,TX_2,TX,FOODS,236,15
2013-06-03,TX_2,TX,HOBBIES,134,15
2013-06-03,TX_2,TX,HOUSEHOLD,165,12
2013-06-03,WI_1,WI,FOODS,133,15
2013-06-03,WI_1,WI,HOBBIES,33,15
2013-06-03,WI_1,WI,HOUSEHOLD,48,12
2013-06-03,WI_2,WI,FOODS,253,15
2013-06-03,WI_2,WI,HOBBIES,59,15
2013-06-03,WI_2,WI,HOUSEHOLD,73,12
2013-06-10,CA_1,CA,FOODS,328,15
2013-06-10,CA_1,CA,HOBBIES,111,15
2013-06-10,CA_1,CA,HOUSEHOLD,131,12
2013-06-10,CA_2,CA,FOODS,177,15
2013-06-10,CA_2,CA,HOBBIES,76,15
2013-06-10,CA_2,CA,HOUSEHOLD,155,12
2013-06-10,CA_3,CA,FOODS,405,15
2013-06-10,CA_3,CA,HOBBIES,191,15
2013-06-10,CA_3,CA,HOUSEHOLD,151,12
2013-06-10,TX_1,TX,FOODS,163,15
2013-06-10,TX_1,TX,HOBBIES,149,15
2013-06-10,TX_1,TX,HOUSEHOLD,133,12
2013-06-10,TX_2,TX,FOODS,236,15
2013-06-10,TX_2,TX,HOBBIES,121,15
2013-06-10,TX_2,TX,HOUSEHOLD,83,12
2013-06-10,WI_1,WI,FOODS,153,15
2013-06-10,WI_1,WI,HOBBIES,56,15
2013-06-10,WI_1,WI,HOUSEHOLD,70,12
2013-06-10,WI_2,WI,FOODS,219,15
2013-06-10,WI_2,WI,HOBBIES,36,15
2013-06-10,WI_2,WI,HOUSEHOLD,84,12
2013-06-17,CA_1,CA,FOODS,260,15
2013-06-17,CA_1,CA,HOBBIES,87,15
2013-06-17,CA_1,CA,HOUSEHOLD,126,12
2013-06-17,CA_2,CA,FOODS,189,15
2013-06-17,CA_2,CA,HOBBIES,87,15
2013-06-17,CA_2,CA,HOUSEHOLD,143,12
2013-06-17,CA_3,CA,FOODS,329,15
2013-06-17,CA_3,CA,HOBBIES,123,15
2013-06-17,CA_3,CA,HOUSEHOLD,198,12
2013-06-17,TX_1,TX,FOODS,129,15
2013-06-17,TX_1,TX,HOBBIES,46,15
2013-06-17,TX_1,TX,HOUSEHOLD,91,12
2013-06-17,TX_2,TX,FOODS,207,15
2013-06-17,TX_2,TX,HOBBIES,135,15
2013-06-17,TX_2,TX,HOUSEHOLD,170,12
2013-06-17,WI_1,WI,FOODS,157,15
2013-06-17,WI_1,WI,HOBBIES,60,15
2013-06-17,WI_1,WI,HOUSEHOLD,72,12
2013-06-17,WI_2,WI,FOODS,225,15
2013-06-17,WI_2,WI,HOBBIES,25,15
2013-06-17,WI_2,WI,HOUSEHOLD,72,12
2013-06-24,CA_1,CA,FOODS,236,15
2013-06-24,CA_1,CA,HOBBIES,159,15
2013-06-24,CA_1,CA,HOUSEHOLD,144,12
2013-06-24,CA_2,CA,FOODS,167,15
2013-06-24,CA_2,CA,HOBBIES,154,15
2013-06-24,CA_2,CA,HOUSEHOLD,156,12
2013-06-24,CA_3,CA,FOODS,276,15
2013-06-24,CA_3,CA,HOBBIES,167,15
2013-06-24,CA_3,CA,HOUSEHOLD,249,12
2013-06-24,TX_1,TX,FOODS,129,15
2013-06-24,TX_1,TX,HOBBIES,116,15
2013-06-24,TX_1,TX,HOUSEHOLD,105,12
2013-06-24,TX_2,TX,FOODS,194,15
2013-06-24,TX_2,TX,HOBBIES,281,15
2013-06-24,TX_2,TX,HOUSEHOLD,121,12
2013-06-24,WI_1,WI,FOODS,145,15
2013-06-24,WI_1,WI,HOBBIES,88,15
2013-06-24,WI_1,WI,HOUSEHOLD,50,12
2013-06-24,WI_2,WI,FOODS,157,15
2013-06-24,WI_2,WI,HOBBIES,70,15
2013-06-24,WI_2,WI,HOUSEHOLD,65,12
2013-07-01,CA_1,CA,FOODS,698,15
2013-07-01,CA_1,CA,HOBBIES,185,15
2013-07-01,CA_1,CA,HOUSEHOLD,109,12
2013-07-01,CA_2,CA,FOODS,201,15
2013-07-01,CA_2,CA,HOBBIES,220,15
2013-07-01,CA_2,CA,HOUSEHOLD,127,12
2013-07-01,CA_3,CA,FOODS,315,15
2013-07-01,CA_3,CA,HOBBIES,234,15
2013-07-01,CA_3,CA,HOUSEHOLD,375,12
2013-07-01,TX_1,TX,FOODS,172,15
2013-07-01,TX_1,TX,HOBBIES,133,15
2013-07-01,TX_1,TX,HOUSEHOLD,129,12
2013-07-01,TX_2,TX,FOODS,207,15
2013-07-01,TX_2,TX,HOBBIES,215,15
2013-07-01,TX_2,TX,HOUSEHOLD,155,12
2013-07-01,WI_1,WI,FOODS,157,15
2013-07-01,WI_1,WI,HOBBIES,128,15
2013-07-01,WI_1,WI,HOUSEHOLD,69,12
2013-07-01,WI_2,WI,FOODS,148,15
2013-07-01,WI_2,WI,HOBBIES,70,15
2013-07-01,WI_2,WI,HOUSEHOLD,180,12
2013-07-08,CA_1,CA,FOODS,342,15
2013-07-08,CA_1,CA,HOBBIES,152,15
2013-07-08,CA_1,CA,HOUSEHOLD,148,12
2013-07-08,CA_2,CA,FOODS,171,15
2013-07-08,CA_2,CA,HOBBIES,138,15
2013-07-08,CA_2,CA,HOUSEHOLD,174,12
2013-07-08,CA_3,CA,FOODS,274,15
2013-07-08,CA_3,CA,HOBBIES,175,15
2013-07-08,CA_3,CA,HOUSEHOLD,243,12
2013-07-08,TX_1,TX,FOODS,156,15
2013-07-08,TX_1,TX,HOBBIES,65,15
2013-07-08,TX_1,TX,HOUSEHOLD,149,12
2013-07-08,TX_2,TX,FOODS,232,15
2013-07-08,TX_2,TX,HOBBIES,176,15
2013-07-08,TX_2,TX,HOUSEHOLD,216,12
2013-07-08,WI_1,WI,FOODS,130,15
2013-07-08,WI_1,WI,HOBBIES,97,15
2013-07-08,WI_1,WI,HOUSEHOLD,77,12
2013-07-08,WI_2,WI,FOODS,195,15
2013-07-08,WI_2,WI,HOBBIES,98,15
2013-07-08,WI_2,WI,HOUSEHOLD,169,12
2013-07-15,CA_1,CA,FOODS,278,15
2013-07-15,CA_1,CA,HOBBIES,161,15
2013-07-15,CA_1,CA,HOUSEHOLD,80,12
2013-07-15,CA_2,CA,FOODS,161,15
2013-07-15,CA_2,CA,HOBBIES,139,15
2013-07-15,CA_2,CA,HOUSEHOLD,140,12
2013-07-15,CA_3,CA,FOODS,314,15
2013-07-15,CA_3,CA,HOBBIES,209,15
2013-07-15,CA_3,CA,HOUSEHOLD,263,12
2013-07-15,TX_1,TX,FOODS,151,15
2013-07-15,TX_1,TX,HOBBIES,94,15
2013-07-15,TX_1,TX,HOUSEHOLD,121,12
2013-07-15,TX_2,TX,FOODS,230,15
2013-07-15,TX_2,TX,HOBBIES,177,15
2013-07-15,TX_2,TX,HOUSEHOLD,128,12
2013-07-15,WI_1,WI,FOODS,150,15
2013-07-15,WI_1,WI,HOBBIES,100,15
2013-07-15,WI_1,WI,HOUSEHOLD,56,12
2013-07-15,WI_2,WI,FOODS,177,15
2013-07-15,WI_2,WI,HOBBIES,68,15
2013-07-15,WI_2,WI,HOUSEHOLD,101,12
2013-07-22,CA_1,CA,FOODS,263,15
2013-07-22,CA_1,CA,HOBBIES,163,15
2013-07-22,CA_1,CA,HOUSEHOLD,50,12
2013-07-22,CA_2,CA,FOODS,212,15
2013-07-22,CA_2,CA,HOBBIES,114,15
2013-07-22,CA_2,CA,HOUSEHOLD,107,12
2013-07-22,CA_3,CA,FOODS,329,15
2013-07-22,CA_3,CA,HOBBIES,180,15
2013-07-22,CA_3,CA,HOUSEHOLD,216,12
2013-07-22,TX_1,TX,FOODS,143,15
2013-07-22,TX_1,TX,HOBBIES,72,15
2013-07-22,TX_1,TX,HOUSEHOLD,104,12
2013-07-22,TX_2,TX,FOODS,224,15
2013-07-22,TX_2,TX,HOBBIES,170,15
2013-07-22,TX_2,TX,HOUSEHOLD,128,12
2013-07-22,WI_1,WI,FOODS,168,15
2013-07-22,WI_1,WI,HOBBIES,67,15
2013-07-22,WI_1,WI,HOUSEHOLD,56,12
2013-07-22,WI_2,WI,FOODS,196,15
2013-07-22,WI_2,WI,HOBBIES,74,15
2013-07-22,WI_2,WI,HOUSEHOLD,106,12
2013-07-29,CA_1,CA,FOODS,342,15
2013-07-29,CA_1,CA,HOBBIES,168,15
2013-07-29,CA_1,CA,HOUSEHOLD,75,12
2013-07-29,CA_2,CA,FOODS,182,15
2013-07-29,CA_2,CA,HOBBIES,148,15
2013-07-29,CA_2,CA,HOUSEHOLD,137,12
2013-07-29,CA_3,CA,FOODS,446,15
2013-07-29,CA_3,CA,HOBBIES,239,15
2013-07-29,CA_3,CA,HOUSEHOLD,278,12
2013-07-29,TX_1,TX,FOODS,152,15
2013-07-29,TX_1,TX,HOBBIES,84,15
2013-07-29,TX_1,TX,HOUSEHOLD,109,12
2013-07-29,TX_2,TX,FOODS,254,15
2013-07-29,TX_2,TX,HOBBIES,174,15
2013-07-29,TX_2,TX,HOUSEHOLD,109,12
2013-07-29,WI_1,WI,FOODS,147,15
2013-07-29,WI_1,WI,HOBBIES,83,15
2013-07-29,WI_1,WI,HOUSEHOLD,49,12
2013-07-29,WI_2,WI,FOODS,180,15
2013-07-29,WI_2,WI,HOBBIES,86,15
2013-07-29,WI_2,WI,HOUSEHOLD,135,12
2013-08-05,CA_1,CA,FOODS,419,15
2013-08-05,CA_1,CA,HOBBIES,160,15
2013-08-05,CA_1,CA,HOUSEHOLD,50,12
2013-08-05,CA_2,CA,FOODS,213,15
2013-08-05,CA_2,CA,HOBBIES,85,15
2013-08-05,CA_2,CA,HOUSEHOLD,137,12
2013-08-05,CA_3,CA,FOODS,298,15
2013-08-05,CA_3,CA,HOBBIES,231,15
2013-08-05,CA_3,CA,HOUSEHOLD,193,12
2013-08-05,TX_1,TX,FOODS,187,15
2013-08-05,TX_1,TX,HOBBIES,69,15
2013-08-05,TX_1,TX,HOUSEHOLD,95,12
2013-08-05,TX_2,TX,FOODS,266,15
2013-08-05,TX_2,TX,HOBBIES,182,15
2013-08-05,TX_2,TX,HOUSEHOLD,129,12
2013-08-05,WI_1,WI,FOODS,153,15
2013-08-05,WI_1,WI,HOBBIES,79,15
2013-08-05,WI_1,WI,HOUSEHOLD,39,12
2013-08-05,WI_2,WI,FOODS,219,15
2013-08-05,WI_2,WI,HOBBIES,55,15
2013-08-05,WI_2,WI,HOUSEHOLD,90,12
2013-08-12,CA_1,CA,FOODS,342,15
2013-08-12,CA_1,CA,HOBBIES,145,15
2013-08-12,CA_1,CA,HOUSEHOLD,46,12
2013-08-12,CA_2,CA,FOODS,194,15
2013-08-12,CA_2,CA,HOBBIES,119,15
2013-08-12,CA_2,CA,HOUSEHOLD,88,12
2013-08-12,CA_3,CA,FOODS,305,15
2013-08-12,CA_3,CA,HOBBIES,214,15
2013-08-12,CA_3,CA,HOUSEHOLD,157,12
2013-08-12,TX_1,TX,FOODS,201,15
2013-08-12,TX_1,TX,HOBBIES,66,15
2013-08-12,TX_1,TX,HOUSEHOLD,71,12
2013-08-12,TX_2,TX,FOODS,250,15
2013-08-12,TX_2,TX,HOBBIES,132,15
2013-08-12,TX_2,TX,HOUSEHOLD,88,12
2013-08-12,WI_1,WI,FOODS,173,15
2013-08-12,WI_1,WI,HOBBIES,66,15
2013-08-12,WI_1,WI,HOUSEHOLD,30,12
2013-08-12,WI_2,WI,FOODS,227,15
2013-08-12,WI_2,WI,HOBBIES,46,15
2013-08-12,WI_2,WI,HOUSEHOLD,84,12
2013-08-19,CA_1,CA,FOODS,455,15
2013-08-19,CA_1,CA,HOBBIES,164,15
2013-08-19,CA_1,CA,HOUSEHOLD,51,12
2013-08-19,CA_2,CA,FOODS,194,15
2013-08-19,CA_2,CA,HOBBIES,134,15
2013-08-19,CA_2,CA,HOUSEHOLD,94,12
2013-08-19,CA_3,CA,FOODS,434,15
2013-08-19,CA_3,CA,HOBBIES,247,15
2013-08-19,CA_3,CA,HOUSEHOLD,180,12
2013-08-19,TX_1,TX,FOODS,152,15
2013-08-19,TX_1,TX,HOBBIES,71,15
2013-08-19,TX_1,TX,HOUSEHOLD,40,12
2013-08-19,TX_2,TX,FOODS,223,15
2013-08-19,TX_2,TX,HOBBIES,123,15
2013-08-19,TX_2,TX,HOUSEHOLD,62,12
2013-08-19,WI_1,WI,FOODS,189,15
2013-08-19,WI_1,WI,HOBBIES,71,15
2013-08-19,WI_1,WI,HOUSEHOLD,33,12
2013-08-19,WI_2,WI,FOODS,198,15
2013-08-19,WI_2,WI,HOBBIES,58,15
2013-08-19,WI_2,WI,HOUSEHOLD,48,12
2013-08-26,CA_1,CA,FOODS,394,15
2013-08-26,CA_1,CA,HOBBIES,135,15
2013-08-26,CA_1,CA,HOUSEHOLD,43,12
2013-08-26,CA_2,CA,FOODS,218,15
2013-08-26,CA_2,CA,HOBBIES,126,15
2013-08-26,CA_2,CA,HOUSEHOLD,74,12
2013-08-26,CA_3,CA,FOODS,523,15
2013-08-26,CA_3,CA,HOBBIES,248,15
2013-08-26,CA_3,CA,HOUSEHOLD,151,12
2013-08-26,TX_1,TX,FOODS,196,15
2013-08-26,TX_1,TX,HOBBIES,52,15
2013-08-26,TX_1,TX,HOUSEHOLD,26,12
2013-08-26,TX_2,TX,FOODS,248,15
2013-08-26,TX_2,TX,HOBBIES,113,15
2013-08-26,TX_2,TX,HOUSEHOLD,49,12
2013-08-26,WI_1,WI,FOODS,191,15
2013-08-26,WI_1,WI,HOBBIES,98,15
2013-08-26,WI_1,WI,HOUSEHOLD,37,12
2013-08-26,WI_2,WI,FOODS,199,15
2013-08-26,WI_2,WI,HOBBIES,46,15
2013-08-26,WI_2,WI,HOUSEHOLD,73,12
2013-09-02,CA_1,CA,FOODS,386,15
2013-09-02,CA_1,CA,HOBBIES,146,15
2013-09-02,CA_1,CA,HOUSEHOLD,56,12
2013-09-02,CA_2,CA,FOODS,224,15
2013-09-02,CA_2,CA,HOBBIES,157,15
2013-09-02,CA_2,CA,HOUSEHOLD,83,12
2013-09-02,CA_3,CA,FOODS,382,15
2013-09-02,CA_3,CA,HOBBIES,217,15
2013-09-02,CA_3,CA,HOUSEHOLD,137,12
2013-09-02,TX_1,TX,FOODS,132,15
2013-09-02,TX_1,TX,HOBBIES,76,15
2013-09-02,TX_1,TX,HOUSEHOLD,43,12
2013-09-02,TX_2,TX,FOODS,230,15
2013-09-02,TX_2,TX,HOBBIES,126,15
2013-09-02,TX_2,TX,HOUSEHOLD,55,12
2013-09-02,WI_1,WI,FOODS,193,15
2013-09-02,WI_1,WI,HOBBIES,128,15
2013-09-02,WI_1,WI,HOUSEHOLD,17,12
2013-09-02,WI_2,WI,FOODS,289,15
2013-09-02,WI_2,WI,HOBBIES,48,15
2013-09-02,WI_2,WI,HOUSEHOLD,74,12
2013-09-09,CA_1,CA,FOODS,439,15
2013-09-09,CA_1,CA,HOBBIES,159,15
2013-09-09,CA_1,CA,HOUSEHOLD,46,12
2013-09-09,CA_2,CA,FOODS,201,15
2013-09-09,CA_2,CA,HOBBIES,121,15
2013-09-09,CA_2,CA,HOUSEHOLD,63,12
2013-09-09,CA_3,CA,FOODS,386,15
2013-09-09,CA_3,CA,HOBBIES,178,15
2013-09-09,CA_3,CA,HOUSEHOLD,138,12
2013-09-09,TX_1,TX,FOODS,197,15
2013-09-09,TX_1,TX,HOBBIES,95,15
2013-09-09,TX_1,TX,HOUSEHOLD,43,12
2013-09-09,TX_2,TX,FOODS,244,15
2013-09-09,TX_2,TX,HOBBIES,85,15
2013-09-09,TX_2,TX,HOUSEHOLD,62,12
2013-09-09,WI_1,WI,FOODS,190,15
2013-09-09,WI_1,WI,HOBBIES,89,15
2013-09-09,WI_1,WI,HOUSEHOLD,26,12
2013-09-09,WI_2,WI,FOODS,239,15
2013-09-09,WI_2,WI,HOBBIES,62,15
2013-09-09,WI_2,WI,HOUSEHOLD,83,12
2013-09-16,CA_1,CA,FOODS,360,15
2013-09-16,CA_1,CA,HOBBIES,132,15
2013-09-16,CA_1,CA,HOUSEHOLD,54,12
2013-09-16,CA_2,CA,FOODS,202,15
2013-09-16,CA_2,CA,HOBBIES,125,15
2013-09-16,CA_2,CA,HOUSEHOLD,95,12
2013-09-16,CA_3,CA,FOODS,298,15
2013-09-16,CA_3,CA,HOBBIES,188,15
2013-09-16,CA_3,CA,HOUSEHOLD,175,12
2013-09-16,TX_1,TX,FOODS,167,15
2013-09-16,TX_1,TX,HOBBIES,45,15
2013-09-16,TX_1,TX,HOUSEHOLD,29,12
2013-09-16,TX_2,TX,FOODS,228,15
2013-09-16,TX_2,TX,HOBBIES,94,15
2013-09-16,TX_2,TX,HOUSEHOLD,57,12
2013-09-16,WI_1,WI,FOODS,231,15
2013-09-16,WI_1,WI,HOBBIES,79,15
2013-09-16,WI_1,WI,HOUSEHOLD,30,12
2013-09-16,WI_2,WI,FOODS,179,15
2013-09-16,WI_2,WI,HOBBIES,70,15
2013-09-16,WI_2,WI,HOUSEHOLD,50,12
2013-09-23,CA_1,CA,FOODS,363,15
2013-09-23,CA_1,CA,HOBBIES,176,15
2013-09-23,CA_1,CA,HOUSEHOLD,42,12
2013-09-23,CA_2,CA,FOODS,202,15
2013-09-23,CA_2,CA,HOBBIES,96,15
2013-09-23,CA_2,CA,HOUSEHOLD,105,12
2013-09-23,CA_3,CA,FOODS,372,15
2013-09-23,CA_3,CA,HOBBIES,237,15
2013-09-23,CA_3,CA,HOUSEHOLD,122,12
2013-09-23,TX_1,TX,FOODS,146,15
2013-09-23,TX_1,TX,HOBBIES,54,15
2013-09-23,TX_1,TX,HOUSEHOLD,43,12
2013-09-23,TX_2,TX,FOODS,261,15
2013-09-23,TX_2,TX,HOBBIES,69,15
2013-09-23,TX_2,TX,HOUSEHOLD,84,12
2013-09-23,WI_1,WI,FOODS,226,15
2013-09-23,WI_1,WI,HOBBIES,86,15
2013-09-23,WI_1,WI,HOUSEHOLD,35,12
2013-09-23,WI_2,WI,FOODS,158,15
2013-09-23,WI_2,WI,HOBBIES,79,15
2013-09-23,WI_2,WI,HOUSEHOLD,59,12
2013-09-30,CA_1,CA,FOODS,407,15
2013-09-30,CA_1,CA,HOBBIES,148,15
2013-09-30,CA_1,CA,HOUSEHOLD,71,12
2013-09-30,CA_2,CA,FOODS,204,15
2013-09-30,CA_2,CA,HOBBIES,133,15
2013-09-30,CA_2,CA,HOUSEHOLD,100,12
2013-09-30,CA_3,CA,FOODS,376,15
2013-09-30,CA_3,CA,HOBBIES,251,15
2013-09-30,CA_3,CA,HOUSEHOLD,156,12
2013-09-30,TX_1,TX,FOODS,185,15
2013-09-30,TX_1,TX,HOBBIES,76,15
2013-09-30,TX_1,TX,HOUSEHOLD,37,12
2013-09-30,TX_2,TX,FOODS,251,15
2013-09-30,TX_2,TX,HOBBIES,67,15
2013-09-30,TX_2,TX,HOUSEHOLD,73,12
2013-09-30,WI_1,WI,FOODS,224,15
2013-09-30,WI_1,WI,HOBBIES,76,15
2013-09-30,WI_1,WI,HOUSEHOLD,42,12
2013-09-30,WI_2,WI,FOODS,179,15
2013-09-30,WI_2,WI,HOBBIES,62,15
2013-09-30,WI_2,WI,HOUSEHOLD,91,12
2013-10-07,CA_1,CA,FOODS,438,15
2013-10-07,CA_1,CA,HOBBIES,144,15
2013-10-07,CA_1,CA,HOUSEHOLD,62,12
2013-10-07,CA_2,CA,FOODS,175,15
2013-10-07,CA_2,CA,HOBBIES,169,15
2013-10-07,CA_2,CA,HOUSEHOLD,92,12
2013-10-07,CA_3,CA,FOODS,439,15
2013-10-07,CA_3,CA,HOBBIES,212,15
2013-10-07,CA_3,CA,HOUSEHOLD,161,12
2013-10-07,TX_1,TX,FOODS,207,15
2013-10-07,TX_1,TX,HOBBIES,69,15
2013-10-07,TX_1,TX,HOUSEHOLD,55,12
2013-10-07,TX_2,TX,FOODS,269,15
2013-10-07,TX_2,TX,HOBBIES,74,15
2013-10-07,TX_2,TX,HOUSEHOLD,86,12
2013-10-07,WI_1,WI,FOODS,250,15
2013-10-07,WI_1,WI,HOBBIES,122,15
2013-10-07,WI_1,WI,HOUSEHOLD,34,12
2013-10-07,WI_2,WI,FOODS,217,15
2013-10-07,WI_2,WI,HOBBIES,50,15
2013-10-07,WI_2,WI,HOUSEHOLD,47,12
2013-10-14,CA_1,CA,FOODS,397,15
2013-10-14,CA_1,CA,HOBBIES,197,15
2013-10-14,CA_1,CA,HOUSEHOLD,48,12
2013-10-14,CA_2,CA,FOODS,210,15
2013-10-14,CA_2,CA,HOBBIES,112,15
2013-10-14,CA_2,CA,HOUSEHOLD,102,12
2013-10-14,CA_3,CA,FOODS,357,15
2013-10-14,CA_3,CA,HOBBIES,178,15
2013-10-14,CA_3,CA,HOUSEHOLD,162,12
2013-10-14,TX_1,TX,FOODS,130,15
2013-10-14,TX_1,TX,HOBBIES,71,15
2013-10-14,TX_1,TX,HOUSEHOLD,33,12
2013-10-14,TX_2,TX,FOODS,246,15
2013-10-14,TX_2,TX,HOBBIES,79,15
2013-10-14,TX_2,TX,HOUSEHOLD,55,12
2013-10-14,WI_1,WI,FOODS,191,15
2013-10-14,WI_1,WI,HOBBIES,69,15
2013-10-14,WI_1,WI,HOUSEHOLD,26,12
2013-10-14,WI_2,WI,FOODS,124,15
2013-10-14,WI_2,WI,HOBBIES,53,15
2013-10-14,WI_2,WI,HOUSEHOLD,52,12
2013-10-21,CA_1,CA,FOODS,355,15
2013-10-21,CA_1,CA,HOBBIES,147,15
2013-10-21,CA_1,CA,HOUSEHOLD,37,12
2013-10-21,CA_2,CA,FOODS,136,15
2013-10-21,CA_2,CA,HOBBIES,161,15
2013-10-21,CA_2,CA,HOUSEHOLD,72,12
2013-10-21,CA_3,CA,FOODS,362,15
2013-10-21,CA_3,CA,HOBBIES,220,15
2013-10-21,CA_3,CA,HOUSEHOLD,154,12
2013-10-21,TX_1,TX,FOODS,139,15
2013-10-21,TX_1,TX,HOBBIES,86,15
2013-10-21,TX_1,TX,HOUSEHOLD,51,12
2013-10-21,TX_2,TX,FOODS,226,15
2013-10-21,TX_2,TX,HOBBIES,85,15
2013-10-21,TX_2,TX,HOUSEHOLD,52,12
2013-10-21,WI_1,WI,FOODS,237,15
2013-10-21,WI_1,WI,HOBBIES,49,15
2013-10-21,WI_1,WI,HOUSEHOLD,47,12
2013-10-21,WI_2,WI,FOODS,199,15
2013-10-21,WI_2,WI,HOBBIES,66,15
2013-10-21,WI_2,WI,HOUSEHOLD,44,12
2013-10-28,CA_1,CA,FOODS,318,15
2013-10-28,CA_1,CA,HOBBIES,141,15
2013-10-28,CA_1,CA,HOUSEHOLD,40,12
2013-10-28,CA_2,CA,FOODS,190,15
2013-10-28,CA_2,CA,HOBBIES,108,15
2013-10-28,CA_2,CA,HOUSEHOLD,79,12
2013-10-28,CA_3,CA,FOODS,420,15
2013-10-28,CA_3,CA,HOBBIES,231,15
2013-10-28,CA_3,CA,HOUSEHOLD,112,12
2013-10-28,TX_1,TX,FOODS,149,15
2013-10-28,TX_1,TX,HOBBIES,44,15
2013-10-28,TX_1,TX,HOUSEHOLD,21,12
2013-10-28,TX_2,TX,FOODS,253,15
2013-10-28,TX_2,TX,HOBBIES,54,15
2013-10-28,TX_2,TX,HOUSEHOLD,99,12
2013-10-28,WI_1,WI,FOODS,225,15
2013-10-28,WI_1,WI,HOBBIES,86,15
2013-10-28,WI_1,WI,HOUSEHOLD,32,12
2013-10-28,WI_2,WI,FOODS,310,15
2013-10-28,WI_2,WI,HOBBIES,67,15
2013-10-28,WI_2,WI,HOUSEHOLD,59,12
2013-11-04,CA_1,CA,FOODS,305,15
2013-11-04,CA_1,CA,HOBBIES,184,15
2013-11-04,CA_1,CA,HOUSEHOLD,46,12
2013-11-04,CA_2,CA,FOODS,108,15
2013-11-04,CA_2,CA,HOBBIES,94,15
2013-11-04,CA_2,CA,HOUSEHOLD,90,12
2013-11-04,CA_3,CA,FOODS,390,15
2013-11-04,CA_3,CA,HOBBIES,202,15
2013-11-04,CA_3,CA,HOUSEHOLD,128,12
2013-11-04,TX_1,TX,FOODS,130,15
2013-11-04,TX_1,TX,HOBBIES,57,15
2013-11-04,TX_1,TX,HOUSEHOLD,46,12
2013-11-04,TX_2,TX,FOODS,215,15
2013-11-04,TX_2,TX,HOBBIES,109,15
2013-11-04,TX_2,TX,HOUSEHOLD,52,12
2013-11-04,WI_1,WI,FOODS,263,15
2013-11-04,WI_1,WI,HOBBIES,75,15
2013-11-04,WI_1,WI,HOUSEHOLD,35,12
2013-11-04,WI_2,WI,FOODS,350,15
2013-11-04,WI_2,WI,HOBBIES,64,15
2013-11-04,WI_2,WI,HOUSEHOLD,22,12
2013-11-11,CA_1,CA,FOODS,267,15
2013-11-11,CA_1,CA,HOBBIES,145,15
2013-11-11,CA_1,CA,HOUSEHOLD,39,12
2013-11-11,CA_2,CA,FOODS,92,15
2013-11-11,CA_2,CA,HOBBIES,144,15
2013-11-11,CA_2,CA,HOUSEHOLD,116,12
2013-11-11,CA_3,CA,FOODS,310,15
2013-11-11,CA_3,CA,HOBBIES,214,15
2013-11-11,CA_3,CA,HOUSEHOLD,163,12
2013-11-11,TX_1,TX,FOODS,186,15
2013-11-11,TX_1,TX,HOBBIES,101,15
2013-11-11,TX_1,TX,HOUSEHOLD,89,12
2013-11-11,TX_2,TX,FOODS,220,15
2013-11-11,TX_2,TX,HOBBIES,130,15
2013-11-11,TX_2,TX,HOUSEHOLD,81,12
2013-11-11,WI_1,WI,FOODS,235,15
2013-11-11,WI_1,WI,HOBBIES,79,15
2013-11-11,WI_1,WI,HOUSEHOLD,57,12
2013-11-11,WI_2,WI,FOODS,362,15
2013-11-11,WI_2,WI,HOBBIES,43,15
2013-11-11,WI_2,WI,HOUSEHOLD,30,12
2013-11-18,CA_1,CA,FOODS,322,15
2013-11-18,CA_1,CA,HOBBIES,121,15
2013-11-18,CA_1,CA,HOUSEHOLD,40,12
2013-11-18,CA_2,CA,FOODS,124,15
2013-11-18,CA_2,CA,HOBBIES,125,15
2013-11-18,CA_2,CA,HOUSEHOLD,152,12
2013-11-18,CA_3,CA,FOODS,337,15
2013-11-18,CA_3,CA,HOBBIES,272,15
2013-11-18,CA_3,CA,HOUSEHOLD,115,12
2013-11-18,TX_1,TX,FOODS,117,15
2013-11-18,TX_1,TX,HOBBIES,110,15
2013-11-18,TX_1,TX,HOUSEHOLD,66,12
2013-11-18,TX_2,TX,FOODS,227,15
2013-11-18,TX_2,TX,HOBBIES,146,15
2013-11-18,TX_2,TX,HOUSEHOLD,94,12
2013-11-18,WI_1,WI,FOODS,254,15
2013-11-18,WI_1,WI,HOBBIES,88,15
2013-11-18,WI_1,WI,HOUSEHOLD,71,12
2013-11-18,WI_2,WI,FOODS,285,15
2013-11-18,WI_2,WI,HOBBIES,56,15
2013-11-18,WI_2,WI,HOUSEHOLD,29,12
2013-11-25,CA_1,CA,FOODS,245,15
2013-11-25,CA_1,CA,HOBBIES,127,15
2013-11-25,CA_1,CA,HOUSEHOLD,45,12
2013-11-25,CA_2,CA,FOODS,97,15
2013-11-25,CA_2,CA,HOBBIES,87,15
2013-11-25,CA_2,CA,HOUSEHOLD,109,12
2013-11-25,CA_3,CA,FOODS,342,15
2013-11-25,CA_3,CA,HOBBIES,238,15
2013-11-25,CA_3,CA,HOUSEHOLD,115,12
2013-11-25,TX_1,TX,FOODS,136,15
2013-11-25,TX_1,TX,HOBBIES,102,15
2013-11-25,TX_1,TX,HOUSEHOLD,53,12
2013-11-25,TX_2,TX,FOODS,189,15
2013-11-25,TX_2,TX,HOBBIES,88,15
2013-11-25,TX_2,TX,HOUSEHOLD,58,12
2013-11-25,WI_1,WI,FOODS,237,15
2013-11-25,WI_1,WI,HOBBIES,90,15
2013-11-25,WI_1,WI,HOUSEHOLD,51,12
2013-11-25,WI_2,WI,FOODS,109,15
2013-11-25,WI_2,WI,HOBBIES,35,15
2013-11-25,WI_2,WI,HOUSEHOLD,32,12
2013-12-02,CA_1,CA,FOODS,281,15
2013-12-02,CA_1,CA,HOBBIES,159,15
2013-12-02,CA_1,CA,HOUSEHOLD,55,12
2013-12-02,CA_2,CA,FOODS,121,15
2013-12-02,CA_2,CA,HOBBIES,145,15
2013-12-02,CA_2,CA,HOUSEHOLD,73,12
2013-12-02,CA_3,CA,FOODS,351,15
2013-12-02,CA_3,CA,HOBBIES,269,15
2013-12-02,CA_3,CA,HOUSEHOLD,142,12
2013-12-02,TX_1,TX,FOODS,120,15
2013-12-02,TX_1,TX,HOBBIES,42,15
2013-12-02,TX_1,TX,HOUSEHOLD,35,12
2013-12-02,TX_2,TX,FOODS,219,15
2013-12-02,TX_2,TX,HOBBIES,131,15
2013-12-02,TX_2,TX,HOUSEHOLD,59,12
2013-12-02,WI_1,WI,FOODS,215,15
2013-12-02,WI_1,WI,HOBBIES,84,15
2013-12-02,WI_1,WI,HOUSEHOLD,42,12
2013-12-02,WI_2,WI,FOODS,254,15
2013-12-02,WI_2,WI,HOBBIES,65,15
2013-12-02,WI_2,WI,HOUSEHOLD,60,12
2013-12-09,CA_1,CA,FOODS,247,15
2013-12-09,CA_1,CA,HOBBIES,176,15
2013-12-09,CA_1,CA,HOUSEHOLD,67,12
2013-12-09,CA_2,CA,FOODS,123,15
2013-12-09,CA_2,CA,HOBBIES,126,15
2013-12-09,CA_2,CA,HOUSEHOLD,93,12
2013-12-09,CA_3,CA,FOODS,370,15
2013-12-09,CA_3,CA,HOBBIES,222,15
2013-12-09,CA_3,CA,HOUSEHOLD,118,12
2013-12-09,TX_1,TX,FOODS,151,15
2013-12-09,TX_1,TX,HOBBIES,76,15
2013-12-09,TX_1,TX,HOUSEHOLD,46,12
2013-12-09,TX_2,TX,FOODS,225,15
2013-12-09,TX_2,TX,HOBBIES,102,15
2013-12-09,TX_2,TX,HOUSEHOLD,52,12
2013-12-09,WI_1,WI,FOODS,234,15
2013-12-09,WI_1,WI,HOBBIES,78,15
2013-12-09,WI_1,WI,HOUSEHOLD,43,12
2013-12-09,WI_2,WI,FOODS,362,15
2013-12-09,WI_2,WI,HOBBIES,55,15
2013-12-09,WI_2,WI,HOUSEHOLD,82,12
2013-12-16,CA_1,CA,FOODS,280,15
2013-12-16,CA_1,CA,HOBBIES,192,15
2013-12-16,CA_1,CA,HOUSEHOLD,53,12
2013-12-16,CA_2,CA,FOODS,133,15
2013-12-16,CA_2,CA,HOBBIES,165,15
2013-12-16,CA_2,CA,HOUSEHOLD,78,12
2013-12-16,CA_3,CA,FOODS,333,15
2013-12-16,CA_3,CA,HOBBIES,279,15
2013-12-16,CA_3,CA,HOUSEHOLD,144,12
2013-12-16,TX_1,TX,FOODS,130,15
2013-12-16,TX_1,TX,HOBBIES,56,15
2013-12-16,TX_1,TX,HOUSEHOLD,39,12
2013-12-16,TX_2,TX,FOODS,200,15
2013-12-16,TX_2,TX,HOBBIES,118,15
2013-12-16,TX_2,TX,HOUSEHOLD,48,12
2013-12-16,WI_1,WI,FOODS,241,15
2013-12-16,WI_1,WI,HOBBIES,68,15
2013-12-16,WI_1,WI,HOUSEHOLD,33,12
2013-12-16,WI_2,WI,FOODS,297,15
2013-12-16,WI_2,WI,HOBBIES,51,15
2013-12-16,WI_2,WI,HOUSEHOLD,56,12
2013-12-23,CA_1,CA,FOODS,242,15
2013-12-23,CA_1,CA,HOBBIES,144,15
2013-12-23,CA_1,CA,HOUSEHOLD,44,12
2013-12-23,CA_2,CA,FOODS,97,15
2013-12-23,CA_2,CA,HOBBIES,109,15
2013-12-23,CA_2,CA,HOUSEHOLD,82,12
2013-12-23,CA_3,CA,FOODS,218,15
2013-12-23,CA_3,CA,HOBBIES,167,15
2013-12-23,CA_3,CA,HOUSEHOLD,112,12
2013-12-23,TX_1,TX,FOODS,119,15
2013-12-23,TX_1,TX,HOBBIES,43,15
2013-12-23,TX_1,TX,HOUSEHOLD,30,12
2013-12-23,TX_2,TX,FOODS,184,15
2013-12-23,TX_2,TX,HOBBIES,65,15
2013-12-23,TX_2,TX,HOUSEHOLD,40,12
2013-12-23,WI_1,WI,FOODS,233,15
2013-12-23,WI_1,WI,HOBBIES,83,15
2013-12-23,WI_1,WI,HOUSEHOLD,31,12
2013-12-23,WI_2,WI,FOODS,207,15
2013-12-23,WI_2,WI,HOBBIES,48,15
2013-12-23,WI_2,WI,HOUSEHOLD,41,12
2013-12-30,CA_1,CA,FOODS,278,15
2013-12-30,CA_1,CA,HOBBIES,158,15
2013-12-30,CA_1,CA,HOUSEHOLD,52,12
2013-12-30,CA_2,CA,FOODS,101,15
2013-12-30,CA_2,CA,HOBBIES,78,15
2013-12-30,CA_2,CA,HOUSEHOLD,65,12
2013-12-30,CA_3,CA,FOODS,297,15
2013-12-30,CA_3,CA,HOBBIES,265,15
2013-12-30,CA_3,CA,HOUSEHOLD,145,12
2013-12-30,TX_1,TX,FOODS,145,15
2013-12-30,TX_1,TX,HOBBIES,61,15
2013-12-30,TX_1,TX,HOUSEHOLD,30,12
2013-12-30,TX_2,TX,FOODS,189,15
2013-12-30,TX_2,TX,HOBBIES,117,15
2013-12-30,TX_2,TX,HOUSEHOLD,35,12
2013-12-30,WI_1,WI,FOODS,277,15
2013-12-30,WI_1,WI,HOBBIES,83,15
2013-12-30,WI_1,WI,HOUSEHOLD,29,12
2013-12-30,WI_2,WI,FOODS,236,15
2013-12-30,WI_2,WI,HOBBIES,38,15
2013-12-30,WI_2,WI,HOUSEHOLD,61,12
2014-01-06,CA_1,CA,FOODS,293,15
2014-01-06,CA_1,CA,HOBBIES,155,15
2014-01-06,CA_1,CA,HOUSEHOLD,31,12
2014-01-06,CA_2,CA,FOODS,105,15
2014-01-06,CA_2,CA,HOBBIES,102,15
2014-01-06,CA_2,CA,HOUSEHOLD,84,12
2014-01-06,CA_3,CA,FOODS,296,15
2014-01-06,CA_3,CA,HOBBIES,222,15
2014-01-06,CA_3,CA,HOUSEHOLD,132,12
2014-01-06,TX_1,TX,FOODS,134,15
2014-01-06,TX_1,TX,HOBBIES,54,15
2014-01-06,TX_1,TX,HOUSEHOLD,40,12
2014-01-06,TX_2,TX,FOODS,193,15
2014-01-06,TX_2,TX,HOBBIES,82,15
2014-01-06,TX_2,TX,HOUSEHOLD,34,12
2014-01-06,WI_1,WI,FOODS,202,15
2014-01-06,WI_1,WI,HOBBIES,68,15
2014-01-06,WI_1,WI,HOUSEHOLD,39,12
2014-01-06,WI_2,WI,FOODS,296,15
2014-01-06,WI_2,WI,HOBBIES,56,15
2014-01-06,WI_2,WI,HOUSEHOLD,53,12
2014-01-13,CA_1,CA,FOODS,275,15
2014-01-13,CA_1,CA,HOBBIES,116,15
2014-01-13,CA_1,CA,HOUSEHOLD,30,12
2014-01-13,CA_2,CA,FOODS,155,15
2014-01-13,CA_2,CA,HOBBIES,179,15
2014-01-13,CA_2,CA,HOUSEHOLD,88,12
2014-01-13,CA_3,CA,FOODS,293,15
2014-01-13,CA_3,CA,HOBBIES,303,15
2014-01-13,CA_3,CA,HOUSEHOLD,86,12
2014-01-13,TX_1,TX,FOODS,136,15
2014-01-13,TX_1,TX,HOBBIES,67,15
2014-01-13,TX_1,TX,HOUSEHOLD,41,12
2014-01-13,TX_2,TX,FOODS,217,15
2014-01-13,TX_2,TX,HOBBIES,58,15
2014-01-13,TX_2,TX,HOUSEHOLD,51,12
2014-01-13,WI_1,WI,FOODS,205,15
2014-01-13,WI_1,WI,HOBBIES,94,15
2014-01-13,WI_1,WI,HOUSEHOLD,34,12
2014-01-13,WI_2,WI,FOODS,335,15
2014-01-13,WI_2,WI,HOBBIES,61,15
2014-01-13,WI_2,WI,HOUSEHOLD,65,12
2014-01-20,CA_1,CA,FOODS,247,15
2014-01-20,CA_1,CA,HOBBIES,98,15
2014-01-20,CA_1,CA,HOUSEHOLD,50,12
2014-01-20,CA_2,CA,FOODS,156,15
2014-01-20,CA_2,CA,HOBBIES,106,15
2014-01-20,CA_2,CA,HOUSEHOLD,81,12
2014-01-20,CA_3,CA,FOODS,304,15
2014-01-20,CA_3,CA,HOBBIES,233,15
2014-01-20,CA_3,CA,HOUSEHOLD,134,12
2014-01-20,TX_1,TX,FOODS,143,15
2014-01-20,TX_1,TX,HOBBIES,63,15
2014-01-20,TX_1,TX,HOUSEHOLD,48,12
2014-01-20,TX_2,TX,FOODS,175,15
2014-01-20,TX_2,TX,HOBBIES,90,15
2014-01-20,TX_2,TX,HOUSEHOLD,45,12
2014-01-20,WI_1,WI,FOODS,236,15
2014-01-20,WI_1,WI,HOBBIES,50,15
2014-01-20,WI_1,WI,HOUSEHOLD,36,12
2014-01-20,WI_2,WI,FOODS,285,15
2014-01-20,WI_2,WI,HOBBIES,40,15
2014-01-20,WI_2,WI,HOUSEHOLD,49,12
2014-01-27,CA_1,CA,FOODS,258,15
2014-01-27,CA_1,CA,HOBBIES,162,15
2014-01-27,CA_1,CA,HOUSEHOLD,55,12
2014-01-27,CA_2,CA,FOODS,171,15
2014-01-27,CA_2,CA,HOBBIES,168,15
2014-01-27,CA_2,CA,HOUSEHOLD,79,12
2014-01-27,CA_3,CA,FOODS,297,15
2014-01-27,CA_3,CA,HOBBIES,224,15
2014-01-27,CA_3,CA,HOUSEHOLD,105,12
2014-01-27,TX_1,TX,FOODS,143,15
2014-01-27,TX_1,TX,HOBBIES,61,15
2014-01-27,TX_1,TX,HOUSEHOLD,40,12
2014-01-27,TX_2,TX,FOODS,183,15
2014-01-27,TX_2,TX,HOBBIES,106,15
2014-01-27,TX_2,TX,HOUSEHOLD,41,12
2014-01-27,WI_1,WI,FOODS,236,15
2014-01-27,WI_1,WI,HOBBIES,77,15
2014-01-27,WI_1,WI,HOUSEHOLD,32,12
2014-01-27,WI_2,WI,FOODS,293,15
2014-01-27,WI_2,WI,HOBBIES,55,15
2014-01-27,WI_2,WI,HOUSEHOLD,63,12
2014-02-03,CA_1,CA,FOODS,359,15
2014-02-03,CA_1,CA,HOBBIES,148,15
2014-02-03,CA_1,CA,HOUSEHOLD,68,12
2014-02-03,CA_2,CA,FOODS,157,15
2014-02-03,CA_2,CA,HOBBIES,128,15
2014-02-03,CA_2,CA,HOUSEHOLD,83,12
2014-02-03,CA_3,CA,FOODS,349,15
2014-02-03,CA_3,CA,HOBBIES,294,15
2014-02-03,CA_3,CA,HOUSEHOLD,135,12
2014-02-03,TX_1,TX,FOODS,171,15
2014-02-03,TX_1,TX,HOBBIES,60,15
2014-02-03,TX_1,TX,HOUSEHOLD,39,12
2014-02-03,TX_2,TX,FOODS,209,15
2014-02-03,TX_2,TX,HOBBIES,54,15
2014-02-03,TX_2,TX,HOUSEHOLD,56,12
2014-02-03,WI_1,WI,FOODS,242,15
2014-02-03,WI_1,WI,HOBBIES,67,15
2014-02-03,WI_1,WI,HOUSEHOLD,30,12
2014-02-03,WI_2,WI,FOODS,368,15
2014-02-03,WI_2,WI,HOBBIES,63,15
2014-02-03,WI_2,WI,HOUSEHOLD,69,12
2014-02-10,CA_1,CA,FOODS,366,15
2014-02-10,CA_1,CA,HOBBIES,156,15
2014-02-10,CA_1,CA,HOUSEHOLD,52,12
2014-02-10,CA_2,CA,FOODS,226,15
2014-02-10,CA_2,CA,HOBBIES,146,15
2014-02-10,CA_2,CA,HOUSEHOLD,88,12
2014-02-10,CA_3,CA,FOODS,432,15
2014-02-10,CA_3,CA,HOBBIES,179,15
2014-02-10,CA_3,CA,HOUSEHOLD,120,12
2014-02-10,TX_1,TX,FOODS,120,15
2014-02-10,TX_1,TX,HOBBIES,105,15
2014-02-10,TX_1,TX,HOUSEHOLD,44,12
2014-02-10,TX_2,TX,FOODS,225,15
2014-02-10,TX_2,TX,HOBBIES,82,15
2014-02-10,TX_2,TX,HOUSEHOLD,49,12
2014-02-10,WI_1,WI,FOODS,250,15
2014-02-10,WI_1,WI,HOBBIES,82,15
2014-02-10,WI_1,WI,HOUSEHOLD,37,12
2014-02-10,WI_2,WI,FOODS,422,15
2014-02-10,WI_2,WI,HOBBIES,75,15
2014-02-10,WI_2,WI,HOUSEHOLD,92,12
2014-02-17,CA_1,CA,FOODS,291,15
2014-02-17,CA_1,CA,HOBBIES,117,15
2014-02-17,CA_1,CA,HOUSEHOLD,36,12
2014-02-17,CA_2,CA,FOODS,240,15
2014-02-17,CA_2,CA,HOBBIES,92,15
2014-02-17,CA_2,CA,HOUSEHOLD,90,12
2014-02-17,CA_3,CA,FOODS,370,15
2014-02-17,CA_3,CA,HOBBIES,247,15
2014-02-17,CA_3,CA,HOUSEHOLD,75,12
2014-02-17,TX_1,TX,FOODS,127,15
2014-02-17,TX_1,TX,HOBBIES,61,15
2014-02-17,TX_1,TX,HOUSEHOLD,46,12
2014-02-17,TX_2,TX,FOODS,236,15
2014-02-17,TX_2,TX,HOBBIES,116,15
2014-02-17,TX_2,TX,HOUSEHOLD,48,12
2014-02-17,WI_1,WI,FOODS,250,15
2014-02-17,WI_1,WI,HOBBIES,100,15
2014-02-17,WI_1,WI,HOUSEHOLD,35,12
2014-02-17,WI_2,WI,FOODS,311,15
2014-02-17,WI_2,WI,HOBBIES,78,15
2014-02-17,WI_2,WI,HOUSEHOLD,60,12
2014-02-24,CA_1,CA,FOODS,283,15
2014-02-24,CA_1,CA,HOBBIES,72,15
2014-02-24,CA_1,CA,HOUSEHOLD,35,12
2014-02-24,CA_2,CA,FOODS,202,15
2014-02-24,CA_2,CA,HOBBIES,159,15
2014-02-24,CA_2,CA,HOUSEHOLD,90,12
2014-02-24,CA_3,CA,FOODS,327,15
2014-02-24,CA_3,CA,HOBBIES,219,15
2014-02-24,CA_3,CA,HOUSEHOLD,116,12
2014-02-24,TX_1,TX,FOODS,141,15
2014-02-24,TX_1,TX,HOBBIES,97,15
2014-02-24,TX_1,TX,HOUSEHOLD,66,12
2014-02-24,TX_2,TX,FOODS,209,15
2014-02-24,TX_2,TX,HOBBIES,130,15
2014-02-24,TX_2,TX,HOUSEHOLD,40,12
2014-02-24,WI_1,WI,FOODS,260,15
2014-02-24,WI_1,WI,HOBBIES,108,15
2014-02-24,WI_1,WI,HOUSEHOLD,43,12
2014-02-24,WI_2,WI,FOODS,314,15
2014-02-24,WI_2,WI,HOBBIES,54,15
2014-02-24,WI_2,WI,HOUSEHOLD,78,12
2014-03-03,CA_1,CA,FOODS,272,15
2014-03-03,CA_1,CA,HOBBIES,168,15
2014-03-03,CA_1,CA,HOUSEHOLD,51,12
2014-03-03,CA_2,CA,FOODS,178,15
2014-03-03,CA_2,CA,HOBBIES,135,15
2014-03-03,CA_2,CA,HOUSEHOLD,65,12
2014-03-03,CA_3,CA,FOODS,340,15
2014-03-03,CA_3,CA,HOBBIES,266,15
2014-03-03,CA_3,CA,HOUSEHOLD,93,12
2014-03-03,TX_1,TX,FOODS,150,15
2014-03-03,TX_1,TX,HOBBIES,68,15
2014-03-03,TX_1,TX,HOUSEHOLD,80,12
2014-03-03,TX_2,TX,FOODS,204,15
2014-03-03,TX_2,TX,HOBBIES,91,15
2014-03-03,TX_2,TX,HOUSEHOLD,106,12
2014-03-03,WI_1,WI,FOODS,243,15
2014-03-03,WI_1,WI,HOBBIES,119,15
2014-03-03,WI_1,WI,HOUSEHOLD,115,12
2014-03-03,WI_2,WI,FOODS,413,15
2014-03-03,WI_2,WI,HOBBIES,70,15
2014-03-03,WI_2,WI,HOUSEHOLD,115,12
2014-03-10,CA_1,CA,FOODS,334,15
2014-03-10,CA_1,CA,HOBBIES,138,15
2014-03-10,CA_1,CA,HOUSEHOLD,57,12
2014-03-10,CA_2,CA,FOODS,173,15
2014-03-10,CA_2,CA,HOBBIES,156,15
2014-03-10,CA_2,CA,HOUSEHOLD,85,12
2014-03-10,CA_3,CA,FOODS,415,15
2014-03-10,CA_3,CA,HOBBIES,274,15
2014-03-10,CA_3,CA,HOUSEHOLD,262,12
2014-03-10,TX_1,TX,FOODS,149,15
2014-03-10,TX_1,TX,HOBBIES,93,15
2014-03-10,TX_1,TX,HOUSEHOLD,149,12
2014-03-10,TX_2,TX,FOODS,224,15
2014-03-10,TX_2,TX,HOBBIES,82,15
2014-03-10,TX_2,TX,HOUSEHOLD,137,12
2014-03-10,WI_1,WI,FOODS,223,15
2014-03-10,WI_1,WI,HOBBIES,117,15
2014-03-10,WI_1,WI,HOUSEHOLD,126,12
2014-03-10,WI_2,WI,FOODS,347,15
2014-03-10,WI_2,WI,HOBBIES,69,15
2014-03-10,WI_2,WI,HOUSEHOLD,101,12
2014-03-17,CA_1,CA,FOODS,252,15
2014-03-17,CA_1,CA,HOBBIES,185,15
2014-03-17,CA_1,CA,HOUSEHOLD,81,12
2014-03-17,CA_2,CA,FOODS,190,15
2014-03-17,CA_2,CA,HOBBIES,78,15
2014-03-17,CA_2,CA,HOUSEHOLD,116,12
2014-03-17,CA_3,CA,FOODS,295,15
2014-03-17,CA_3,CA,HOBBIES,182,15
2014-03-17,CA_3,CA,HOUSEHOLD,134,12
2014-03-17,TX_1,TX,FOODS,101,15
2014-03-17,TX_1,TX,HOBBIES,105,15
2014-03-17,TX_1,TX,HOUSEHOLD,92,12
2014-03-17,TX_2,TX,FOODS,222,15
2014-03-17,TX_2,TX,HOBBIES,96,15
2014-03-17,TX_2,TX,HOUSEHOLD,79,12
2014-03-17,WI_1,WI,FOODS,225,15
2014-03-17,WI_1,WI,HOBBIES,84,15
2014-03-17,WI_1,WI,HOUSEHOLD,76,12
2014-03-17,WI_2,WI,FOODS,241,15
2014-03-17,WI_2,WI,HOBBIES,84,15
2014-03-17,WI_2,WI,HOUSEHOLD,76,12
2014-03-24,CA_1,CA,FOODS,289,15
2014-03-24,CA_1,CA,HOBBIES,140,15
2014-03-24,CA_1,CA,HOUSEHOLD,62,12
2014-03-24,CA_2,CA,FOODS,161,15
2014-03-24,CA_2,CA,HOBBIES,109,15
2014-03-24,CA_2,CA,HOUSEHOLD,119,12
2014-03-24,CA_3,CA,FOODS,337,15
2014-03-24,CA_3,CA,HOBBIES,184,15
2014-03-24,CA_3,CA,HOUSEHOLD,110,12
2014-03-24,TX_1,TX,FOODS,107,15
2014-03-24,TX_1,TX,HOBBIES,87,15
2014-03-24,TX_1,TX,HOUSEHOLD,76,12
2014-03-24,TX_2,TX,FOODS,207,15
2014-03-24,TX_2,TX,HOBBIES,116,15
2014-03-24,TX_2,TX,HOUSEHOLD,71,12
2014-03-24,WI_1,WI,FOODS,229,15
2014-03-24,WI_1,WI,HOBBIES,76,15
2014-03-24,WI_1,WI,HOUSEHOLD,57,12
2014-03-24,WI_2,WI,FOODS,250,15
2014-03-24,WI_2,WI,HOBBIES,63,15
2014-03-24,WI_2,WI,HOUSEHOLD,53,12
2014-03-31,CA_1,CA,FOODS,336,15
2014-03-31,CA_1,CA,HOBBIES,151,15
2014-03-31,CA_1,CA,HOUSEHOLD,92,12
2014-03-31,CA_2,CA,FOODS,170,15
2014-03-31,CA_2,CA,HOBBIES,111,15
2014-03-31,CA_2,CA,HOUSEHOLD,148,12
2014-03-31,CA_3,CA,FOODS,448,15
2014-03-31,CA_3,CA,HOBBIES,219,15
2014-03-31,CA_3,CA,HOUSEHOLD,94,12
2014-03-31,TX_1,TX,FOODS,109,15
2014-03-31,TX_1,TX,HOBBIES,69,15
2014-03-31,TX_1,TX,HOUSEHOLD,48,12
2014-03-31,TX_2,TX,FOODS,245,15
2014-03-31,TX_2,TX,HOBBIES,128,15
2014-03-31,TX_2,TX,HOUSEHOLD,51,12
2014-03-31,WI_1,WI,FOODS,273,15
2014-03-31,WI_1,WI,HOBBIES,109,15
2014-03-31,WI_1,WI,HOUSEHOLD,57,12
2014-03-31,WI_2,WI,FOODS,336,15
2014-03-31,WI_2,WI,HOBBIES,70,15
2014-03-31,WI_2,WI,HOUSEHOLD,91,12
2014-04-07,CA_1,CA,FOODS,358,15
2014-04-07,CA_1,CA,HOBBIES,176,15
2014-04-07,CA_1,CA,HOUSEHOLD,65,12
2014-04-07,CA_2,CA,FOODS,175,15
2014-04-07,CA_2,CA,HOBBIES,90,15
2014-04-07,CA_2,CA,HOUSEHOLD,70,12
2014-04-07,CA_3,CA,FOODS,444,15
2014-04-07,CA_3,CA,HOBBIES,199,15
2014-04-07,CA_3,CA,HOUSEHOLD,129,12
2014-04-07,TX_1,TX,FOODS,100,15
2014-04-07,TX_1,TX,HOBBIES,103,15
2014-04-07,TX_1,TX,HOUSEHOLD,44,12
2014-04-07,TX_2,TX,FOODS,234,15
2014-04-07,TX_2,TX,HOBBIES,122,15
2014-04-07,TX_2,TX,HOUSEHOLD,47,12
2014-04-07,WI_1,WI,FOODS,300,15
2014-04-07,WI_1,WI,HOBBIES,107,15
2014-04-07,WI_1,WI,HOUSEHOLD,37,12
2014-04-07,WI_2,WI,FOODS,335,15
2014-04-07,WI_2,WI,HOBBIES,66,15
2014-04-07,WI_2,WI,HOUSEHOLD,51,12
2014-04-14,CA_1,CA,FOODS,397,15
2014-04-14,CA_1,CA,HOBBIES,125,15
2014-04-14,CA_1,CA,HOUSEHOLD,46,12
2014-04-14,CA_2,CA,FOODS,171,15
2014-04-14,CA_2,CA,HOBBIES,106,15
2014-04-14,CA_2,CA,HOUSEHOLD,63,12
2014-04-14,CA_3,CA,FOODS,421,15
2014-04-14,CA_3,CA,HOBBIES,224,15
2014-04-14,CA_3,CA,HOUSEHOLD,82,12
2014-04-14,TX_1,TX,FOODS,128,15
2014-04-14,TX_1,TX,HOBBIES,62,15
2014-04-14,TX_1,TX,HOUSEHOLD,42,12
2014-04-14,TX_2,TX,FOODS,247,15
2014-04-14,TX_2,TX,HOBBIES,137,15
2014-04-14,TX_2,TX,HOUSEHOLD,30,12
2014-04-14,WI_1,WI,FOODS,334,15
2014-04-14,WI_1,WI,HOBBIES,86,15
2014-04-14,WI_1,WI,HOUSEHOLD,38,12
2014-04-14,WI_2,WI,FOODS,291,15
2014-04-14,WI_2,WI,HOBBIES,56,15
2014-04-14,WI_2,WI,HOUSEHOLD,46,12
2014-04-21,CA_1,CA,FOODS,325,15
2014-04-21,CA_1,CA,HOBBIES,193,15
2014-04-21,CA_1,CA,HOUSEHOLD,55,12
2014-04-21,CA_2,CA,FOODS,174,15
2014-04-21,CA_2,CA,HOBBIES,112,15
2014-04-21,CA_2,CA,HOUSEHOLD,81,12
2014-04-21,CA_3,CA,FOODS,521,15
2014-04-21,CA_3,CA,HOBBIES,225,15
2014-04-21,CA_3,CA,HOUSEHOLD,102,12
2014-04-21,TX_1,TX,FOODS,120,15
2014-04-21,TX_1,TX,HOBBIES,59,15
2014-04-21,TX_1,TX,HOUSEHOLD,60,12
2014-04-21,TX_2,TX,FOODS,206,15
2014-04-21,TX_2,TX,HOBBIES,104,15
2014-04-21,TX_2,TX,HOUSEHOLD,43,12
2014-04-21,WI_1,WI,FOODS,285,15
2014-04-21,WI_1,WI,HOBBIES,117,15
2014-04-21,WI_1,WI,HOUSEHOLD,38,12
2014-04-21,WI_2,WI,FOODS,249,15
2014-04-21,WI_2,WI,HOBBIES,87,15
2014-04-21,WI_2,WI,HOUSEHOLD,50,12
2014-04-28,CA_1,CA,FOODS,344,15
2014-04-28,CA_1,CA,HOBBIES,153,15
2014-04-28,CA_1,CA,HOUSEHOLD,49,12
2014-04-28,CA_2,CA,FOODS,188,15
2014-04-28,CA_2,CA,HOBBIES,129,15
2014-04-28,CA_2,CA,HOUSEHOLD,78,12
2014-04-28,CA_3,CA,FOODS,431,15
2014-04-28,CA_3,CA,HOBBIES,228,15
2014-04-28,CA_3,CA,HOUSEHOLD,107,12
2014-04-28,TX_1,TX,FOODS,137,15
2014-04-28,TX_1,TX,HOBBIES,54,15
2014-04-28,TX_1,TX,HOUSEHOLD,47,12
2014-04-28,TX_2,TX,FOODS,229,15
2014-04-28,TX_2,TX,HOBBIES,114,15
2014-04-28,TX_2,TX,HOUSEHOLD,45,12
2014-04-28,WI_1,WI,FOODS,285,15
2014-04-28,WI_1,WI,HOBBIES,102,15
2014-04-28,WI_1,WI,HOUSEHOLD,48,12
2014-04-28,WI_2,WI,FOODS,324,15
2014-04-28,WI_2,WI,HOBBIES,69,15
2014-04-28,WI_2,WI,HOUSEHOLD,56,12
2014-05-05,CA_1,CA,FOODS,248,15
2014-05-05,CA_1,CA,HOBBIES,184,15
2014-05-05,CA_1,CA,HOUSEHOLD,49,12
2014-05-05,CA_2,CA,FOODS,198,15
2014-05-05,CA_2,CA,HOBBIES,99,15
2014-05-05,CA_2,CA,HOUSEHOLD,68,12
2014-05-05,CA_3,CA,FOODS,444,15
2014-05-05,CA_3,CA,HOBBIES,206,15
2014-05-05,CA_3,CA,HOUSEHOLD,116,12
2014-05-05,TX_1,TX,FOODS,162,15
2014-05-05,TX_1,TX,HOBBIES,58,15
2014-05-05,TX_1,TX,HOUSEHOLD,35,12
2014-05-05,TX_2,TX,FOODS,224,15
2014-05-05,TX_2,TX,HOBBIES,98,15
2014-05-05,TX_2,TX,HOUSEHOLD,29,12
2014-05-05,WI_1,WI,FOODS,314,15
2014-05-05,WI_1,WI,HOBBIES,86,15
2014-05-05,WI_1,WI,HOUSEHOLD,35,12
2014-05-05,WI_2,WI,FOODS,329,15
2014-05-05,WI_2,WI,HOBBIES,83,15
2014-05-05,WI_2,WI,HOUSEHOLD,52,12
2014-05-12,CA_1,CA,FOODS,361,15
2014-05-12,CA_1,CA,HOBBIES,176,15
2014-05-12,CA_1,CA,HOUSEHOLD,47,12
2014-05-12,CA_2,CA,FOODS,215,15
2014-05-12,CA_2,CA,HOBBIES,135,15
2014-05-12,CA_2,CA,HOUSEHOLD,73,12
2014-05-12,CA_3,CA,FOODS,491,15
2014-05-12,CA_3,CA,HOBBIES,202,15
2014-05-12,CA_3,CA,HOUSEHOLD,104,12
2014-05-12,TX_1,TX,FOODS,145,15
2014-05-12,TX_1,TX,HOBBIES,83,15
2014-05-12,TX_1,TX,HOUSEHOLD,51,12
2014-05-12,TX_2,TX,FOODS,244,15
2014-05-12,TX_2,TX,HOBBIES,142,15
2014-05-12,TX_2,TX,HOUSEHOLD,28,12
2014-05-12,WI_1,WI,FOODS,330,15
2014-05-12,WI_1,WI,HOBBIES,67,15
2014-05-12,WI_1,WI,HOUSEHOLD,43,12
2014-05-12,WI_2,WI,FOODS,301,15
2014-05-12,WI_2,WI,HOBBIES,56,15
2014-05-12,WI_2,WI,HOUSEHOLD,59,12
2014-05-19,CA_1,CA,FOODS,325,15
2014-05-19,CA_1,CA,HOBBIES,155,15
2014-05-19,CA_1,CA,HOUSEHOLD,53,12
2014-05-19,CA_2,CA,FOODS,183,15
2014-05-19,CA_2,CA,HOBBIES,139,15
2014-05-19,CA_2,CA,HOUSEHOLD,69,12
2014-05-19,CA_3,CA,FOODS,393,15
2014-05-19,CA_3,CA,HOBBIES,195,15
2014-05-19,CA_3,CA,HOUSEHOLD,142,12
2014-05-19,TX_1,TX,FOODS,143,15
2014-05-19,TX_1,TX,HOBBIES,95,15
2014-05-19,TX_1,TX,HOUSEHOLD,63,12
2014-05-19,TX_2,TX,FOODS,230,15
2014-05-19,TX_2,TX,HOBBIES,92,15
2014-05-19,TX_2,TX,HOUSEHOLD,49,12
2014-05-19,WI_1,WI,FOODS,304,15
2014-05-19,WI_1,WI,HOBBIES,72,15
2014-05-19,WI_1,WI,HOUSEHOLD,39,12
2014-05-19,WI_2,WI,FOODS,271,15
2014-05-19,WI_2,WI,HOBBIES,72,15
2014-05-19,WI_2,WI,HOUSEHOLD,80,12
2014-05-26,CA_1,CA,FOODS,360,15
2014-05-26,CA_1,CA,HOBBIES,164,15
2014-05-26,CA_1,CA,HOUSEHOLD,55,12
2014-05-26,CA_2,CA,FOODS,202,15
2014-05-26,CA_2,CA,HOBBIES,85,15
2014-05-26,CA_2,CA,HOUSEHOLD,77,12
2014-05-26,CA_3,CA,FOODS,506,15
2014-05-26,CA_3,CA,HOBBIES,220,15
2014-05-26,CA_3,CA,HOUSEHOLD,175,12
2014-05-26,TX_1,TX,FOODS,105,15
2014-05-26,TX_1,TX,HOBBIES,65,15
2014-05-26,TX_1,TX,HOUSEHOLD,49,12
2014-05-26,TX_2,TX,FOODS,239,15
2014-05-26,TX_2,TX,HOBBIES,91,15
2014-05-26,TX_2,TX,HOUSEHOLD,48,12
2014-05-26,WI_1,WI,FOODS,293,15
2014-05-26,WI_1,WI,HOBBIES,77,15
2014-05-26,WI_1,WI,HOUSEHOLD,53,12
2014-05-26,WI_2,WI,FOODS,224,15
2014-05-26,WI_2,WI,HOBBIES,57,15
2014-05-26,WI_2,WI,HOUSEHOLD,61,12
2014-06-02,CA_1,CA,FOODS,345,15
2014-06-02,CA_1,CA,HOBBIES,159,15
2014-06-02,CA_1,CA,HOUSEHOLD,84,12
2014-06-02,CA_2,CA,FOODS,191,15
2014-06-02,CA_2,CA,HOBBIES,80,15
2014-06-02,CA_2,CA,HOUSEHOLD,64,12
2014-06-02,CA_3,CA,FOODS,538,15
2014-06-02,CA_3,CA,HOBBIES,247,15
2014-06-02,CA_3,CA,HOUSEHOLD,164,12
2014-06-02,TX_1,TX,FOODS,168,15
2014-06-02,TX_1,TX,HOBBIES,91,15
2014-06-02,TX_1,TX,HOUSEHOLD,55,12
2014-06-02,TX_2,TX,FOODS,256,15
2014-06-02,TX_2,TX,HOBBIES,140,15
2014-06-02,TX_2,TX,HOUSEHOLD,42,12
2014-06-02,WI_1,WI,FOODS,255,15
2014-06-02,WI_1,WI,HOBBIES,86,15
2014-06-02,WI_1,WI,HOUSEHOLD,50,12
2014-06-02,WI_2,WI,FOODS,293,15
2014-06-02,WI_2,WI,HOBBIES,70,15
2014-06-02,WI_2,WI,HOUSEHOLD,64,12
2014-06-09,CA_1,CA,FOODS,443,15
2014-06-09,CA_1,CA,HOBBIES,146,15
2014-06-09,CA_1,CA,HOUSEHOLD,66,12
2014-06-09,CA_2,CA,FOODS,176,15
2014-06-09,CA_2,CA,HOBBIES,134,15
2014-06-09,CA_2,CA,HOUSEHOLD,63,12
2014-06-09,CA_3,CA,FOODS,505,15
2014-06-09,CA_3,CA,HOBBIES,188,15
2014-06-09,CA_3,CA,HOUSEHOLD,165,12
2014-06-09,TX_1,TX,FOODS,161,15
2014-06-09,TX_1,TX,HOBBIES,60,15
2014-06-09,TX_1,TX,HOUSEHOLD,45,12
2014-06-09,TX_2,TX,FOODS,201,15
2014-06-09,TX_2,TX,HOBBIES,95,15
2014-06-09,TX_2,TX,HOUSEHOLD,42,12
2014-06-09,WI_1,WI,FOODS,213,15
2014-06-09,WI_1,WI,HOBBIES,68,15
2014-06-09,WI_1,WI,HOUSEHOLD,51,12
2014-06-09,WI_2,WI,FOODS,330,15
2014-06-09,WI_2,WI,HOBBIES,56,15
2014-06-09,WI_2,WI,HOUSEHOLD,80,12
2014-06-16,CA_1,CA,FOODS,361,15
2014-06-16,CA_1,CA,HOBBIES,147,15
2014-06-16,CA_1,CA,HOUSEHOLD,69,12
2014-06-16,CA_2,CA,FOODS,196,15
2014-06-16,CA_2,CA,HOBBIES,84,15
2014-06-16,CA_2,CA,HOUSEHOLD,56,12
2014-06-16,CA_3,CA,FOODS,471,15
2014-06-16,CA_3,CA,HOBBIES,201,15
2014-06-16,CA_3,CA,HOUSEHOLD,158,12
2014-06-16,TX_1,TX,FOODS,152,15
2014-06-16,TX_1,TX,HOBBIES,65,15
2014-06-16,TX_1,TX,HOUSEHOLD,53,12
2014-06-16,TX_2,TX,FOODS,224,15
2014-06-16,TX_2,TX,HOBBIES,122,15
2014-06-16,TX_2,TX,HOUSEHOLD,46,12
2014-06-16,WI_1,WI,FOODS,216,15
2014-06-16,WI_1,WI,HOBBIES,66,15
2014-06-16,WI_1,WI,HOUSEHOLD,58,12
2014-06-16,WI_2,WI,FOODS,246,15
2014-06-16,WI_2,WI,HOBBIES,53,15
2014-06-16,WI_2,WI,HOUSEHOLD,40,12
2014-06-23,CA_1,CA,FOODS,346,15
2014-06-23,CA_1,CA,HOBBIES,146,15
2014-06-23,CA_1,CA,HOUSEHOLD,55,12
2014-06-23,CA_2,CA,FOODS,188,15
2014-06-23,CA_2,CA,HOBBIES,87,15
2014-06-23,CA_2,CA,HOUSEHOLD,58,12
2014-06-23,CA_3,CA,FOODS,404,15
2014-06-23,CA_3,CA,HOBBIES,160,15
2014-06-23,CA_3,CA,HOUSEHOLD,151,12
2014-06-23,TX_1,TX,FOODS,132,15
2014-06-23,TX_1,TX,HOBBIES,79,15
2014-06-23,TX_1,TX,HOUSEHOLD,61,12
2014-06-23,TX_2,TX,FOODS,220,15
2014-06-23,TX_2,TX,HOBBIES,115,15
2014-06-23,TX_2,TX,HOUSEHOLD,50,12
2014-06-23,WI_1,WI,FOODS,240,15
2014-06-23,WI_1,WI,HOBBIES,101,15
2014-06-23,WI_1,WI,HOUSEHOLD,59,12
2014-06-23,WI_2,WI,FOODS,194,15
2014-06-23,WI_2,WI,HOBBIES,59,15
2014-06-23,WI_2,WI,HOUSEHOLD,67,12
2014-06-30,CA_1,CA,FOODS,418,15
2014-06-30,CA_1,CA,HOBBIES,161,15
2014-06-30,CA_1,CA,HOUSEHOLD,70,12
2014-06-30,CA_2,CA,FOODS,238,15
2014-06-30,CA_2,CA,HOBBIES,87,15
2014-06-30,CA_2,CA,HOUSEHOLD,74,12
2014-06-30,CA_3,CA,FOODS,454,15
2014-06-30,CA_3,CA,HOBBIES,255,15
2014-06-30,CA_3,CA,HOUSEHOLD,165,12
2014-06-30,TX_1,TX,FOODS,162,15
2014-06-30,TX_1,TX,HOBBIES,54,15
2014-06-30,TX_1,TX,HOUSEHOLD,59,12
2014-06-30,TX_2,TX,FOODS,209,15
2014-06-30,TX_2,TX,HOBBIES,102,15
2014-06-30,TX_2,TX,HOUSEHOLD,65,12
2014-06-30,WI_1,WI,FOODS,272,15
2014-06-30,WI_1,WI,HOBBIES,106,15
2014-06-30,WI_1,WI,HOUSEHOLD,61,12
2014-06-30,WI_2,WI,FOODS,326,15
2014-06-30,WI_2,WI,HOBBIES,54,15
2014-06-30,WI_2,WI,HOUSEHOLD,87,12
2014-07-07,CA_1,CA,FOODS,351,15
2014-07-07,CA_1,CA,HOBBIES,155,15
2014-07-07,CA_1,CA,HOUSEHOLD,76,12
2014-07-07,CA_2,CA,FOODS,188,15
2014-07-07,CA_2,CA,HOBBIES,79,15
2014-07-07,CA_2,CA,HOUSEHOLD,76,12
2014-07-07,CA_3,CA,FOODS,419,15
2014-07-07,CA_3,CA,HOBBIES,214,15
2014-07-07,CA_3,CA,HOUSEHOLD,177,12
2014-07-07,TX_1,TX,FOODS,130,15
2014-07-07,TX_1,TX,HOBBIES,82,15
2014-07-07,TX_1,TX,HOUSEHOLD,76,12
2014-07-07,TX_2,TX,FOODS,237,15
2014-07-07,TX_2,TX,HOBBIES,65,15
2014-07-07,TX_2,TX,HOUSEHOLD,53,12
2014-07-07,WI_1,WI,FOODS,280,15
2014-07-07,WI_1,WI,HOBBIES,144,15
2014-07-07,WI_1,WI,HOUSEHOLD,52,12
2014-07-07,WI_2,WI,FOODS,344,15
2014-07-07,WI_2,WI,HOBBIES,60,15
2014-07-07,WI_2,WI,HOUSEHOLD,74,12
2014-07-14,CA_1,CA,FOODS,363,15
2014-07-14,CA_1,CA,HOBBIES,153,15
2014-07-14,CA_1,CA,HOUSEHOLD,71,12
2014-07-14,CA_2,CA,FOODS,192,15
2014-07-14,CA_2,CA,HOBBIES,89,15
2014-07-14,CA_2,CA,HOUSEHOLD,63,12
2014-07-14,CA_3,CA,FOODS,441,15
2014-07-14,CA_3,CA,HOBBIES,182,15
2014-07-14,CA_3,CA,HOUSEHOLD,217,12
2014-07-14,TX_1,TX,FOODS,156,15
2014-07-14,TX_1,TX,HOBBIES,49,15
2014-07-14,TX_1,TX,HOUSEHOLD,59,12
2014-07-14,TX_2,TX,FOODS,242,15
2014-07-14,TX_2,TX,HOBBIES,73,15
2014-07-14,TX_2,TX,HOUSEHOLD,52,12
2014-07-14,WI_1,WI,FOODS,266,15
2014-07-14,WI_1,WI,HOBBIES,58,15
2014-07-14,WI_1,WI,HOUSEHOLD,50,12
2014-07-14,WI_2,WI,FOODS,337,15
2014-07-14,WI_2,WI,HOBBIES,39,15
2014-07-14,WI_2,WI,HOUSEHOLD,70,12
2014-07-21,CA_1,CA,FOODS,371,15
2014-07-21,CA_1,CA,HOBBIES,130,15
2014-07-21,CA_1,CA,HOUSEHOLD,80,12
2014-07-21,CA_2,CA,FOODS,148,15
2014-07-21,CA_2,CA,HOBBIES,92,15
2014-07-21,CA_2,CA,HOUSEHOLD,76,12
2014-07-21,CA_3,CA,FOODS,393,15
2014-07-21,CA_3,CA,HOBBIES,168,15
2014-07-21,CA_3,CA,HOUSEHOLD,292,12
2014-07-21,TX_1,TX,FOODS,155,15
2014-07-21,TX_1,TX,HOBBIES,83,15
2014-07-21,TX_1,TX,HOUSEHOLD,41,12
2014-07-21,TX_2,TX,FOODS,226,15
2014-07-21,TX_2,TX,HOBBIES,85,15
2014-07-21,TX_2,TX,HOUSEHOLD,52,12
2014-07-21,WI_1,WI,FOODS,276,15
2014-07-21,WI_1,WI,HOBBIES,125,15
2014-07-21,WI_1,WI,HOUSEHOLD,60,12
2014-07-21,WI_2,WI,FOODS,282,15
2014-07-21,WI_2,WI,HOBBIES,70,15
2014-07-21,WI_2,WI,HOUSEHOLD,69,12
2014-07-28,CA_1,CA,FOODS,318,15
2014-07-28,CA_1,CA,HOBBIES,199,15
2014-07-28,CA_1,CA,HOUSEHOLD,90,12
2014-07-28,CA_2,CA,FOODS,176,15
2014-07-28,CA_2,CA,HOBBIES,125,15
2014-07-28,CA_2,CA,HOUSEHOLD,50,12
2014-07-28,CA_3,CA,FOODS,418,15
2014-07-28,CA_3,CA,HOBBIES,187,15
2014-07-28,CA_3,CA,HOUSEHOLD,344,12
2014-07-28,TX_1,TX,FOODS,180,15
2014-07-28,TX_1,TX,HOBBIES,55,15
2014-07-28,TX_1,TX,HOUSEHOLD,55,12
2014-07-28,TX_2,TX,FOODS,259,15
2014-07-28,TX_2,TX,HOBBIES,118,15
2014-07-28,TX_2,TX,HOUSEHOLD,59,12
2014-07-28,WI_1,WI,FOODS,248,15
2014-07-28,WI_1,WI,HOBBIES,86,15
2014-07-28,WI_1,WI,HOUSEHOLD,51,12
2014-07-28,WI_2,WI,FOODS,270,15
2014-07-28,WI_2,WI,HOBBIES,44,15
2014-07-28,WI_2,WI,HOUSEHOLD,94,12
2014-08-04,CA_1,CA,FOODS,489,15
2014-08-04,CA_1,CA,HOBBIES,133,15
2014-08-04,CA_1,CA,HOUSEHOLD,81,12
2014-08-04,CA_2,CA,FOODS,178,15
2014-08-04,CA_2,CA,HOBBIES,134,15
2014-08-04,CA_2,CA,HOUSEHOLD,55,12
2014-08-04,CA_3,CA,FOODS,548,15
2014-08-04,CA_3,CA,HOBBIES,250,15
2014-08-04,CA_3,CA,HOUSEHOLD,294,12
2014-08-04,TX_1,TX,FOODS,167,15
2014-08-04,TX_1,TX,HOBBIES,49,15
2014-08-04,TX_1,TX,HOUSEHOLD,50,12
2014-08-04,TX_2,TX,FOODS,217,15
2014-08-04,TX_2,TX,HOBBIES,90,15
2014-08-04,TX_2,TX,HOUSEHOLD,55,12
2014-08-04,WI_1,WI,FOODS,275,15
2014-08-04,WI_1,WI,HOBBIES,70,15
2014-08-04,WI_1,WI,HOUSEHOLD,43,12
2014-08-04,WI_2,WI,FOODS,282,15
2014-08-04,WI_2,WI,HOBBIES,44,15
2014-08-04,WI_2,WI,HOUSEHOLD,91,12
2014-08-11,CA_1,CA,FOODS,344,15
2014-08-11,CA_1,CA,HOBBIES,181,15
2014-08-11,CA_1,CA,HOUSEHOLD,79,12
2014-08-11,CA_2,CA,FOODS,138,15
2014-08-11,CA_2,CA,HOBBIES,126,15
2014-08-11,CA_2,CA,HOUSEHOLD,59,12
2014-08-11,CA_3,CA,FOODS,378,15
2014-08-11,CA_3,CA,HOBBIES,227,15
2014-08-11,CA_3,CA,HOUSEHOLD,273,12
2014-08-11,TX_1,TX,FOODS,184,15
2014-08-11,TX_1,TX,HOBBIES,42,15
2014-08-11,TX_1,TX,HOUSEHOLD,64,12
2014-08-11,TX_2,TX,FOODS,243,15
2014-08-11,TX_2,TX,HOBBIES,108,15
2014-08-11,TX_2,TX,HOUSEHOLD,70,12
2014-08-11,WI_1,WI,FOODS,205,15
2014-08-11,WI_1,WI,HOBBIES,83,15
2014-08-11,WI_1,WI,HOUSEHOLD,69,12
2014-08-11,WI_2,WI,FOODS,275,15
2014-08-11,WI_2,WI,HOBBIES,44,15
2014-08-11,WI_2,WI,HOUSEHOLD,123,12
2014-08-18,CA_1,CA,FOODS,387,15
2014-08-18,CA_1,CA,HOBBIES,174,15
2014-08-18,CA_1,CA,HOUSEHOLD,108,12
2014-08-18,CA_2,CA,FOODS,162,15
2014-08-18,CA_2,CA,HOBBIES,168,15
2014-08-18,CA_2,CA,HOUSEHOLD,56,12
2014-08-18,CA_3,CA,FOODS,391,15
2014-08-18,CA_3,CA,HOBBIES,172,15
2014-08-18,CA_3,CA,HOUSEHOLD,245,12
2014-08-18,TX_1,TX,FOODS,190,15
2014-08-18,TX_1,TX,HOBBIES,49,15
2014-08-18,TX_1,TX,HOUSEHOLD,99,12
2014-08-18,TX_2,TX,FOODS,232,15
2014-08-18,TX_2,TX,HOBBIES,124,15
2014-08-18,TX_2,TX,HOUSEHOLD,76,12
2014-08-18,WI_1,WI,FOODS,226,15
2014-08-18,WI_1,WI,HOBBIES,123,15
2014-08-18,WI_1,WI,HOUSEHOLD,78,12
2014-08-18,WI_2,WI,FOODS,221,15
2014-08-18,WI_2,WI,HOBBIES,45,15
2014-08-18,WI_2,WI,HOUSEHOLD,114,12
2014-08-25,CA_1,CA,FOODS,229,15
2014-08-25,CA_1,CA,HOBBIES,166,15
2014-08-25,CA_1,CA,HOUSEHOLD,94,12
2014-08-25,CA_2,CA,FOODS,163,15
2014-08-25,CA_2,CA,HOBBIES,198,15
2014-08-25,CA_2,CA,HOUSEHOLD,72,12
2014-08-25,CA_3,CA,FOODS,260,15
2014-08-25,CA_3,CA,HOBBIES,203,15
2014-08-25,CA_3,CA,HOUSEHOLD,212,12
2014-08-25,TX_1,TX,FOODS,144,15
2014-08-25,TX_1,TX,HOBBIES,79,15
2014-08-25,TX_1,TX,HOUSEHOLD,118,12
2014-08-25,TX_2,TX,FOODS,153,15
2014-08-25,TX_2,TX,HOBBIES,102,15
2014-08-25,TX_2,TX,HOUSEHOLD,70,12
2014-08-25,WI_1,WI,FOODS,182,15
2014-08-25,WI_1,WI,HOBBIES,95,15
2014-08-25,WI_1,WI,HOUSEHOLD,82,12
2014-08-25,WI_2,WI,FOODS,213,15
2014-08-25,WI_2,WI,HOBBIES,64,15
2014-08-25,WI_2,WI,HOUSEHOLD,153,12
2014-09-01,CA_1,CA,FOODS,338,15
2014-09-01,CA_1,CA,HOBBIES,184,15
2014-09-01,CA_1,CA,HOUSEHOLD,94,12
2014-09-01,CA_2,CA,FOODS,161,15
2014-09-01,CA_2,CA,HOBBIES,130,15
2014-09-01,CA_2,CA,HOUSEHOLD,75,12
2014-09-01,CA_3,CA,FOODS,344,15
2014-09-01,CA_3,CA,HOBBIES,177,15
2014-09-01,CA_3,CA,HOUSEHOLD,292,12
2014-09-01,TX_1,TX,FOODS,162,15
2014-09-01,TX_1,TX,HOBBIES,87,15
2014-09-01,TX_1,TX,HOUSEHOLD,71,12
2014-09-01,TX_2,TX,FOODS,213,15
2014-09-01,TX_2,TX,HOBBIES,100,15
2014-09-01,TX_2,TX,HOUSEHOLD,61,12
2014-09-01,WI_1,WI,FOODS,203,15
2014-09-01,WI_1,WI,HOBBIES,92,15
2014-09-01,WI_1,WI,HOUSEHOLD,94,12
2014-09-01,WI_2,WI,FOODS,349,15
2014-09-01,WI_2,WI,HOBBIES,58,15
2014-09-01,WI_2,WI,HOUSEHOLD,106,12
2014-09-08,CA_1,CA,FOODS,410,15
2014-09-08,CA_1,CA,HOBBIES,135,15
2014-09-08,CA_1,CA,HOUSEHOLD,73,12
2014-09-08,CA_2,CA,FOODS,154,15
2014-09-08,CA_2,CA,HOBBIES,152,15
2014-09-08,CA_2,CA,HOUSEHOLD,78,12
2014-09-08,CA_3,CA,FOODS,555,15
2014-09-08,CA_3,CA,HOBBIES,227,15
2014-09-08,CA_3,CA,HOUSEHOLD,201,12
2014-09-08,TX_1,TX,FOODS,165,15
2014-09-08,TX_1,TX,HOBBIES,84,15
2014-09-08,TX_1,TX,HOUSEHOLD,63,12
2014-09-08,TX_2,TX,FOODS,243,15
2014-09-08,TX_2,TX,HOBBIES,97,15
2014-09-08,TX_2,TX,HOUSEHOLD,71,12
2014-09-08,WI_1,WI,FOODS,220,15
2014-09-08,WI_1,WI,HOBBIES,91,15
2014-09-08,WI_1,WI,HOUSEHOLD,78,12
2014-09-08,WI_2,WI,FOODS,344,15
2014-09-08,WI_2,WI,HOBBIES,63,15
2014-09-08,WI_2,WI,HOUSEHOLD,120,12
2014-09-15,CA_1,CA,FOODS,234,15
2014-09-15,CA_1,CA,HOBBIES,164,15
2014-09-15,CA_1,CA,HOUSEHOLD,69,12
2014-09-15,CA_2,CA,FOODS,126,15
2014-09-15,CA_2,CA,HOBBIES,144,15
2014-09-15,CA_2,CA,HOUSEHOLD,78,12
2014-09-15,CA_3,CA,FOODS,224,15
2014-09-15,CA_3,CA,HOBBIES,141,15
2014-09-15,CA_3,CA,HOUSEHOLD,249,12
2014-09-15,TX_1,TX,FOODS,126,15
2014-09-15,TX_1,TX,HOBBIES,65,15
2014-09-15,TX_1,TX,HOUSEHOLD,67,12
2014-09-15,TX_2,TX,FOODS,187,15
2014-09-15,TX_2,TX,HOBBIES,113,15
2014-09-15,TX_2,TX,HOUSEHOLD,82,12
2014-09-15,WI_1,WI,FOODS,165,15
2014-09-15,WI_1,WI,HOBBIES,96,15
2014-09-15,WI_1,WI,HOUSEHOLD,65,12
2014-09-15,WI_2,WI,FOODS,261,15
2014-09-15,WI_2,WI,HOBBIES,51,15
2014-09-15,WI_2,WI,HOUSEHOLD,89,12
2014-09-22,CA_1,CA,FOODS,220,15
2014-09-22,CA_1,CA,HOBBIES,147,15
2014-09-22,CA_1,CA,HOUSEHOLD,73,12
2014-09-22,CA_2,CA,FOODS,112,15
2014-09-22,CA_2,CA,HOBBIES,97,15
2014-09-22,CA_2,CA,HOUSEHOLD,74,12
2014-09-22,CA_3,CA,FOODS,263,15
2014-09-22,CA_3,CA,HOBBIES,189,15
2014-09-22,CA_3,CA,HOUSEHOLD,321,12
2014-09-22,TX_1,TX,FOODS,109,15
2014-09-22,TX_1,TX,HOBBIES,50,15
2014-09-22,TX_1,TX,HOUSEHOLD,85,12
2014-09-22,TX_2,TX,FOODS,155,15
2014-09-22,TX_2,TX,HOBBIES,98,15
2014-09-22,TX_2,TX,HOUSEHOLD,72,12
2014-09-22,WI_1,WI,FOODS,166,15
2014-09-22,WI_1,WI,HOBBIES,133,15
2014-09-22,WI_1,WI,HOUSEHOLD,90,12
2014-09-22,WI_2,WI,FOODS,233,15
2014-09-22,WI_2,WI,HOBBIES,52,15
2014-09-22,WI_2,WI,HOUSEHOLD,99,12
2014-09-29,CA_1,CA,FOODS,314,15
2014-09-29,CA_1,CA,HOBBIES,124,15
2014-09-29,CA_1,CA,HOUSEHOLD,150,12
2014-09-29,CA_2,CA,FOODS,137,15
2014-09-29,CA_2,CA,HOBBIES,104,15
2014-09-29,CA_2,CA,HOUSEHOLD,82,12
2014-09-29,CA_3,CA,FOODS,307,15
2014-09-29,CA_3,CA,HOBBIES,181,15
2014-09-29,CA_3,CA,HOUSEHOLD,363,12
2014-09-29,TX_1,TX,FOODS,125,15
2014-09-29,TX_1,TX,HOBBIES,42,15
2014-09-29,TX_1,TX,HOUSEHOLD,98,12
2014-09-29,TX_2,TX,FOODS,158,15
2014-09-29,TX_2,TX,HOBBIES,101,15
2014-09-29,TX_2,TX,HOUSEHOLD,65,12
2014-09-29,WI_1,WI,FOODS,209,15
2014-09-29,WI_1,WI,HOBBIES,93,15
2014-09-29,WI_1,WI,HOUSEHOLD,78,12
2014-09-29,WI_2,WI,FOODS,280,15
2014-09-29,WI_2,WI,HOBBIES,64,15
2014-09-29,WI_2,WI,HOUSEHOLD,141,12
2014-10-06,CA_1,CA,FOODS,319,15
2014-10-06,CA_1,CA,HOBBIES,127,15
2014-10-06,CA_1,CA,HOUSEHOLD,108,12
2014-10-06,CA_2,CA,FOODS,141,15
2014-10-06,CA_2,CA,HOBBIES,96,15
2014-10-06,CA_2,CA,HOUSEHOLD,86,12
2014-10-06,CA_3,CA,FOODS,362,15
2014-10-06,CA_3,CA,HOBBIES,190,15
2014-10-06,CA_3,CA,HOUSEHOLD,318,12
2014-10-06,TX_1,TX,FOODS,122,15
2014-10-06,TX_1,TX,HOBBIES,75,15
2014-10-06,TX_1,TX,HOUSEHOLD,74,12
2014-10-06,TX_2,TX,FOODS,230,15
2014-10-06,TX_2,TX,HOBBIES,91,15
2014-10-06,TX_2,TX,HOUSEHOLD,93,12
2014-10-06,WI_1,WI,FOODS,208,15
2014-10-06,WI_1,WI,HOBBIES,106,15
2014-10-06,WI_1,WI,HOUSEHOLD,94,12
2014-10-06,WI_2,WI,FOODS,313,15
2014-10-06,WI_2,WI,HOBBIES,59,15
2014-10-06,WI_2,WI,HOUSEHOLD,102,12
2014-10-13,CA_1,CA,FOODS,460,15
2014-10-13,CA_1,CA,HOBBIES,141,15
2014-10-13,CA_1,CA,HOUSEHOLD,111,12
2014-10-13,CA_2,CA,FOODS,134,15
2014-10-13,CA_2,CA,HOBBIES,89,15
2014-10-13,CA_2,CA,HOUSEHOLD,88,12
2014-10-13,CA_3,CA,FOODS,494,15
2014-10-13,CA_3,CA,HOBBIES,165,15
2014-10-13,CA_3,CA,HOUSEHOLD,312,12
2014-10-13,TX_1,TX,FOODS,149,15
2014-10-13,TX_1,TX,HOBBIES,71,15
2014-10-13,TX_1,TX,HOUSEHOLD,60,12
2014-10-13,TX_2,TX,FOODS,238,15
2014-10-13,TX_2,TX,HOBBIES,103,15
2014-10-13,TX_2,TX,HOUSEHOLD,70,12
2014-10-13,WI_1,WI,FOODS,242,15
2014-10-13,WI_1,WI,HOBBIES,102,15
2014-10-13,WI_1,WI,HOUSEHOLD,90,12
2014-10-13,WI_2,WI,FOODS,313,15
2014-10-13,WI_2,WI,HOBBIES,65,15
2014-10-13,WI_2,WI,HOUSEHOLD,86,12
2014-10-20,CA_1,CA,FOODS,469,15
2014-10-20,CA_1,CA,HOBBIES,198,15
2014-10-20,CA_1,CA,HOUSEHOLD,112,12
2014-10-20,CA_2,CA,FOODS,158,15
2014-10-20,CA_2,CA,HOBBIES,51,15
2014-10-20,CA_2,CA,HOUSEHOLD,90,12
2014-10-20,CA_3,CA,FOODS,451,15
2014-10-20,CA_3,CA,HOBBIES,186,15
2014-10-20,CA_3,CA,HOUSEHOLD,261,12
2014-10-20,TX_1,TX,FOODS,126,15
2014-10-20,TX_1,TX,HOBBIES,105,15
2014-10-20,TX_1,TX,HOUSEHOLD,64,12
2014-10-20,TX_2,TX,FOODS,239,15
2014-10-20,TX_2,TX,HOBBIES,129,15
2014-10-20,TX_2,TX,HOUSEHOLD,88,12
2014-10-20,WI_1,WI,FOODS,289,15
2014-10-20,WI_1,WI,HOBBIES,109,15
2014-10-20,WI_1,WI,HOUSEHOLD,64,12
2014-10-20,WI_2,WI,FOODS,316,15
2014-10-20,WI_2,WI,HOBBIES,41,15
2014-10-20,WI_2,WI,HOUSEHOLD,71,12
2014-10-27,CA_1,CA,FOODS,577,15
2014-10-27,CA_1,CA,HOBBIES,175,15
2014-10-27,CA_1,CA,HOUSEHOLD,92,12
2014-10-27,CA_2,CA,FOODS,247,15
2014-10-27,CA_2,CA,HOBBIES,89,15
2014-10-27,CA_2,CA,HOUSEHOLD,91,12
2014-10-27,CA_3,CA,FOODS,396,15
2014-10-27,CA_3,CA,HOBBIES,195,15
2014-10-27,CA_3,CA,HOUSEHOLD,231,12
2014-10-27,TX_1,TX,FOODS,178,15
2014-10-27,TX_1,TX,HOBBIES,86,15
2014-10-27,TX_1,TX,HOUSEHOLD,45,12
2014-10-27,TX_2,TX,FOODS,223,15
2014-10-27,TX_2,TX,HOBBIES,105,15
2014-10-27,TX_2,TX,HOUSEHOLD,64,12
2014-10-27,WI_1,WI,FOODS,264,15
2014-10-27,WI_1,WI,HOBBIES,117,15
2014-10-27,WI_1,WI,HOUSEHOLD,72,12
2014-10-27,WI_2,WI,FOODS,269,15
2014-10-27,WI_2,WI,HOBBIES,59,15
2014-10-27,WI_2,WI,HOUSEHOLD,74,12
2014-11-03,CA_1,CA,FOODS,409,15
2014-11-03,CA_1,CA,HOBBIES,146,15
2014-11-03,CA_1,CA,HOUSEHOLD,120,12
2014-11-03,CA_2,CA,FOODS,235,15
2014-11-03,CA_2,CA,HOBBIES,103,15
2014-11-03,CA_2,CA,HOUSEHOLD,96,12
2014-11-03,CA_3,CA,FOODS,418,15
2014-11-03,CA_3,CA,HOBBIES,300,15
2014-11-03,CA_3,CA,HOUSEHOLD,303,12
2014-11-03,TX_1,TX,FOODS,179,15
2014-11-03,TX_1,TX,HOBBIES,82,15
2014-11-03,TX_1,TX,HOUSEHOLD,91,12
2014-11-03,TX_2,TX,FOODS,202,15
2014-11-03,TX_2,TX,HOBBIES,87,15
2014-11-03,TX_2,TX,HOUSEHOLD,70,12
2014-11-03,WI_1,WI,FOODS,247,15
2014-11-03,WI_1,WI,HOBBIES,85,15
2014-11-03,WI_1,WI,HOUSEHOLD,88,12
2014-11-03,WI_2,WI,FOODS,197,15
2014-11-03,WI_2,WI,HOBBIES,42,15
2014-11-03,WI_2,WI,HOUSEHOLD,98,12
2014-11-10,CA_1,CA,FOODS,380,15
2014-11-10,CA_1,CA,HOBBIES,184,15
2014-11-10,CA_1,CA,HOUSEHOLD,105,12
2014-11-10,CA_2,CA,FOODS,233,15
2014-11-10,CA_2,CA,HOBBIES,102,15
2014-11-10,CA_2,CA,HOUSEHOLD,82,12
2014-11-10,CA_3,CA,FOODS,357,15
2014-11-10,CA_3,CA,HOBBIES,178,15
2014-11-10,CA_3,CA,HOUSEHOLD,248,12
2014-11-10,TX_1,TX,FOODS,177,15
2014-11-10,TX_1,TX,HOBBIES,111,15
2014-11-10,TX_1,TX,HOUSEHOLD,88,12
2014-11-10,TX_2,TX,FOODS,226,15
2014-11-10,TX_2,TX,HOBBIES,72,15
2014-11-10,TX_2,TX,HOUSEHOLD,81,12
2014-11-10,WI_1,WI,FOODS,189,15
2014-11-10,WI_1,WI,HOBBIES,87,15
2014-11-10,WI_1,WI,HOUSEHOLD,86,12
2014-11-10,WI_2,WI,FOODS,210,15
2014-11-10,WI_2,WI,HOBBIES,70,15
2014-11-10,WI_2,WI,HOUSEHOLD,68,12
2014-11-17,CA_1,CA,FOODS,365,15
2014-11-17,CA_1,CA,HOBBIES,137,15
2014-11-17,CA_1,CA,HOUSEHOLD,98,12
2014-11-17,CA_2,CA,FOODS,207,15
2014-11-17,CA_2,CA,HOBBIES,117,15
2014-11-17,CA_2,CA,HOUSEHOLD,74,12
2014-11-17,CA_3,CA,FOODS,389,15
2014-11-17,CA_3,CA,HOBBIES,239,15
2014-11-17,CA_3,CA,HOUSEHOLD,269,12
2014-11-17,TX_1,TX,FOODS,207,15
2014-11-17,TX_1,TX,HOBBIES,91,15
2014-11-17,TX_1,TX,HOUSEHOLD,98,12
2014-11-17,TX_2,TX,FOODS,229,15
2014-11-17,TX_2,TX,HOBBIES,88,15
2014-11-17,TX_2,TX,HOUSEHOLD,74,12
2014-11-17,WI_1,WI,FOODS,271,15
2014-11-17,WI_1,WI,HOBBIES,83,15
2014-11-17,WI_1,WI,HOUSEHOLD,82,12
2014-11-17,WI_2,WI,FOODS,298,15
2014-11-17,WI_2,WI,HOBBIES,54,15
2014-11-17,WI_2,WI,HOUSEHOLD,55,12
2014-11-24,CA_1,CA,FOODS,352,15
2014-11-24,CA_1,CA,HOBBIES,174,15
2014-11-24,CA_1,CA,HOUSEHOLD,84,12
2014-11-24,CA_2,CA,FOODS,241,15
2014-11-24,CA_2,CA,HOBBIES,83,15
2014-11-24,CA_2,CA,HOUSEHOLD,86,12
2014-11-24,CA_3,CA,FOODS,347,15
2014-11-24,CA_3,CA,HOBBIES,207,15
2014-11-24,CA_3,CA,HOUSEHOLD,228,12
2014-11-24,TX_1,TX,FOODS,252,15
2014-11-24,TX_1,TX,HOBBIES,77,15
2014-11-24,TX_1,TX,HOUSEHOLD,70,12
2014-11-24,TX_2,TX,FOODS,320,15
2014-11-24,TX_2,TX,HOBBIES,96,15
2014-11-24,TX_2,TX,HOUSEHOLD,53,12
2014-11-24,WI_1,WI,FOODS,272,15
2014-11-24,WI_1,WI,HOBBIES,72,15
2014-11-24,WI_1,WI,HOUSEHOLD,73,12
2014-11-24,WI_2,WI,FOODS,265,15
2014-11-24,WI_2,WI,HOBBIES,39,15
2014-11-24,WI_2,WI,HOUSEHOLD,87,12
2014-12-01,CA_1,CA,FOODS,421,15
2014-12-01,CA_1,CA,HOBBIES,160,15
2014-12-01,CA_1,CA,HOUSEHOLD,80,12
2014-12-01,CA_2,CA,FOODS,336,15
2014-12-01,CA_2,CA,HOBBIES,139,15
2014-12-01,CA_2,CA,HOUSEHOLD,86,12
2014-12-01,CA_3,CA,FOODS,522,15
2014-12-01,CA_3,CA,HOBBIES,353,15
2014-12-01,CA_3,CA,HOUSEHOLD,248,12
2014-12-01,TX_1,TX,FOODS,314,15
2014-12-01,TX_1,TX,HOBBIES,151,15
2014-12-01,TX_1,TX,HOUSEHOLD,75,12
2014-12-01,TX_2,TX,FOODS,317,15
2014-12-01,TX_2,TX,HOBBIES,113,15
2014-12-01,TX_2,TX,HOUSEHOLD,64,12
2014-12-01,WI_1,WI,FOODS,325,15
2014-12-01,WI_1,WI,HOBBIES,98,15
2014-12-01,WI_1,WI,HOUSEHOLD,75,12
2014-12-01,WI_2,WI,FOODS,432,15
2014-12-01,WI_2,WI,HOBBIES,63,15
2014-12-01,WI_2,WI,HOUSEHOLD,67,12
2014-12-08,CA_1,CA,FOODS,489,15
2014-12-08,CA_1,CA,HOBBIES,183,15
2014-12-08,CA_1,CA,HOUSEHOLD,55,12
2014-12-08,CA_2,CA,FOODS,224,15
2014-12-08,CA_2,CA,HOBBIES,134,15
2014-12-08,CA_2,CA,HOUSEHOLD,55,12
2014-12-08,CA_3,CA,FOODS,461,15
2014-12-08,CA_3,CA,HOBBIES,226,15
2014-12-08,CA_3,CA,HOUSEHOLD,150,12
2014-12-08,TX_1,TX,FOODS,219,15
2014-12-08,TX_1,TX,HOBBIES,115,15
2014-12-08,TX_1,TX,HOUSEHOLD,91,12
2014-12-08,TX_2,TX,FOODS,254,15
2014-12-08,TX_2,TX,HOBBIES,52,15
2014-12-08,TX_2,TX,HOUSEHOLD,56,12
2014-12-08,WI_1,WI,FOODS,314,15
2014-12-08,WI_1,WI,HOBBIES,115,15
2014-12-08,WI_1,WI,HOUSEHOLD,69,12
2014-12-08,WI_2,WI,FOODS,436,15
2014-12-08,WI_2,WI,HOBBIES,65,15
2014-12-08,WI_2,WI,HOUSEHOLD,61,12
2014-12-15,CA_1,CA,FOODS,445,15
2014-12-15,CA_1,CA,HOBBIES,169,15
2014-12-15,CA_1,CA,HOUSEHOLD,44,12
2014-12-15,CA_2,CA,FOODS,233,15
2014-12-15,CA_2,CA,HOBBIES,130,15
2014-12-15,CA_2,CA,HOUSEHOLD,73,12
2014-12-15,CA_3,CA,FOODS,487,15
2014-12-15,CA_3,CA,HOBBIES,266,15
2014-12-15,CA_3,CA,HOUSEHOLD,161,12
2014-12-15,TX_1,TX,FOODS,240,15
2014-12-15,TX_1,TX,HOBBIES,73,15
2014-12-15,TX_1,TX,HOUSEHOLD,93,12
2014-12-15,TX_2,TX,FOODS,288,15
2014-12-15,TX_2,TX,HOBBIES,125,15
2014-12-15,TX_2,TX,HOUSEHOLD,52,12
2014-12-15,WI_1,WI,FOODS,417,15
2014-12-15,WI_1,WI,HOBBIES,129,15
2014-12-15,WI_1,WI,HOUSEHOLD,50,12
2014-12-15,WI_2,WI,FOODS,328,15
2014-12-15,WI_2,WI,HOBBIES,49,15
2014-12-15,WI_2,WI,HOUSEHOLD,62,12
2014-12-22,CA_1,CA,FOODS,339,15
2014-12-22,CA_1,CA,HOBBIES,170,15
2014-12-22,CA_1,CA,HOUSEHOLD,64,12
2014-12-22,CA_2,CA,FOODS,167,15
2014-12-22,CA_2,CA,HOBBIES,83,15
2014-12-22,CA_2,CA,HOUSEHOLD,100,12
2014-12-22,CA_3,CA,FOODS,317,15
2014-12-22,CA_3,CA,HOBBIES,210,15
2014-12-22,CA_3,CA,HOUSEHOLD,190,12
2014-12-22,TX_1,TX,FOODS,148,15
2014-12-22,TX_1,TX,HOBBIES,114,15
2014-12-22,TX_1,TX,HOUSEHOLD,73,12
2014-12-22,TX_2,TX,FOODS,219,15
2014-12-22,TX_2,TX,HOBBIES,129,15
2014-12-22,TX_2,TX,HOUSEHOLD,49,12
2014-12-22,WI_1,WI,FOODS,366,15
2014-12-22,WI_1,WI,HOBBIES,103,15
2014-12-22,WI_1,WI,HOUSEHOLD,48,12
2014-12-22,WI_2,WI,FOODS,237,15
2014-12-22,WI_2,WI,HOBBIES,76,15
2014-12-22,WI_2,WI,HOUSEHOLD,41,12
2014-12-29,CA_1,CA,FOODS,382,15
2014-12-29,CA_1,CA,HOBBIES,197,15
2014-12-29,CA_1,CA,HOUSEHOLD,73,12
2014-12-29,CA_2,CA,FOODS,142,15
2014-12-29,CA_2,CA,HOBBIES,118,15
2014-12-29,CA_2,CA,HOUSEHOLD,92,12
2014-12-29,CA_3,CA,FOODS,357,15
2014-12-29,CA_3,CA,HOBBIES,212,15
2014-12-29,CA_3,CA,HOUSEHOLD,209,12
2014-12-29,TX_1,TX,FOODS,184,15
2014-12-29,TX_1,TX,HOBBIES,77,15
2014-12-29,TX_1,TX,HOUSEHOLD,83,12
2014-12-29,TX_2,TX,FOODS,306,15
2014-12-29,TX_2,TX,HOBBIES,90,15
2014-12-29,TX_2,TX,HOUSEHOLD,63,12
2014-12-29,WI_1,WI,FOODS,328,15
2014-12-29,WI_1,WI,HOBBIES,102,15
2014-12-29,WI_1,WI,HOUSEHOLD,63,12
2014-12-29,WI_2,WI,FOODS,299,15
2014-12-29,WI_2,WI,HOBBIES,79,15
2014-12-29,WI_2,WI,HOUSEHOLD,59,12
2015-01-05,CA_1,CA,FOODS,266,15
2015-01-05,CA_1,CA,HOBBIES,201,15
2015-01-05,CA_1,CA,HOUSEHOLD,81,12
2015-01-05,CA_2,CA,FOODS,194,15
2015-01-05,CA_2,CA,HOBBIES,126,15
2015-01-05,CA_2,CA,HOUSEHOLD,91,12
2015-01-05,CA_3,CA,FOODS,433,15
2015-01-05,CA_3,CA,HOBBIES,206,15
2015-01-05,CA_3,CA,HOUSEHOLD,194,12
2015-01-05,TX_1,TX,FOODS,201,15
2015-01-05,TX_1,TX,HOBBIES,84,15
2015-01-05,TX_1,TX,HOUSEHOLD,90,12
2015-01-05,TX_2,TX,FOODS,263,15
2015-01-05,TX_2,TX,HOBBIES,88,15
2015-01-05,TX_2,TX,HOUSEHOLD,47,12
2015-01-05,WI_1,WI,FOODS,227,15
2015-01-05,WI_1,WI,HOBBIES,91,15
2015-01-05,WI_1,WI,HOUSEHOLD,71,12
2015-01-05,WI_2,WI,FOODS,406,15
2015-01-05,WI_2,WI,HOBBIES,39,15
2015-01-05,WI_2,WI,HOUSEHOLD,45,12
2015-01-12,CA_1,CA,FOODS,320,15
2015-01-12,CA_1,CA,HOBBIES,181,15
2015-01-12,CA_1,CA,HOUSEHOLD,95,12
2015-01-12,CA_2,CA,FOODS,186,15
2015-01-12,CA_2,CA,HOBBIES,120,15
2015-01-12,CA_2,CA,HOUSEHOLD,78,12
2015-01-12,CA_3,CA,FOODS,337,15
2015-01-12,CA_3,CA,HOBBIES,208,15
2015-01-12,CA_3,CA,HOUSEHOLD,210,12
2015-01-12,TX_1,TX,FOODS,186,15
2015-01-12,TX_1,TX,HOBBIES,70,15
2015-01-12,TX_1,TX,HOUSEHOLD,85,12
2015-01-12,TX_2,TX,FOODS,266,15
2015-01-12,TX_2,TX,HOBBIES,86,15
2015-01-12,TX_2,TX,HOUSEHOLD,73,12
2015-01-12,WI_1,WI,FOODS,281,15
2015-01-12,WI_1,WI,HOBBIES,122,15
2015-01-12,WI_1,WI,HOUSEHOLD,95,12
2015-01-12,WI_2,WI,FOODS,363,15
2015-01-12,WI_2,WI,HOBBIES,48,15
2015-01-12,WI_2,WI,HOUSEHOLD,71,12
2015-01-19,CA_1,CA,FOODS,299,15
2015-01-19,CA_1,CA,HOBBIES,159,15
2015-01-19,CA_1,CA,HOUSEHOLD,81,12
2015-01-19,CA_2,CA,FOODS,149,15
2015-01-19,CA_2,CA,HOBBIES,86,15
2015-01-19,CA_2,CA,HOUSEHOLD,79,12
2015-01-19,CA_3,CA,FOODS,357,15
2015-01-19,CA_3,CA,HOBBIES,228,15
2015-01-19,CA_3,CA,HOUSEHOLD,267,12
2015-01-19,TX_1,TX,FOODS,215,15
2015-01-19,TX_1,TX,HOBBIES,112,15
2015-01-19,TX_1,TX,HOUSEHOLD,125,12
2015-01-19,TX_2,TX,FOODS,250,15
2015-01-19,TX_2,TX,HOBBIES,78,15
2015-01-19,TX_2,TX,HOUSEHOLD,77,12
2015-01-19,WI_1,WI,FOODS,219,15
2015-01-19,WI_1,WI,HOBBIES,88,15
2015-01-19,WI_1,WI,HOUSEHOLD,84,12
2015-01-19,WI_2,WI,FOODS,247,15
2015-01-19,WI_2,WI,HOBBIES,61,15
2015-01-19,WI_2,WI,HOUSEHOLD,54,12
2015-01-26,CA_1,CA,FOODS,361,15
2015-01-26,CA_1,CA,HOBBIES,139,15
2015-01-26,CA_1,CA,HOUSEHOLD,99,12
2015-01-26,CA_2,CA,FOODS,193,15
2015-01-26,CA_2,CA,HOBBIES,152,15
2015-01-26,CA_2,CA,HOUSEHOLD,91,12
2015-01-26,CA_3,CA,FOODS,454,15
2015-01-26,CA_3,CA,HOBBIES,272,15
2015-01-26,CA_3,CA,HOUSEHOLD,292,12
2015-01-26,TX_1,TX,FOODS,188,15
2015-01-26,TX_1,TX,HOBBIES,114,15
2015-01-26,TX_1,TX,HOUSEHOLD,132,12
2015-01-26,TX_2,TX,FOODS,307,15
2015-01-26,TX_2,TX,HOBBIES,107,15
2015-01-26,TX_2,TX,HOUSEHOLD,168,12
2015-01-26,WI_1,WI,FOODS,300,15
2015-01-26,WI_1,WI,HOBBIES,117,15
2015-01-26,WI_1,WI,HOUSEHOLD,75,12
2015-01-26,WI_2,WI,FOODS,369,15
2015-01-26,WI_2,WI,HOBBIES,49,15
2015-01-26,WI_2,WI,HOUSEHOLD,84,12
2015-02-02,CA_1,CA,FOODS,377,15
2015-02-02,CA_1,CA,HOBBIES,173,15
2015-02-02,CA_1,CA,HOUSEHOLD,59,12
2015-02-02,CA_2,CA,FOODS,181,15
2015-02-02,CA_2,CA,HOBBIES,114,15
2015-02-02,CA_2,CA,HOUSEHOLD,98,12
2015-02-02,CA_3,CA,FOODS,458,15
2015-02-02,CA_3,CA,HOBBIES,261,15
2015-02-02,CA_3,CA,HOUSEHOLD,300,12
2015-02-02,TX_1,TX,FOODS,169,15
2015-02-02,TX_1,TX,HOBBIES,87,15
2015-02-02,TX_1,TX,HOUSEHOLD,164,12
2015-02-02,TX_2,TX,FOODS,307,15
2015-02-02,TX_2,TX,HOBBIES,105,15
2015-02-02,TX_2,TX,HOUSEHOLD,162,12
2015-02-02,WI_1,WI,FOODS,314,15
2015-02-02,WI_1,WI,HOBBIES,123,15
2015-02-02,WI_1,WI,HOUSEHOLD,82,12
2015-02-02,WI_2,WI,FOODS,357,15
2015-02-02,WI_2,WI,HOBBIES,50,15
2015-02-02,WI_2,WI,HOUSEHOLD,155,12
2015-02-09,CA_1,CA,FOODS,397,15
2015-02-09,CA_1,CA,HOBBIES,141,15
2015-02-09,CA_1,CA,HOUSEHOLD,86,12
2015-02-09,CA_2,CA,FOODS,180,15
2015-02-09,CA_2,CA,HOBBIES,135,15
2015-02-09,CA_2,CA,HOUSEHOLD,100,12
2015-02-09,CA_3,CA,FOODS,578,15
2015-02-09,CA_3,CA,HOBBIES,218,15
2015-02-09,CA_3,CA,HOUSEHOLD,308,12
2015-02-09,TX_1,TX,FOODS,190,15
2015-02-09,TX_1,TX,HOBBIES,126,15
2015-02-09,TX_1,TX,HOUSEHOLD,129,12
2015-02-09,TX_2,TX,FOODS,266,15
2015-02-09,TX_2,TX,HOBBIES,136,15
2015-02-09,TX_2,TX,HOUSEHOLD,125,12
2015-02-09,WI_1,WI,FOODS,304,15
2015-02-09,WI_1,WI,HOBBIES,99,15
2015-02-09,WI_1,WI,HOUSEHOLD,75,12
2015-02-09,WI_2,WI,FOODS,377,15
2015-02-09,WI_2,WI,HOBBIES,45,15
2015-02-09,WI_2,WI,HOUSEHOLD,118,12
2015-02-16,CA_1,CA,FOODS,407,15
2015-02-16,CA_1,CA,HOBBIES,187,15
2015-02-16,CA_1,CA,HOUSEHOLD,79,12
2015-02-16,CA_2,CA,FOODS,158,15
2015-02-16,CA_2,CA,HOBBIES,111,15
2015-02-16,CA_2,CA,HOUSEHOLD,117,12
2015-02-16,CA_3,CA,FOODS,482,15
2015-02-16,CA_3,CA,HOBBIES,193,15
2015-02-16,CA_3,CA,HOUSEHOLD,262,12
2015-02-16,TX_1,TX,FOODS,168,15
2015-02-16,TX_1,TX,HOBBIES,115,15
2015-02-16,TX_1,TX,HOUSEHOLD,213,12
2015-02-16,TX_2,TX,FOODS,225,15
2015-02-16,TX_2,TX,HOBBIES,160,15
2015-02-16,TX_2,TX,HOUSEHOLD,122,12
2015-02-16,WI_1,WI,FOODS,341,15
2015-02-16,WI_1,WI,HOBBIES,99,15
2015-02-16,WI_1,WI,HOUSEHOLD,85,12
2015-02-16,WI_2,WI,FOODS,256,15
2015-02-16,WI_2,WI,HOBBIES,63,15
2015-02-16,WI_2,WI,HOUSEHOLD,65,12
2015-02-23,CA_1,CA,FOODS,339,15
2015-02-23,CA_1,CA,HOBBIES,207,15
2015-02-23,CA_1,CA,HOUSEHOLD,74,12
2015-02-23,CA_2,CA,FOODS,161,15
2015-02-23,CA_2,CA,HOBBIES,93,15
2015-02-23,CA_2,CA,HOUSEHOLD,103,12
2015-02-23,CA_3,CA,FOODS,491,15
2015-02-23,CA_3,CA,HOBBIES,183,15
2015-02-23,CA_3,CA,HOUSEHOLD,221,12
2015-02-23,TX_1,TX,FOODS,196,15
2015-02-23,TX_1,TX,HOBBIES,129,15
2015-02-23,TX_1,TX,HOUSEHOLD,104,12
2015-02-23,TX_2,TX,FOODS,270,15
2015-02-23,TX_2,TX,HOBBIES,135,15
2015-02-23,TX_2,TX,HOUSEHOLD,94,12
2015-02-23,WI_1,WI,FOODS,370,15
2015-02-23,WI_1,WI,HOBBIES,105,15
2015-02-23,WI_1,WI,HOUSEHOLD,90,12
2015-02-23,WI_2,WI,FOODS,222,15
2015-02-23,WI_2,WI,HOBBIES,65,15
2015-02-23,WI_2,WI,HOUSEHOLD,70,12
2015-03-02,CA_1,CA,FOODS,363,15
2015-03-02,CA_1,CA,HOBBIES,174,15
2015-03-02,CA_1,CA,HOUSEHOLD,94,12
2015-03-02,CA_2,CA,FOODS,127,15
2015-03-02,CA_2,CA,HOBBIES,108,15
2015-03-02,CA_2,CA,HOUSEHOLD,127,12
2015-03-02,CA_3,CA,FOODS,457,15
2015-03-02,CA_3,CA,HOBBIES,226,15
2015-03-02,CA_3,CA,HOUSEHOLD,275,12
2015-03-02,TX_1,TX,FOODS,189,15
2015-03-02,TX_1,TX,HOBBIES,160,15
2015-03-02,TX_1,TX,HOUSEHOLD,122,12
2015-03-02,TX_2,TX,FOODS,258,15
2015-03-02,TX_2,TX,HOBBIES,124,15
2015-03-02,TX_2,TX,HOUSEHOLD,91,12
2015-03-02,WI_1,WI,FOODS,369,15
2015-03-02,WI_1,WI,HOBBIES,87,15
2015-03-02,WI_1,WI,HOUSEHOLD,89,12
2015-03-02,WI_2,WI,FOODS,242,15
2015-03-02,WI_2,WI,HOBBIES,65,15
2015-03-02,WI_2,WI,HOUSEHOLD,63,12
2015-03-09,CA_1,CA,FOODS,350,15
2015-03-09,CA_1,CA,HOBBIES,123,15
2015-03-09,CA_1,CA,HOUSEHOLD,82,12
2015-03-09,CA_2,CA,FOODS,144,15
2015-03-09,CA_2,CA,HOBBIES,126,15
2015-03-09,CA_2,CA,HOUSEHOLD,111,12
2015-03-09,CA_3,CA,FOODS,388,15
2015-03-09,CA_3,CA,HOBBIES,232,15
2015-03-09,CA_3,CA,HOUSEHOLD,256,12
2015-03-09,TX_1,TX,FOODS,209,15
2015-03-09,TX_1,TX,HOBBIES,111,15
2015-03-09,TX_1,TX,HOUSEHOLD,168,12
2015-03-09,TX_2,TX,FOODS,225,15
2015-03-09,TX_2,TX,HOBBIES,154,15
2015-03-09,TX_2,TX,HOUSEHOLD,118,12
2015-03-09,WI_1,WI,FOODS,292,15
2015-03-09,WI_1,WI,HOBBIES,89,15
2015-03-09,WI_1,WI,HOUSEHOLD,100,12
2015-03-09,WI_2,WI,FOODS,249,15
2015-03-09,WI_2,WI,HOBBIES,34,15
2015-03-09,WI_2,WI,HOUSEHOLD,158,12
2015-03-16,CA_1,CA,FOODS,340,15
2015-03-16,CA_1,CA,HOBBIES,101,15
2015-03-16,CA_1,CA,HOUSEHOLD,103,12
2015-03-16,CA_2,CA,FOODS,134,15
2015-03-16,CA_2,CA,HOBBIES,98,15
2015-03-16,CA_2,CA,HOUSEHOLD,117,12
2015-03-16,CA_3,CA,FOODS,443,15
2015-03-16,CA_3,CA,HOBBIES,175,15
2015-03-16,CA_3,CA,HOUSEHOLD,275,12
2015-03-16,TX_1,TX,FOODS,181,15
2015-03-16,TX_1,TX,HOBBIES,117,15
2015-03-16,TX_1,TX,HOUSEHOLD,151,12
2015-03-16,TX_2,TX,FOODS,212,15
2015-03-16,TX_2,TX,HOBBIES,118,15
2015-03-16,TX_2,TX,HOUSEHOLD,117,12
2015-03-16,WI_1,WI,FOODS,222,15
2015-03-16,WI_1,WI,HOBBIES,95,15
2015-03-16,WI_1,WI,HOUSEHOLD,115,12
2015-03-16,WI_2,WI,FOODS,157,15
2015-03-16,WI_2,WI,HOBBIES,63,15
2015-03-16,WI_2,WI,HOUSEHOLD,91,12
2015-03-23,CA_1,CA,FOODS,297,15
2015-03-23,CA_1,CA,HOBBIES,155,15
2015-03-23,CA_1,CA,HOUSEHOLD,77,12
2015-03-23,CA_2,CA,FOODS,147,15
2015-03-23,CA_2,CA,HOBBIES,101,15
2015-03-23,CA_2,CA,HOUSEHOLD,106,12
2015-03-23,CA_3,CA,FOODS,350,15
2015-03-23,CA_3,CA,HOBBIES,285,15
2015-03-23,CA_3,CA,HOUSEHOLD,196,12
2015-03-23,TX_1,TX,FOODS,207,15
2015-03-23,TX_1,TX,HOBBIES,103,15
2015-03-23,TX_1,TX,HOUSEHOLD,131,12
2015-03-23,TX_2,TX,FOODS,260,15
2015-03-23,TX_2,TX,HOBBIES,111,15
2015-03-23,TX_2,TX,HOUSEHOLD,114,12
2015-03-23,WI_1,WI,FOODS,272,15
2015-03-23,WI_1,WI,HOBBIES,96,15
2015-03-23,WI_1,WI,HOUSEHOLD,68,12
2015-03-23,WI_2,WI,FOODS,238,15
2015-03-23,WI_2,WI,HOBBIES,52,15
2015-03-23,WI_2,WI,HOUSEHOLD,97,12
2015-03-30,CA_1,CA,FOODS,374,15
2015-03-30,CA_1,CA,HOBBIES,155,15
2015-03-30,CA_1,CA,HOUSEHOLD,95,12
2015-03-30,CA_2,CA,FOODS,133,15
2015-03-30,CA_2,CA,HOBBIES,113,15
2015-03-30,CA_2,CA,HOUSEHOLD,68,12
2015-03-30,CA_3,CA,FOODS,501,15
2015-03-30,CA_3,CA,HOBBIES,292,15
2015-03-30,CA_3,CA,HOUSEHOLD,314,12
2015-03-30,TX_1,TX,FOODS,215,15
2015-03-30,TX_1,TX,HOBBIES,97,15
2015-03-30,TX_1,TX,HOUSEHOLD,112,12
2015-03-30,TX_2,TX,FOODS,249,15
2015-03-30,TX_2,TX,HOBBIES,79,15
2015-03-30,TX_2,TX,HOUSEHOLD,97,12
2015-03-30,WI_1,WI,FOODS,269,15
2015-03-30,WI_1,WI,HOBBIES,92,15
2015-03-30,WI_1,WI,HOUSEHOLD,121,12
2015-03-30,WI_2,WI,FOODS,255,15
2015-03-30,WI_2,WI,HOBBIES,58,15
2015-03-30,WI_2,WI,HOUSEHOLD,121,12
2015-04-06,CA_1,CA,FOODS,363,15
2015-04-06,CA_1,CA,HOBBIES,187,15
2015-04-06,CA_1,CA,HOUSEHOLD,78,12
2015-04-06,CA_2,CA,FOODS,155,15
2015-04-06,CA_2,CA,HOBBIES,87,15
2015-04-06,CA_2,CA,HOUSEHOLD,88,12
2015-04-06,CA_3,CA,FOODS,374,15
2015-04-06,CA_3,CA,HOBBIES,164,15
2015-04-06,CA_3,CA,HOUSEHOLD,260,12
2015-04-06,TX_1,TX,FOODS,180,15
2015-04-06,TX_1,TX,HOBBIES,117,15
2015-04-06,TX_1,TX,HOUSEHOLD,150,12
2015-04-06,TX_2,TX,FOODS,276,15
2015-04-06,TX_2,TX,HOBBIES,95,15
2015-04-06,TX_2,TX,HOUSEHOLD,107,12
2015-04-06,WI_1,WI,FOODS,270,15
2015-04-06,WI_1,WI,HOBBIES,131,15
2015-04-06,WI_1,WI,HOUSEHOLD,142,12
2015-04-06,WI_2,WI,FOODS,235,15
2015-04-06,WI_2,WI,HOBBIES,55,15
2015-04-06,WI_2,WI,HOUSEHOLD,116,12
2015-04-13,CA_1,CA,FOODS,241,15
2015-04-13,CA_1,CA,HOBBIES,121,15
2015-04-13,CA_1,CA,HOUSEHOLD,93,12
2015-04-13,CA_2,CA,FOODS,119,15
2015-04-13,CA_2,CA,HOBBIES,77,15
2015-04-13,CA_2,CA,HOUSEHOLD,71,12
2015-04-13,CA_3,CA,FOODS,344,15
2015-04-13,CA_3,CA,HOBBIES,188,15
2015-04-13,CA_3,CA,HOUSEHOLD,217,12
2015-04-13,TX_1,TX,FOODS,159,15
2015-04-13,TX_1,TX,HOBBIES,120,15
2015-04-13,TX_1,TX,HOUSEHOLD,152,12
2015-04-13,TX_2,TX,FOODS,226,15
2015-04-13,TX_2,TX,HOBBIES,114,15
2015-04-13,TX_2,TX,HOUSEHOLD,71,12
2015-04-13,WI_1,WI,FOODS,259,15
2015-04-13,WI_1,WI,HOBBIES,105,15
2015-04-13,WI_1,WI,HOUSEHOLD,106,12
2015-04-13,WI_2,WI,FOODS,191,15
2015-04-13,WI_2,WI,HOBBIES,44,15
2015-04-13,WI_2,WI,HOUSEHOLD,92,12
2015-04-20,CA_1,CA,FOODS,213,15
2015-04-20,CA_1,CA,HOBBIES,201,15
2015-04-20,CA_1,CA,HOUSEHOLD,90,12
2015-04-20,CA_2,CA,FOODS,146,15
2015-04-20,CA_2,CA,HOBBIES,105,15
2015-04-20,CA_2,CA,HOUSEHOLD,105,12
2015-04-20,CA_3,CA,FOODS,247,15
2015-04-20,CA_3,CA,HOBBIES,195,15
2015-04-20,CA_3,CA,HOUSEHOLD,265,12
2015-04-20,TX_1,TX,FOODS,154,15
2015-04-20,TX_1,TX,HOBBIES,80,15
2015-04-20,TX_1,TX,HOUSEHOLD,126,12
2015-04-20,TX_2,TX,FOODS,172,15
2015-04-20,TX_2,TX,HOBBIES,90,15
2015-04-20,TX_2,TX,HOUSEHOLD,91,12
2015-04-20,WI_1,WI,FOODS,220,15
2015-04-20,WI_1,WI,HOBBIES,86,15
2015-04-20,WI_1,WI,HOUSEHOLD,84,12
2015-04-20,WI_2,WI,FOODS,189,15
2015-04-20,WI_2,WI,HOBBIES,43,15
2015-04-20,WI_2,WI,HOUSEHOLD,52,12
2015-04-27,CA_1,CA,FOODS,239,15
2015-04-27,CA_1,CA,HOBBIES,149,15
2015-04-27,CA_1,CA,HOUSEHOLD,77,12
2015-04-27,CA_2,CA,FOODS,102,15
2015-04-27,CA_2,CA,HOBBIES,103,15
2015-04-27,CA_2,CA,HOUSEHOLD,79,12
2015-04-27,CA_3,CA,FOODS,257,15
2015-04-27,CA_3,CA,HOBBIES,190,15
2015-04-27,CA_3,CA,HOUSEHOLD,229,12
2015-04-27,TX_1,TX,FOODS,115,15
2015-04-27,TX_1,TX,HOBBIES,137,15
2015-04-27,TX_1,TX,HOUSEHOLD,138,12
2015-04-27,TX_2,TX,FOODS,166,15
2015-04-27,TX_2,TX,HOBBIES,86,15
2015-04-27,TX_2,TX,HOUSEHOLD,121,12
2015-04-27,WI_1,WI,FOODS,228,15
2015-04-27,WI_1,WI,HOBBIES,79,15
2015-04-27,WI_1,WI,HOUSEHOLD,96,12
2015-04-27,WI_2,WI,FOODS,180,15
2015-04-27,WI_2,WI,HOBBIES,46,15
2015-04-27,WI_2,WI,HOUSEHOLD,112,12
2015-05-04,CA_1,CA,FOODS,207,15
2015-05-04,CA_1,CA,HOBBIES,176,15
2015-05-04,CA_1,CA,HOUSEHOLD,95,12
2015-05-04,CA_2,CA,FOODS,83,15
2015-05-04,CA_2,CA,HOBBIES,147,15
2015-05-04,CA_2,CA,HOUSEHOLD,91,12
2015-05-04,CA_3,CA,FOODS,229,15
2015-05-04,CA_3,CA,HOBBIES,220,15
2015-05-04,CA_3,CA,HOUSEHOLD,184,12
2015-05-04,TX_1,TX,FOODS,131,15
2015-05-04,TX_1,TX,HOBBIES,93,15
2015-05-04,TX_1,TX,HOUSEHOLD,103,12
2015-05-04,TX_2,TX,FOODS,187,15
2015-05-04,TX_2,TX,HOBBIES,83,15
2015-05-04,TX_2,TX,HOUSEHOLD,101,12
2015-05-04,WI_1,WI,FOODS,201,15
2015-05-04,WI_1,WI,HOBBIES,85,15
2015-05-04,WI_1,WI,HOUSEHOLD,90,12
2015-05-04,WI_2,WI,FOODS,172,15
2015-05-04,WI_2,WI,HOBBIES,38,15
2015-05-04,WI_2,WI,HOUSEHOLD,95,12
2015-05-11,CA_1,CA,FOODS,362,15
2015-05-11,CA_1,CA,HOBBIES,158,15
2015-05-11,CA_1,CA,HOUSEHOLD,101,12
2015-05-11,CA_2,CA,FOODS,139,15
2015-05-11,CA_2,CA,HOBBIES,130,15
2015-05-11,CA_2,CA,HOUSEHOLD,77,12
2015-05-11,CA_3,CA,FOODS,380,15
2015-05-11,CA_3,CA,HOBBIES,172,15
2015-05-11,CA_3,CA,HOUSEHOLD,252,12
2015-05-11,TX_1,TX,FOODS,190,15
2015-05-11,TX_1,TX,HOBBIES,119,15
2015-05-11,TX_1,TX,HOUSEHOLD,112,12
2015-05-11,TX_2,TX,FOODS,220,15
2015-05-11,TX_2,TX,HOBBIES,104,15
2015-05-11,TX_2,TX,HOUSEHOLD,98,12
2015-05-11,WI_1,WI,FOODS,252,15
2015-05-11,WI_1,WI,HOBBIES,97,15
2015-05-11,WI_1,WI,HOUSEHOLD,75,12
2015-05-11,WI_2,WI,FOODS,217,15
2015-05-11,WI_2,WI,HOBBIES,60,15
2015-05-11,WI_2,WI,HOUSEHOLD,106,12
2015-05-18,CA_1,CA,FOODS,418,15
2015-05-18,CA_1,CA,HOBBIES,151,15
2015-05-18,CA_1,CA,HOUSEHOLD,92,12
2015-05-18,CA_2,CA,FOODS,137,15
2015-05-18,CA_2,CA,HOBBIES,104,15
2015-05-18,CA_2,CA,HOUSEHOLD,78,12
2015-05-18,CA_3,CA,FOODS,306,15
2015-05-18,CA_3,CA,HOBBIES,182,15
2015-05-18,CA_3,CA,HOUSEHOLD,222,12
2015-05-18,TX_1,TX,FOODS,126,15
2015-05-18,TX_1,TX,HOBBIES,77,15
2015-05-18,TX_1,TX,HOUSEHOLD,148,12
2015-05-18,TX_2,TX,FOODS,264,15
2015-05-18,TX_2,TX,HOBBIES,132,15
2015-05-18,TX_2,TX,HOUSEHOLD,103,12
2015-05-18,WI_1,WI,FOODS,274,15
2015-05-18,WI_1,WI,HOBBIES,108,15
2015-05-18,WI_1,WI,HOUSEHOLD,83,12
2015-05-18,WI_2,WI,FOODS,207,15
2015-05-18,WI_2,WI,HOBBIES,48,15
2015-05-18,WI_2,WI,HOUSEHOLD,64,12
2015-05-25,CA_1,CA,FOODS,351,15
2015-05-25,CA_1,CA,HOBBIES,233,15
2015-05-25,CA_1,CA,HOUSEHOLD,85,12
2015-05-25,CA_2,CA,FOODS,165,15
2015-05-25,CA_2,CA,HOBBIES,136,15
2015-05-25,CA_2,CA,HOUSEHOLD,118,12
2015-05-25,CA_3,CA,FOODS,323,15
2015-05-25,CA_3,CA,HOBBIES,206,15
2015-05-25,CA_3,CA,HOUSEHOLD,279,12
2015-05-25,TX_1,TX,FOODS,180,15
2015-05-25,TX_1,TX,HOBBIES,98,15
2015-05-25,TX_1,TX,HOUSEHOLD,146,12
2015-05-25,TX_2,TX,FOODS,221,15
2015-05-25,TX_2,TX,HOBBIES,73,15
2015-05-25,TX_2,TX,HOUSEHOLD,110,12
2015-05-25,WI_1,WI,FOODS,287,15
2015-05-25,WI_1,WI,HOBBIES,81,15
2015-05-25,WI_1,WI,HOUSEHOLD,108,12
2015-05-25,WI_2,WI,FOODS,198,15
2015-05-25,WI_2,WI,HOBBIES,55,15
2015-05-25,WI_2,WI,HOUSEHOLD,88,12
2015-06-01,CA_1,CA,FOODS,451,15
2015-06-01,CA_1,CA,HOBBIES,125,15
2015-06-01,CA_1,CA,HOUSEHOLD,109,12
2015-06-01,CA_2,CA,FOODS,177,15
2015-06-01,CA_2,CA,HOBBIES,156,15
2015-06-01,CA_2,CA,HOUSEHOLD,96,12
2015-06-01,CA_3,CA,FOODS,431,15
2015-06-01,CA_3,CA,HOBBIES,212,15
2015-06-01,CA_3,CA,HOUSEHOLD,249,12
2015-06-01,TX_1,TX,FOODS,241,15
2015-06-01,TX_1,TX,HOBBIES,81,15
2015-06-01,TX_1,TX,HOUSEHOLD,158,12
2015-06-01,TX_2,TX,FOODS,325,15
2015-06-01,TX_2,TX,HOBBIES,89,15
2015-06-01,TX_2,TX,HOUSEHOLD,94,12
2015-06-01,WI_1,WI,FOODS,295,15
2015-06-01,WI_1,WI,HOBBIES,107,15
2015-06-01,WI_1,WI,HOUSEHOLD,117,12
2015-06-01,WI_2,WI,FOODS,268,15
2015-06-01,WI_2,WI,HOBBIES,46,15
2015-06-01,WI_2,WI,HOUSEHOLD,145,12
2015-06-08,CA_1,CA,FOODS,332,15
2015-06-08,CA_1,CA,HOBBIES,208,15
2015-06-08,CA_1,CA,HOUSEHOLD,92,12
2015-06-08,CA_2,CA,FOODS,180,15
2015-06-08,CA_2,CA,HOBBIES,122,15
2015-06-08,CA_2,CA,HOUSEHOLD,107,12
2015-06-08,CA_3,CA,FOODS,400,15
2015-06-08,CA_3,CA,HOBBIES,192,15
2015-06-08,CA_3,CA,HOUSEHOLD,235,12
2015-06-08,TX_1,TX,FOODS,202,15
2015-06-08,TX_1,TX,HOBBIES,105,15
2015-06-08,TX_1,TX,HOUSEHOLD,97,12
2015-06-08,TX_2,TX,FOODS,274,15
2015-06-08,TX_2,TX,HOBBIES,115,15
2015-06-08,TX_2,TX,HOUSEHOLD,120,12
2015-06-08,WI_1,WI,FOODS,302,15
2015-06-08,WI_1,WI,HOBBIES,88,15
2015-06-08,WI_1,WI,HOUSEHOLD,107,12
2015-06-08,WI_2,WI,FOODS,294,15
2015-06-08,WI_2,WI,HOBBIES,57,15
2015-06-08,WI_2,WI,HOUSEHOLD,116,12
2015-06-15,CA_1,CA,FOODS,397,15
2015-06-15,CA_1,CA,HOBBIES,121,15
2015-06-15,CA_1,CA,HOUSEHOLD,70,12
2015-06-15,CA_2,CA,FOODS,178,15
2015-06-15,CA_2,CA,HOBBIES,166,15
2015-06-15,CA_2,CA,HOUSEHOLD,130,12
2015-06-15,CA_3,CA,FOODS,366,15
2015-06-15,CA_3,CA,HOBBIES,169,15
2015-06-15,CA_3,CA,HOUSEHOLD,249,12
2015-06-15,TX_1,TX,FOODS,208,15
2015-06-15,TX_1,TX,HOBBIES,87,15
2015-06-15,TX_1,TX,HOUSEHOLD,108,12
2015-06-15,TX_2,TX,FOODS,315,15
2015-06-15,TX_2,TX,HOBBIES,70,15
2015-06-15,TX_2,TX,HOUSEHOLD,128,12
2015-06-15,WI_1,WI,FOODS,244,15
2015-06-15,WI_1,WI,HOBBIES,93,15
2015-06-15,WI_1,WI,HOUSEHOLD,102,12
2015-06-15,WI_2,WI,FOODS,246,15
2015-06-15,WI_2,WI,HOBBIES,58,15
2015-06-15,WI_2,WI,HOUSEHOLD,82,12
2015-06-22,CA_1,CA,FOODS,381,15
2015-06-22,CA_1,CA,HOBBIES,162,15
2015-06-22,CA_1,CA,HOUSEHOLD,116,12
2015-06-22,CA_2,CA,FOODS,210,15
2015-06-22,CA_2,CA,HOBBIES,183,15
2015-06-22,CA_2,CA,HOUSEHOLD,104,12
2015-06-22,CA_3,CA,FOODS,372,15
2015-06-22,CA_3,CA,HOBBIES,200,15
2015-06-22,CA_3,CA,HOUSEHOLD,272,12
2015-06-22,TX_1,TX,FOODS,199,15
2015-06-22,TX_1,TX,HOBBIES,60,15
2015-06-22,TX_1,TX,HOUSEHOLD,160,12
2015-06-22,TX_2,TX,FOODS,257,15
2015-06-22,TX_2,TX,HOBBIES,82,15
2015-06-22,TX_2,TX,HOUSEHOLD,141,12
2015-06-22,WI_1,WI,FOODS,239,15
2015-06-22,WI_1,WI,HOBBIES,88,15
2015-06-22,WI_1,WI,HOUSEHOLD,100,12
2015-06-22,WI_2,WI,FOODS,209,15
2015-06-22,WI_2,WI,HOBBIES,46,15
2015-06-22,WI_2,WI,HOUSEHOLD,77,12
2015-06-29,CA_1,CA,FOODS,375,15
2015-06-29,CA_1,CA,HOBBIES,183,15
2015-06-29,CA_1,CA,HOUSEHOLD,130,12
2015-06-29,CA_2,CA,FOODS,211,15
2015-06-29,CA_2,CA,HOBBIES,184,15
2015-06-29,CA_2,CA,HOUSEHOLD,118,12
2015-06-29,CA_3,CA,FOODS,468,15
2015-06-29,CA_3,CA,HOBBIES,180,15
2015-06-29,CA_3,CA,HOUSEHOLD,255,12
2015-06-29,TX_1,TX,FOODS,211,15
2015-06-29,TX_1,TX,HOBBIES,76,15
2015-06-29,TX_1,TX,HOUSEHOLD,155,12
2015-06-29,TX_2,TX,FOODS,231,15
2015-06-29,TX_2,TX,HOBBIES,111,15
2015-06-29,TX_2,TX,HOUSEHOLD,92,12
2015-06-29,WI_1,WI,FOODS,289,15
2015-06-29,WI_1,WI,HOBBIES,69,15
2015-06-29,WI_1,WI,HOUSEHOLD,81,12
2015-06-29,WI_2,WI,FOODS,238,15
2015-06-29,WI_2,WI,HOBBIES,47,15
2015-06-29,WI_2,WI,HOUSEHOLD,147,12
2015-07-06,CA_1,CA,FOODS,245,15
2015-07-06,CA_1,CA,HOBBIES,253,15
2015-07-06,CA_1,CA,HOUSEHOLD,103,12
2015-07-06,CA_2,CA,FOODS,185,15
2015-07-06,CA_2,CA,HOBBIES,218,15
2015-07-06,CA_2,CA,HOUSEHOLD,91,12
2015-07-06,CA_3,CA,FOODS,304,15
2015-07-06,CA_3,CA,HOBBIES,173,15
2015-07-06,CA_3,CA,HOUSEHOLD,198,12
2015-07-06,TX_1,TX,FOODS,140,15
2015-07-06,TX_1,TX,HOBBIES,109,15
2015-07-06,TX_1,TX,HOUSEHOLD,130,12
2015-07-06,TX_2,TX,FOODS,198,15
2015-07-06,TX_2,TX,HOBBIES,123,15
2015-07-06,TX_2,TX,HOUSEHOLD,146,12
2015-07-06,WI_1,WI,FOODS,214,15
2015-07-06,WI_1,WI,HOBBIES,70,15
2015-07-06,WI_1,WI,HOUSEHOLD,87,12
2015-07-06,WI_2,WI,FOODS,286,15
2015-07-06,WI_2,WI,HOBBIES,48,15
2015-07-06,WI_2,WI,HOUSEHOLD,89,12
2015-07-13,CA_1,CA,FOODS,203,15
2015-07-13,CA_1,CA,HOBBIES,175,15
2015-07-13,CA_1,CA,HOUSEHOLD,95,12
2015-07-13,CA_2,CA,FOODS,197,15
2015-07-13,CA_2,CA,HOBBIES,143,15
2015-07-13,CA_2,CA,HOUSEHOLD,125,12
2015-07-13,CA_3,CA,FOODS,260,15
2015-07-13,CA_3,CA,HOBBIES,139,15
2015-07-13,CA_3,CA,HOUSEHOLD,261,12
2015-07-13,TX_1,TX,FOODS,141,15
2015-07-13,TX_1,TX,HOBBIES,92,15
2015-07-13,TX_1,TX,HOUSEHOLD,163,12
2015-07-13,TX_2,TX,FOODS,190,15
2015-07-13,TX_2,TX,HOBBIES,119,15
2015-07-13,TX_2,TX,HOUSEHOLD,126,12
2015-07-13,WI_1,WI,FOODS,196,15
2015-07-13,WI_1,WI,HOBBIES,94,15
2015-07-13,WI_1,WI,HOUSEHOLD,79,12
2015-07-13,WI_2,WI,FOODS,228,15
2015-07-13,WI_2,WI,HOBBIES,53,15
2015-07-13,WI_2,WI,HOUSEHOLD,140,12
2015-07-20,CA_1,CA,FOODS,197,15
2015-07-20,CA_1,CA,HOBBIES,174,15
2015-07-20,CA_1,CA,HOUSEHOLD,111,12
2015-07-20,CA_2,CA,FOODS,222,15
2015-07-20,CA_2,CA,HOBBIES,125,15
2015-07-20,CA_2,CA,HOUSEHOLD,123,12
2015-07-20,CA_3,CA,FOODS,288,15
2015-07-20,CA_3,CA,HOBBIES,180,15
2015-07-20,CA_3,CA,HOUSEHOLD,206,12
2015-07-20,TX_1,TX,FOODS,149,15
2015-07-20,TX_1,TX,HOBBIES,146,15
2015-07-20,TX_1,TX,HOUSEHOLD,150,12
2015-07-20,TX_2,TX,FOODS,181,15
2015-07-20,TX_2,TX,HOBBIES,130,15
2015-07-20,TX_2,TX,HOUSEHOLD,109,12
2015-07-20,WI_1,WI,FOODS,153,15
2015-07-20,WI_1,WI,HOBBIES,84,15
2015-07-20,WI_1,WI,HOUSEHOLD,89,12
2015-07-20,WI_2,WI,FOODS,241,15
2015-07-20,WI_2,WI,HOBBIES,56,15
2015-07-20,WI_2,WI,HOUSEHOLD,174,12
2015-07-27,CA_1,CA,FOODS,210,15
2015-07-27,CA_1,CA,HOBBIES,252,15
2015-07-27,CA_1,CA,HOUSEHOLD,106,12
2015-07-27,CA_2,CA,FOODS,226,15
2015-07-27,CA_2,CA,HOBBIES,141,15
2015-07-27,CA_2,CA,HOUSEHOLD,122,12
2015-07-27,CA_3,CA,FOODS,320,15
2015-07-27,CA_3,CA,HOBBIES,171,15
2015-07-27,CA_3,CA,HOUSEHOLD,207,12
2015-07-27,TX_1,TX,FOODS,136,15
2015-07-27,TX_1,TX,HOBBIES,106,15
2015-07-27,TX_1,TX,HOUSEHOLD,188,12
2015-07-27,TX_2,TX,FOODS,224,15
2015-07-27,TX_2,TX,HOBBIES,121,15
2015-07-27,TX_2,TX,HOUSEHOLD,96,12
2015-07-27,WI_1,WI,FOODS,188,15
2015-07-27,WI_1,WI,HOBBIES,74,15
2015-07-27,WI_1,WI,HOUSEHOLD,88,12
2015-07-27,WI_2,WI,FOODS,225,15
2015-07-27,WI_2,WI,HOBBIES,54,15
2015-07-27,WI_2,WI,HOUSEHOLD,168,12
2015-08-03,CA_1,CA,FOODS,470,15
2015-08-03,CA_1,CA,HOBBIES,144,15
2015-08-03,CA_1,CA,HOUSEHOLD,84,12
2015-08-03,CA_2,CA,FOODS,268,15
2015-08-03,CA_2,CA,HOBBIES,189,15
2015-08-03,CA_2,CA,HOUSEHOLD,125,12
2015-08-03,CA_3,CA,FOODS,409,15
2015-08-03,CA_3,CA,HOBBIES,197,15
2015-08-03,CA_3,CA,HOUSEHOLD,254,12
2015-08-03,TX_1,TX,FOODS,240,15
2015-08-03,TX_1,TX,HOBBIES,104,15
2015-08-03,TX_1,TX,HOUSEHOLD,176,12
2015-08-03,TX_2,TX,FOODS,505,15
2015-08-03,TX_2,TX,HOBBIES,86,15
2015-08-03,TX_2,TX,HOUSEHOLD,113,12
2015-08-03,WI_1,WI,FOODS,308,15
2015-08-03,WI_1,WI,HOBBIES,89,15
2015-08-03,WI_1,WI,HOUSEHOLD,108,12
2015-08-03,WI_2,WI,FOODS,367,15
2015-08-03,WI_2,WI,HOBBIES,85,15
2015-08-03,WI_2,WI,HOUSEHOLD,139,12
2015-08-10,CA_1,CA,FOODS,359,15
2015-08-10,CA_1,CA,HOBBIES,130,15
2015-08-10,CA_1,CA,HOUSEHOLD,80,12
2015-08-10,CA_2,CA,FOODS,304,15
2015-08-10,CA_2,CA,HOBBIES,165,15
2015-08-10,CA_2,CA,HOUSEHOLD,113,12
2015-08-10,CA_3,CA,FOODS,385,15
2015-08-10,CA_3,CA,HOBBIES,175,15
2015-08-10,CA_3,CA,HOUSEHOLD,215,12
2015-08-10,TX_1,TX,FOODS,289,15
2015-08-10,TX_1,TX,HOBBIES,81,15
2015-08-10,TX_1,TX,HOUSEHOLD,149,12
2015-08-10,TX_2,TX,FOODS,330,15
2015-08-10,TX_2,TX,HOBBIES,97,15
2015-08-10,TX_2,TX,HOUSEHOLD,118,12
2015-08-10,WI_1,WI,FOODS,325,15
2015-08-10,WI_1,WI,HOBBIES,81,15
2015-08-10,WI_1,WI,HOUSEHOLD,85,12
2015-08-10,WI_2,WI,FOODS,370,15
2015-08-10,WI_2,WI,HOBBIES,53,15
2015-08-10,WI_2,WI,HOUSEHOLD,96,12
2015-08-17,CA_1,CA,FOODS,352,15
2015-08-17,CA_1,CA,HOBBIES,160,15
2015-08-17,CA_1,CA,HOUSEHOLD,64,12
2015-08-17,CA_2,CA,FOODS,293,15
2015-08-17,CA_2,CA,HOBBIES,140,15
2015-08-17,CA_2,CA,HOUSEHOLD,113,12
2015-08-17,CA_3,CA,FOODS,389,15
2015-08-17,CA_3,CA,HOBBIES,200,15
2015-08-17,CA_3,CA,HOUSEHOLD,226,12
2015-08-17,TX_1,TX,FOODS,175,15
2015-08-17,TX_1,TX,HOBBIES,110,15
2015-08-17,TX_1,TX,HOUSEHOLD,147,12
2015-08-17,TX_2,TX,FOODS,264,15
2015-08-17,TX_2,TX,HOBBIES,131,15
2015-08-17,TX_2,TX,HOUSEHOLD,101,12
2015-08-17,WI_1,WI,FOODS,298,15
2015-08-17,WI_1,WI,HOBBIES,78,15
2015-08-17,WI_1,WI,HOUSEHOLD,111,12
2015-08-17,WI_2,WI,FOODS,259,15
2015-08-17,WI_2,WI,HOBBIES,60,15
2015-08-17,WI_2,WI,HOUSEHOLD,103,12
2015-08-24,CA_1,CA,FOODS,316,15
2015-08-24,CA_1,CA,HOBBIES,121,15
2015-08-24,CA_1,CA,HOUSEHOLD,104,12
2015-08-24,CA_2,CA,FOODS,312,15
2015-08-24,CA_2,CA,HOBBIES,155,15
2015-08-24,CA_2,CA,HOUSEHOLD,103,12
2015-08-24,CA_3,CA,FOODS,341,15
2015-08-24,CA_3,CA,HOBBIES,195,15
2015-08-24,CA_3,CA,HOUSEHOLD,332,12
2015-08-24,TX_1,TX,FOODS,202,15
2015-08-24,TX_1,TX,HOBBIES,105,15
2015-08-24,TX_1,TX,HOUSEHOLD,132,12
2015-08-24,TX_2,TX,FOODS,223,15
2015-08-24,TX_2,TX,HOBBIES,132,15
2015-08-24,TX_2,TX,HOUSEHOLD,99,12
2015-08-24,WI_1,WI,FOODS,314,15
2015-08-24,WI_1,WI,HOBBIES,87,15
2015-08-24,WI_1,WI,HOUSEHOLD,97,12
2015-08-24,WI_2,WI,FOODS,323,15
2015-08-24,WI_2,WI,HOBBIES,58,15
2015-08-24,WI_2,WI,HOUSEHOLD,208,12
2015-08-31,CA_1,CA,FOODS,416,15
2015-08-31,CA_1,CA,HOBBIES,149,15
2015-08-31,CA_1,CA,HOUSEHOLD,101,12
2015-08-31,CA_2,CA,FOODS,258,15
2015-08-31,CA_2,CA,HOBBIES,134,15
2015-08-31,CA_2,CA,HOUSEHOLD,128,12
2015-08-31,CA_3,CA,FOODS,357,15
2015-08-31,CA_3,CA,HOBBIES,227,15
2015-08-31,CA_3,CA,HOUSEHOLD,188,12
2015-08-31,TX_1,TX,FOODS,191,15
2015-08-31,TX_1,TX,HOBBIES,67,15
2015-08-31,TX_1,TX,HOUSEHOLD,133,12
2015-08-31,TX_2,TX,FOODS,232,15
2015-08-31,TX_2,TX,HOBBIES,148,15
2015-08-31,TX_2,TX,HOUSEHOLD,90,12
2015-08-31,WI_1,WI,FOODS,349,15
2015-08-31,WI_1,WI,HOBBIES,94,15
2015-08-31,WI_1,WI,HOUSEHOLD,100,12
2015-08-31,WI_2,WI,FOODS,319,15
2015-08-31,WI_2,WI,HOBBIES,77,15
2015-08-31,WI_2,WI,HOUSEHOLD,185,12
2015-09-07,CA_1,CA,FOODS,421,15
2015-09-07,CA_1,CA,HOBBIES,156,15
2015-09-07,CA_1,CA,HOUSEHOLD,154,12
2015-09-07,CA_2,CA,FOODS,273,15
2015-09-07,CA_2,CA,HOBBIES,155,15
2015-09-07,CA_2,CA,HOUSEHOLD,134,12
2015-09-07,CA_3,CA,FOODS,434,15
2015-09-07,CA_3,CA,HOBBIES,199,15
2015-09-07,CA_3,CA,HOUSEHOLD,263,12
2015-09-07,TX_1,TX,FOODS,187,15
2015-09-07,TX_1,TX,HOBBIES,153,15
2015-09-07,TX_1,TX,HOUSEHOLD,95,12
2015-09-07,TX_2,TX,FOODS,282,15
2015-09-07,TX_2,TX,HOBBIES,87,15
2015-09-07,TX_2,TX,HOUSEHOLD,94,12
2015-09-07,WI_1,WI,FOODS,334,15
2015-09-07,WI_1,WI,HOBBIES,116,15
2015-09-07,WI_1,WI,HOUSEHOLD,87,12
2015-09-07,WI_2,WI,FOODS,334,15
2015-09-07,WI_2,WI,HOBBIES,49,15
2015-09-07,WI_2,WI,HOUSEHOLD,158,12
2015-09-14,CA_1,CA,FOODS,315,15
2015-09-14,CA_1,CA,HOBBIES,184,15
2015-09-14,CA_1,CA,HOUSEHOLD,113,12
2015-09-14,CA_2,CA,FOODS,270,15
2015-09-14,CA_2,CA,HOBBIES,169,15
2015-09-14,CA_2,CA,HOUSEHOLD,128,12
2015-09-14,CA_3,CA,FOODS,345,15
2015-09-14,CA_3,CA,HOBBIES,197,15
2015-09-14,CA_3,CA,HOUSEHOLD,167,12
2015-09-14,TX_1,TX,FOODS,154,15
2015-09-14,TX_1,TX,HOBBIES,89,15
2015-09-14,TX_1,TX,HOUSEHOLD,143,12
2015-09-14,TX_2,TX,FOODS,216,15
2015-09-14,TX_2,TX,HOBBIES,105,15
2015-09-14,TX_2,TX,HOUSEHOLD,84,12
2015-09-14,WI_1,WI,FOODS,332,15
2015-09-14,WI_1,WI,HOBBIES,49,15
2015-09-14,WI_1,WI,HOUSEHOLD,102,12
2015-09-14,WI_2,WI,FOODS,218,15
2015-09-14,WI_2,WI,HOBBIES,65,15
2015-09-14,WI_2,WI,HOUSEHOLD,116,12
2015-09-21,CA_1,CA,FOODS,228,15
2015-09-21,CA_1,CA,HOBBIES,129,15
2015-09-21,CA_1,CA,HOUSEHOLD,102,12
2015-09-21,CA_2,CA,FOODS,200,15
2015-09-21,CA_2,CA,HOBBIES,168,15
2015-09-21,CA_2,CA,HOUSEHOLD,122,12
2015-09-21,CA_3,CA,FOODS,254,15
2015-09-21,CA_3,CA,HOBBIES,187,15
2015-09-21,CA_3,CA,HOUSEHOLD,266,12
2015-09-21,TX_1,TX,FOODS,126,15
2015-09-21,TX_1,TX,HOBBIES,84,15
2015-09-21,TX_1,TX,HOUSEHOLD,118,12
2015-09-21,TX_2,TX,FOODS,161,15
2015-09-21,TX_2,TX,HOBBIES,91,15
2015-09-21,TX_2,TX,HOUSEHOLD,67,12
2015-09-21,WI_1,WI,FOODS,234,15
2015-09-21,WI_1,WI,HOBBIES,97,15
2015-09-21,WI_1,WI,HOUSEHOLD,101,12
2015-09-21,WI_2,WI,FOODS,180,15
2015-09-21,WI_2,WI,HOBBIES,74,15
2015-09-21,WI_2,WI,HOUSEHOLD,119,12
2015-09-28,CA_1,CA,FOODS,221,15
2015-09-28,CA_1,CA,HOBBIES,142,15
2015-09-28,CA_1,CA,HOUSEHOLD,127,12
2015-09-28,CA_2,CA,FOODS,273,15
2015-09-28,CA_2,CA,HOBBIES,169,15
2015-09-28,CA_2,CA,HOUSEHOLD,129,12
2015-09-28,CA_3,CA,FOODS,270,15
2015-09-28,CA_3,CA,HOBBIES,200,15
2015-09-28,CA_3,CA,HOUSEHOLD,231,12
2015-09-28,TX_1,TX,FOODS,123,15
2015-09-28,TX_1,TX,HOBBIES,82,15
2015-09-28,TX_1,TX,HOUSEHOLD,124,12
2015-09-28,TX_2,TX,FOODS,143,15
2015-09-28,TX_2,TX,HOBBIES,115,15
2015-09-28,TX_2,TX,HOUSEHOLD,95,12
2015-09-28,WI_1,WI,FOODS,283,15
2015-09-28,WI_1,WI,HOBBIES,76,15
2015-09-28,WI_1,WI,HOUSEHOLD,89,12
2015-09-28,WI_2,WI,FOODS,230,15
2015-09-28,WI_2,WI,HOBBIES,65,15
2015-09-28,WI_2,WI,HOUSEHOLD,147,12
2015-10-05,CA_1,CA,FOODS,256,15
2015-10-05,CA_1,CA,HOBBIES,207,15
2015-10-05,CA_1,CA,HOUSEHOLD,108,12
2015-10-05,CA_2,CA,FOODS,225,15
2015-10-05,CA_2,CA,HOBBIES,193,15
2015-10-05,CA_2,CA,HOUSEHOLD,135,12
2015-10-05,CA_3,CA,FOODS,264,15
2015-10-05,CA_3,CA,HOBBIES,209,15
2015-10-05,CA_3,CA,HOUSEHOLD,248,12
2015-10-05,TX_1,TX,FOODS,129,15
2015-10-05,TX_1,TX,HOBBIES,76,15
2015-10-05,TX_1,TX,HOUSEHOLD,78,12
2015-10-05,TX_2,TX,FOODS,185,15
2015-10-05,TX_2,TX,HOBBIES,118,15
2015-10-05,TX_2,TX,HOUSEHOLD,77,12
2015-10-05,WI_1,WI,FOODS,302,15
2015-10-05,WI_1,WI,HOBBIES,91,15
2015-10-05,WI_1,WI,HOUSEHOLD,142,12
2015-10-05,WI_2,WI,FOODS,240,15
2015-10-05,WI_2,WI,HOBBIES,37,15
2015-10-05,WI_2,WI,HOUSEHOLD,129,12
2015-10-12,CA_1,CA,FOODS,411,15
2015-10-12,CA_1,CA,HOBBIES,181,15
2015-10-12,CA_1,CA,HOUSEHOLD,157,12
2015-10-12,CA_2,CA,FOODS,230,15
2015-10-12,CA_2,CA,HOBBIES,165,15
2015-10-12,CA_2,CA,HOUSEHOLD,124,12
2015-10-12,CA_3,CA,FOODS,325,15
2015-10-12,CA_3,CA,HOBBIES,162,15
2015-10-12,CA_3,CA,HOUSEHOLD,234,12
2015-10-12,TX_1,TX,FOODS,237,15
2015-10-12,TX_1,TX,HOBBIES,102,15
2015-10-12,TX_1,TX,HOUSEHOLD,139,12
2015-10-12,TX_2,TX,FOODS,295,15
2015-10-12,TX_2,TX,HOBBIES,78,15
2015-10-12,TX_2,TX,HOUSEHOLD,87,12
2015-10-12,WI_1,WI,FOODS,346,15
2015-10-12,WI_1,WI,HOBBIES,79,15
2015-10-12,WI_1,WI,HOUSEHOLD,111,12
2015-10-12,WI_2,WI,FOODS,264,15
2015-10-12,WI_2,WI,HOBBIES,76,15
2015-10-12,WI_2,WI,HOUSEHOLD,123,12
2015-10-19,CA_1,CA,FOODS,397,15
2015-10-19,CA_1,CA,HOBBIES,152,15
2015-10-19,CA_1,CA,HOUSEHOLD,147,12
2015-10-19,CA_2,CA,FOODS,345,15
2015-10-19,CA_2,CA,HOBBIES,189,15
2015-10-19,CA_2,CA,HOUSEHOLD,84,12
2015-10-19,CA_3,CA,FOODS,366,15
2015-10-19,CA_3,CA,HOBBIES,152,15
2015-10-19,CA_3,CA,HOUSEHOLD,189,12
2015-10-19,TX_1,TX,FOODS,248,15
2015-10-19,TX_1,TX,HOBBIES,80,15
2015-10-19,TX_1,TX,HOUSEHOLD,89,12
2015-10-19,TX_2,TX,FOODS,420,15
2015-10-19,TX_2,TX,HOBBIES,95,15
2015-10-19,TX_2,TX,HOUSEHOLD,95,12
2015-10-19,WI_1,WI,FOODS,331,15
2015-10-19,WI_1,WI,HOBBIES,77,15
2015-10-19,WI_1,WI,HOUSEHOLD,117,12
2015-10-19,WI_2,WI,FOODS,329,15
2015-10-19,WI_2,WI,HOBBIES,68,15
2015-10-19,WI_2,WI,HOUSEHOLD,123,12
2015-10-26,CA_1,CA,FOODS,446,15
2015-10-26,CA_1,CA,HOBBIES,206,15
2015-10-26,CA_1,CA,HOUSEHOLD,123,12
2015-10-26,CA_2,CA,FOODS,274,15
2015-10-26,CA_2,CA,HOBBIES,192,15
2015-10-26,CA_2,CA,HOUSEHOLD,163,12
2015-10-26,CA_3,CA,FOODS,385,15
2015-10-26,CA_3,CA,HOBBIES,192,15
2015-10-26,CA_3,CA,HOUSEHOLD,335,12
2015-10-26,TX_1,TX,FOODS,286,15
2015-10-26,TX_1,TX,HOBBIES,87,15
2015-10-26,TX_1,TX,HOUSEHOLD,113,12
2015-10-26,TX_2,TX,FOODS,371,15
2015-10-26,TX_2,TX,HOBBIES,111,15
2015-10-26,TX_2,TX,HOUSEHOLD,139,12
2015-10-26,WI_1,WI,FOODS,416,15
2015-10-26,WI_1,WI,HOBBIES,74,15
2015-10-26,WI_1,WI,HOUSEHOLD,115,12
2015-10-26,WI_2,WI,FOODS,300,15
2015-10-26,WI_2,WI,HOBBIES,77,15
2015-10-26,WI_2,WI,HOUSEHOLD,129,12
2015-11-02,CA_1,CA,FOODS,385,15
2015-11-02,CA_1,CA,HOBBIES,137,15
2015-11-02,CA_1,CA,HOUSEHOLD,139,12
2015-11-02,CA_2,CA,FOODS,289,15
2015-11-02,CA_2,CA,HOBBIES,161,15
2015-11-02,CA_2,CA,HOUSEHOLD,125,12
2015-11-02,CA_3,CA,FOODS,353,15
2015-11-02,CA_3,CA,HOBBIES,181,15
2015-11-02,CA_3,CA,HOUSEHOLD,265,12
2015-11-02,TX_1,TX,FOODS,190,15
2015-11-02,TX_1,TX,HOBBIES,77,15
2015-11-02,TX_1,TX,HOUSEHOLD,125,12
2015-11-02,TX_2,TX,FOODS,367,15
2015-11-02,TX_2,TX,HOBBIES,101,15
2015-11-02,TX_2,TX,HOUSEHOLD,172,12
2015-11-02,WI_1,WI,FOODS,420,15
2015-11-02,WI_1,WI,HOBBIES,80,15
2015-11-02,WI_1,WI,HOUSEHOLD,102,12
2015-11-02,WI_2,WI,FOODS,339,15
2015-11-02,WI_2,WI,HOBBIES,91,15
2015-11-02,WI_2,WI,HOUSEHOLD,111,12
2015-11-09,CA_1,CA,FOODS,393,15
2015-11-09,CA_1,CA,HOBBIES,174,15
2015-11-09,CA_1,CA,HOUSEHOLD,115,12
2015-11-09,CA_2,CA,FOODS,269,15
2015-11-09,CA_2,CA,HOBBIES,133,15
2015-11-09,CA_2,CA,HOUSEHOLD,109,12
2015-11-09,CA_3,CA,FOODS,365,15
2015-11-09,CA_3,CA,HOBBIES,168,15
2015-11-09,CA_3,CA,HOUSEHOLD,258,12
2015-11-09,TX_1,TX,FOODS,215,15
2015-11-09,TX_1,TX,HOBBIES,97,15
2015-11-09,TX_1,TX,HOUSEHOLD,121,12
2015-11-09,TX_2,TX,FOODS,273,15
2015-11-09,TX_2,TX,HOBBIES,133,15
2015-11-09,TX_2,TX,HOUSEHOLD,107,12
2015-11-09,WI_1,WI,FOODS,344,15
2015-11-09,WI_1,WI,HOBBIES,60,15
2015-11-09,WI_1,WI,HOUSEHOLD,75,12
2015-11-09,WI_2,WI,FOODS,314,15
2015-11-09,WI_2,WI,HOBBIES,72,15
2015-11-09,WI_2,WI,HOUSEHOLD,93,12
2015-11-16,CA_1,CA,FOODS,318,15
2015-11-16,CA_1,CA,HOBBIES,117,15
2015-11-16,CA_1,CA,HOUSEHOLD,106,12
2015-11-16,CA_2,CA,FOODS,313,15
2015-11-16,CA_2,CA,HOBBIES,184,15
2015-11-16,CA_2,CA,HOUSEHOLD,98,12
2015-11-16,CA_3,CA,FOODS,332,15
2015-11-16,CA_3,CA,HOBBIES,215,15
2015-11-16,CA_3,CA,HOUSEHOLD,203,12
2015-11-16,TX_1,TX,FOODS,240,15
2015-11-16,TX_1,TX,HOBBIES,82,15
2015-11-16,TX_1,TX,HOUSEHOLD,112,12
2015-11-16,TX_2,TX,FOODS,192,15
2015-11-16,TX_2,TX,HOBBIES,103,15
2015-11-16,TX_2,TX,HOUSEHOLD,91,12
2015-11-16,WI_1,WI,FOODS,280,15
2015-11-16,WI_1,WI,HOBBIES,98,15
2015-11-16,WI_1,WI,HOUSEHOLD,88,12
2015-11-16,WI_2,WI,FOODS,279,15
2015-11-16,WI_2,WI,HOBBIES,84,15
2015-11-16,WI_2,WI,HOUSEHOLD,66,12
2015-11-23,CA_1,CA,FOODS,273,15
2015-11-23,CA_1,CA,HOBBIES,154,15
2015-11-23,CA_1,CA,HOUSEHOLD,105,12
2015-11-23,CA_2,CA,FOODS,268,15
2015-11-23,CA_2,CA,HOBBIES,150,15
2015-11-23,CA_2,CA,HOUSEHOLD,117,12
2015-11-23,CA_3,CA,FOODS,260,15
2015-11-23,CA_3,CA,HOBBIES,167,15
2015-11-23,CA_3,CA,HOUSEHOLD,182,12
2015-11-23,TX_1,TX,FOODS,188,15
2015-11-23,TX_1,TX,HOBBIES,66,15
2015-11-23,TX_1,TX,HOUSEHOLD,91,12
2015-11-23,TX_2,TX,FOODS,204,15
2015-11-23,TX_2,TX,HOBBIES,84,15
2015-11-23,TX_2,TX,HOUSEHOLD,67,12
2015-11-23,WI_1,WI,FOODS,279,15
2015-11-23,WI_1,WI,HOBBIES,105,15
2015-11-23,WI_1,WI,HOUSEHOLD,66,12
2015-11-23,WI_2,WI,FOODS,170,15
2015-11-23,WI_2,WI,HOBBIES,67,15
2015-11-23,WI_2,WI,HOUSEHOLD,83,12
2015-11-30,CA_1,CA,FOODS,402,15
2015-11-30,CA_1,CA,HOBBIES,203,15
2015-11-30,CA_1,CA,HOUSEHOLD,107,12
2015-11-30,CA_2,CA,FOODS,297,15
2015-11-30,CA_2,CA,HOBBIES,162,15
2015-11-30,CA_2,CA,HOUSEHOLD,107,12
2015-11-30,CA_3,CA,FOODS,428,15
2015-11-30,CA_3,CA,HOBBIES,244,15
2015-11-30,CA_3,CA,HOUSEHOLD,174,12
2015-11-30,TX_1,TX,FOODS,230,15
2015-11-30,TX_1,TX,HOBBIES,80,15
2015-11-30,TX_1,TX,HOUSEHOLD,70,12
2015-11-30,TX_2,TX,FOODS,230,15
2015-11-30,TX_2,TX,HOBBIES,104,15
2015-11-30,TX_2,TX,HOUSEHOLD,114,12
2015-11-30,WI_1,WI,FOODS,402,15
2015-11-30,WI_1,WI,HOBBIES,99,15
2015-11-30,WI_1,WI,HOUSEHOLD,81,12
2015-11-30,WI_2,WI,FOODS,254,15
2015-11-30,WI_2,WI,HOBBIES,63,15
2015-11-30,WI_2,WI,HOUSEHOLD,115,12
2015-12-07,CA_1,CA,FOODS,350,15
2015-12-07,CA_1,CA,HOBBIES,161,15
2015-12-07,CA_1,CA,HOUSEHOLD,94,12
2015-12-07,CA_2,CA,FOODS,324,15
2015-12-07,CA_2,CA,HOBBIES,137,15
2015-12-07,CA_2,CA,HOUSEHOLD,90,12
2015-12-07,CA_3,CA,FOODS,486,15
2015-12-07,CA_3,CA,HOBBIES,188,15
2015-12-07,CA_3,CA,HOUSEHOLD,163,12
2015-12-07,TX_1,TX,FOODS,205,15
2015-12-07,TX_1,TX,HOBBIES,80,15
2015-12-07,TX_1,TX,HOUSEHOLD,79,12
2015-12-07,TX_2,TX,FOODS,261,15
2015-12-07,TX_2,TX,HOBBIES,114,15
2015-12-07,TX_2,TX,HOUSEHOLD,155,12
2015-12-07,WI_1,WI,FOODS,374,15
2015-12-07,WI_1,WI,HOBBIES,72,15
2015-12-07,WI_1,WI,HOUSEHOLD,97,12
2015-12-07,WI_2,WI,FOODS,393,15
2015-12-07,WI_2,WI,HOBBIES,74,15
2015-12-07,WI_2,WI,HOUSEHOLD,86,12
2015-12-14,CA_1,CA,FOODS,380,15
2015-12-14,CA_1,CA,HOBBIES,220,15
2015-12-14,CA_1,CA,HOUSEHOLD,112,12
2015-12-14,CA_2,CA,FOODS,357,15
2015-12-14,CA_2,CA,HOBBIES,152,15
2015-12-14,CA_2,CA,HOUSEHOLD,87,12
2015-12-14,CA_3,CA,FOODS,434,15
2015-12-14,CA_3,CA,HOBBIES,261,15
2015-12-14,CA_3,CA,HOUSEHOLD,199,12
2015-12-14,TX_1,TX,FOODS,228,15
2015-12-14,TX_1,TX,HOBBIES,74,15
2015-12-14,TX_1,TX,HOUSEHOLD,58,12
2015-12-14,TX_2,TX,FOODS,293,15
2015-12-14,TX_2,TX,HOBBIES,129,15
2015-12-14,TX_2,TX,HOUSEHOLD,148,12
2015-12-14,WI_1,WI,FOODS,398,15
2015-12-14,WI_1,WI,HOBBIES,120,15
2015-12-14,WI_1,WI,HOUSEHOLD,95,12
2015-12-14,WI_2,WI,FOODS,347,15
2015-12-14,WI_2,WI,HOBBIES,77,15
2015-12-14,WI_2,WI,HOUSEHOLD,122,12
2015-12-21,CA_1,CA,FOODS,304,15
2015-12-21,CA_1,CA,HOBBIES,167,15
2015-12-21,CA_1,CA,HOUSEHOLD,63,12
2015-12-21,CA_2,CA,FOODS,261,15
2015-12-21,CA_2,CA,HOBBIES,156,15
2015-12-21,CA_2,CA,HOUSEHOLD,91,12
2015-12-21,CA_3,CA,FOODS,370,15
2015-12-21,CA_3,CA,HOBBIES,187,15
2015-12-21,CA_3,CA,HOUSEHOLD,110,12
2015-12-21,TX_1,TX,FOODS,139,15
2015-12-21,TX_1,TX,HOBBIES,60,15
2015-12-21,TX_1,TX,HOUSEHOLD,86,12
2015-12-21,TX_2,TX,FOODS,194,15
2015-12-21,TX_2,TX,HOBBIES,107,15
2015-12-21,TX_2,TX,HOUSEHOLD,106,12
2015-12-21,WI_1,WI,FOODS,378,15
2015-12-21,WI_1,WI,HOBBIES,76,15
2015-12-21,WI_1,WI,HOUSEHOLD,71,12
2015-12-21,WI_2,WI,FOODS,214,15
2015-12-21,WI_2,WI,HOBBIES,43,15
2015-12-21,WI_2,WI,HOUSEHOLD,80,12
2015-12-28,CA_1,CA,FOODS,288,15
2015-12-28,CA_1,CA,HOBBIES,176,15
2015-12-28,CA_1,CA,HOUSEHOLD,110,12
2015-12-28,CA_2,CA,FOODS,260,15
2015-12-28,CA_2,CA,HOBBIES,141,15
2015-12-28,CA_2,CA,HOUSEHOLD,119,12
2015-12-28,CA_3,CA,FOODS,230,15
2015-12-28,CA_3,CA,HOBBIES,283,15
2015-12-28,CA_3,CA,HOUSEHOLD,200,12
2015-12-28,TX_1,TX,FOODS,202,15
2015-12-28,TX_1,TX,HOBBIES,54,15
2015-12-28,TX_1,TX,HOUSEHOLD,130,12
2015-12-28,TX_2,TX,FOODS,191,15
2015-12-28,TX_2,TX,HOBBIES,105,15
2015-12-28,TX_2,TX,HOUSEHOLD,179,12
2015-12-28,WI_1,WI,FOODS,329,15
2015-12-28,WI_1,WI,HOBBIES,101,15
2015-12-28,WI_1,WI,HOUSEHOLD,75,12
2015-12-28,WI_2,WI,FOODS,291,15
2015-12-28,WI_2,WI,HOBBIES,63,15
2015-12-28,WI_2,WI,HOUSEHOLD,126,12
2016-01-04,CA_1,CA,FOODS,330,15
2016-01-04,CA_1,CA,HOBBIES,150,15
2016-01-04,CA_1,CA,HOUSEHOLD,141,12
2016-01-04,CA_2,CA,FOODS,239,15
2016-01-04,CA_2,CA,HOBBIES,141,15
2016-01-04,CA_2,CA,HOUSEHOLD,104,12
2016-01-04,CA_3,CA,FOODS,288,15
2016-01-04,CA_3,CA,HOBBIES,245,15
2016-01-04,CA_3,CA,HOUSEHOLD,193,12
2016-01-04,TX_1,TX,FOODS,259,15
2016-01-04,TX_1,TX,HOBBIES,101,15
2016-01-04,TX_1,TX,HOUSEHOLD,119,12
2016-01-04,TX_2,TX,FOODS,249,15
2016-01-04,TX_2,TX,HOBBIES,111,15
2016-01-04,TX_2,TX,HOUSEHOLD,139,12
2016-01-04,WI_1,WI,FOODS,340,15
2016-01-04,WI_1,WI,HOBBIES,89,15
2016-01-04,WI_1,WI,HOUSEHOLD,119,12
2016-01-04,WI_2,WI,FOODS,312,15
2016-01-04,WI_2,WI,HOBBIES,33,15
2016-01-04,WI_2,WI,HOUSEHOLD,72,12
2016-01-11,CA_1,CA,FOODS,347,15
2016-01-11,CA_1,CA,HOBBIES,112,15
2016-01-11,CA_1,CA,HOUSEHOLD,119,12
2016-01-11,CA_2,CA,FOODS,287,15
2016-01-11,CA_2,CA,HOBBIES,123,15
2016-01-11,CA_2,CA,HOUSEHOLD,99,12
2016-01-11,CA_3,CA,FOODS,362,15
2016-01-11,CA_3,CA,HOBBIES,197,15
2016-01-11,CA_3,CA,HOUSEHOLD,105,12
2016-01-11,TX_1,TX,FOODS,176,15
2016-01-11,TX_1,TX,HOBBIES,82,15
2016-01-11,TX_1,TX,HOUSEHOLD,61,12
2016-01-11,TX_2,TX,FOODS,255,15
2016-01-11,TX_2,TX,HOBBIES,126,15
2016-01-11,TX_2,TX,HOUSEHOLD,86,12
2016-01-11,WI_1,WI,FOODS,343,15
2016-01-11,WI_1,WI,HOBBIES,93,15
2016-01-11,WI_1,WI,HOUSEHOLD,69,12
2016-01-11,WI_2,WI,FOODS,368,15
2016-01-11,WI_2,WI,HOBBIES,71,15
2016-01-11,WI_2,WI,HOUSEHOLD,115,12
2016-01-18,CA_1,CA,FOODS,290,15
2016-01-18,CA_1,CA,HOBBIES,155,15
2016-01-18,CA_1,CA,HOUSEHOLD,131,12
2016-01-18,CA_2,CA,FOODS,234,15
2016-01-18,CA_2,CA,HOBBIES,160,15
2016-01-18,CA_2,CA,HOUSEHOLD,117,12
2016-01-18,CA_3,CA,FOODS,285,15
2016-01-18,CA_3,CA,HOBBIES,238,15
2016-01-18,CA_3,CA,HOUSEHOLD,228,12
2016-01-18,TX_1,TX,FOODS,167,15
2016-01-18,TX_1,TX,HOBBIES,67,15
2016-01-18,TX_1,TX,HOUSEHOLD,72,12
2016-01-18,TX_2,TX,FOODS,167,15
2016-01-18,TX_2,TX,HOBBIES,118,15
2016-01-18,TX_2,TX,HOUSEHOLD,76,12
2016-01-18,WI_1,WI,FOODS,277,15
2016-01-18,WI_1,WI,HOBBIES,82,15
2016-01-18,WI_1,WI,HOUSEHOLD,86,12
2016-01-18,WI_2,WI,FOODS,233,15
2016-01-18,WI_2,WI,HOBBIES,75,15
2016-01-18,WI_2,WI,HOUSEHOLD,74,12
2016-01-25,CA_1,CA,FOODS,215,15
2016-01-25,CA_1,CA,HOBBIES,188,15
2016-01-25,CA_1,CA,HOUSEHOLD,134,12
2016-01-25,CA_2,CA,FOODS,213,15
2016-01-25,CA_2,CA,HOBBIES,131,15
2016-01-25,CA_2,CA,HOUSEHOLD,140,12
2016-01-25,CA_3,CA,FOODS,196,15
2016-01-25,CA_3,CA,HOBBIES,235,15
2016-01-25,CA_3,CA,HOUSEHOLD,337,12
2016-01-25,TX_1,TX,FOODS,140,15
2016-01-25,TX_1,TX,HOBBIES,89,15
2016-01-25,TX_1,TX,HOUSEHOLD,66,12
2016-01-25,TX_2,TX,FOODS,189,15
2016-01-25,TX_2,TX,HOBBIES,96,15
2016-01-25,TX_2,TX,HOUSEHOLD,107,12
2016-01-25,WI_1,WI,FOODS,213,15
2016-01-25,WI_1,WI,HOBBIES,101,15
2016-01-25,WI_1,WI,HOUSEHOLD,75,12
2016-01-25,WI_2,WI,FOODS,298,15
2016-01-25,WI_2,WI,HOBBIES,63,15
2016-01-25,WI_2,WI,HOUSEHOLD,63,12
2016-02-01,CA_1,CA,FOODS,263,15
2016-02-01,CA_1,CA,HOBBIES,178,15
2016-02-01,CA_1,CA,HOUSEHOLD,154,12
2016-02-01,CA_2,CA,FOODS,247,15
2016-02-01,CA_2,CA,HOBBIES,155,15
2016-02-01,CA_2,CA,HOUSEHOLD,130,12
2016-02-01,CA_3,CA,FOODS,340,15
2016-02-01,CA_3,CA,HOBBIES,200,15
2016-02-01,CA_3,CA,HOUSEHOLD,197,12
2016-02-01,TX_1,TX,FOODS,162,15
2016-02-01,TX_1,TX,HOBBIES,121,15
2016-02-01,TX_1,TX,HOUSEHOLD,66,12
2016-02-01,TX_2,TX,FOODS,207,15
2016-02-01,TX_2,TX,HOBBIES,155,15
2016-02-01,TX_2,TX,HOUSEHOLD,110,12
2016-02-01,WI_1,WI,FOODS,239,15
2016-02-01,WI_1,WI,HOBBIES,120,15
2016-02-01,WI_1,WI,HOUSEHOLD,107,12
2016-02-01,WI_2,WI,FOODS,203,15
2016-02-01,WI_2,WI,HOBBIES,66,15
2016-02-01,WI_2,WI,HOUSEHOLD,103,12
2016-02-08,CA_1,CA,FOODS,260,15
2016-02-08,CA_1,CA,HOBBIES,170,15
2016-02-08,CA_1,CA,HOUSEHOLD,165,12
2016-02-08,CA_2,CA,FOODS,247,15
2016-02-08,CA_2,CA,HOBBIES,120,15
2016-02-08,CA_2,CA,HOUSEHOLD,122,12
2016-02-08,CA_3,CA,FOODS,302,15
2016-02-08,CA_3,CA,HOBBIES,198,15
2016-02-08,CA_3,CA,HOUSEHOLD,213,12
2016-02-08,TX_1,TX,FOODS,171,15
2016-02-08,TX_1,TX,HOBBIES,121,15
2016-02-08,TX_1,TX,HOUSEHOLD,75,12
2016-02-08,TX_2,TX,FOODS,220,15
2016-02-08,TX_2,TX,HOBBIES,107,15
2016-02-08,TX_2,TX,HOUSEHOLD,147,12
2016-02-08,WI_1,WI,FOODS,268,15
2016-02-08,WI_1,WI,HOBBIES,108,15
2016-02-08,WI_1,WI,HOUSEHOLD,108,12
2016-02-08,WI_2,WI,FOODS,313,15
2016-02-08,WI_2,WI,HOBBIES,67,15
2016-02-08,WI_2,WI,HOUSEHOLD,121,12
2016-02-15,CA_1,CA,FOODS,228,15
2016-02-15,CA_1,CA,HOBBIES,216,15
2016-02-15,CA_1,CA,HOUSEHOLD,165,12
2016-02-15,CA_2,CA,FOODS,310,15
2016-02-15,CA_2,CA,HOBBIES,123,15
2016-02-15,CA_2,CA,HOUSEHOLD,97,12
2016-02-15,CA_3,CA,FOODS,286,15
2016-02-15,CA_3,CA,HOBBIES,234,15
2016-02-15,CA_3,CA,HOUSEHOLD,293,12
2016-02-15,TX_1,TX,FOODS,139,15
2016-02-15,TX_1,TX,HOBBIES,89,15
2016-02-15,TX_1,TX,HOUSEHOLD,103,12
2016-02-15,TX_2,TX,FOODS,181,15
2016-02-15,TX_2,TX,HOBBIES,118,15
2016-02-15,TX_2,TX,HOUSEHOLD,136,12
2016-02-15,WI_1,WI,FOODS,271,15
2016-02-15,WI_1,WI,HOBBIES,77,15
2016-02-15,WI_1,WI,HOUSEHOLD,95,12
2016-02-15,WI_2,WI,FOODS,249,15
2016-02-15,WI_2,WI,HOBBIES,76,15
2016-02-15,WI_2,WI,HOUSEHOLD,117,12
2016-02-22,CA_1,CA,FOODS,255,15
2016-02-22,CA_1,CA,HOBBIES,160,15
2016-02-22,CA_1,CA,HOUSEHOLD,126,12
2016-02-22,CA_2,CA,FOODS,228,15
2016-02-22,CA_2,CA,HOBBIES,123,15
2016-02-22,CA_2,CA,HOUSEHOLD,120,12
2016-02-22,CA_3,CA,FOODS,293,15
2016-02-22,CA_3,CA,HOBBIES,230,15
2016-02-22,CA_3,CA,HOUSEHOLD,221,12
2016-02-22,TX_1,TX,FOODS,144,15
2016-02-22,TX_1,TX,HOBBIES,89,15
2016-02-22,TX_1,TX,HOUSEHOLD,119,12
2016-02-22,TX_2,TX,FOODS,146,15
2016-02-22,TX_2,TX,HOBBIES,116,15
2016-02-22,TX_2,TX,HOUSEHOLD,144,12
2016-02-22,WI_1,WI,FOODS,205,15
2016-02-22,WI_1,WI,HOBBIES,77,15
2016-02-22,WI_1,WI,HOUSEHOLD,89,12
2016-02-22,WI_2,WI,FOODS,216,15
2016-02-22,WI_2,WI,HOBBIES,70,15
2016-02-22,WI_2,WI,HOUSEHOLD,152,12
2016-02-29,CA_1,CA,FOODS,275,15
2016-02-29,CA_1,CA,HOBBIES,227,15
2016-02-29,CA_1,CA,HOUSEHOLD,154,12
2016-02-29,CA_2,CA,FOODS,270,15
2016-02-29,CA_2,CA,HOBBIES,120,15
2016-02-29,CA_2,CA,HOUSEHOLD,138,12
2016-02-29,CA_3,CA,FOODS,292,15
2016-02-29,CA_3,CA,HOBBIES,226,15
2016-02-29,CA_3,CA,HOUSEHOLD,264,12
2016-02-29,TX_1,TX,FOODS,159,15
2016-02-29,TX_1,TX,HOBBIES,94,15
2016-02-29,TX_1,TX,HOUSEHOLD,77,12
2016-02-29,TX_2,TX,FOODS,156,15
2016-02-29,TX_2,TX,HOBBIES,102,15
2016-02-29,TX_2,TX,HOUSEHOLD,116,12
2016-02-29,WI_1,WI,FOODS,209,15
2016-02-29,WI_1,WI,HOBBIES,110,15
2016-02-29,WI_1,WI,HOUSEHOLD,83,12
2016-02-29,WI_2,WI,FOODS,241,15
2016-02-29,WI_2,WI,HOBBIES,52,15
2016-02-29,WI_2,WI,HOUSEHOLD,131,12
2016-03-07,CA_1,CA,FOODS,236,15
2016-03-07,CA_1,CA,HOBBIES,205,15
2016-03-07,CA_1,CA,HOUSEHOLD,146,12
2016-03-07,CA_2,CA,FOODS,215,15
2016-03-07,CA_2,CA,HOBBIES,119,15
2016-03-07,CA_2,CA,HOUSEHOLD,115,12
2016-03-07,CA_3,CA,FOODS,309,15
2016-03-07,CA_3,CA,HOBBIES,264,15
2016-03-07,CA_3,CA,HOUSEHOLD,281,12
2016-03-07,TX_1,TX,FOODS,149,15
2016-03-07,TX_1,TX,HOBBIES,85,15
2016-03-07,TX_1,TX,HOUSEHOLD,102,12
2016-03-07,TX_2,TX,FOODS,159,15
2016-03-07,TX_2,TX,HOBBIES,102,15
2016-03-07,TX_2,TX,HOUSEHOLD,129,12
2016-03-07,WI_1,WI,FOODS,135,15
2016-03-07,WI_1,WI,HOBBIES,57,15
2016-03-07,WI_1,WI,HOUSEHOLD,90,12
2016-03-07,WI_2,WI,FOODS,231,15
2016-03-07,WI_2,WI,HOBBIES,76,15
2016-03-07,WI_2,WI,HOUSEHOLD,131,12
2016-03-14,CA_1,CA,FOODS,217,15
2016-03-14,CA_1,CA,HOBBIES,119,15
2016-03-14,CA_1,CA,HOUSEHOLD,152,12
2016-03-14,CA_2,CA,FOODS,217,15
2016-03-14,CA_2,CA,HOBBIES,101,15
2016-03-14,CA_2,CA,HOUSEHOLD,89,12
2016-03-14,CA_3,CA,FOODS,293,15
2016-03-14,CA_3,CA,HOBBIES,298,15
2016-03-14,CA_3,CA,HOUSEHOLD,274,12
2016-03-14,TX_1,TX,FOODS,139,15
2016-03-14,TX_1,TX,HOBBIES,83,15
2016-03-14,TX_1,TX,HOUSEHOLD,81,12
2016-03-14,TX_2,TX,FOODS,141,15
2016-03-14,TX_2,TX,HOBBIES,87,15
2016-03-14,TX_2,TX,HOUSEHOLD,104,12
2016-03-14,WI_1,WI,FOODS,133,15
2016-03-14,WI_1,WI,HOBBIES,84,15
2016-03-14,WI_1,WI,HOUSEHOLD,78,12
2016-03-14,WI_2,WI,FOODS,154,15
2016-03-14,WI_2,WI,HOBBIES,44,15
2016-03-14,WI_2,WI,HOUSEHOLD,127,12
2016-03-21,CA_1,CA,FOODS,252,15
2016-03-21,CA_1,CA,HOBBIES,149,15
2016-03-21,CA_1,CA,HOUSEHOLD,138,12
2016-03-21,CA_2,CA,FOODS,222,15
2016-03-21,CA_2,CA,HOBBIES,136,15
2016-03-21,CA_2,CA,HOUSEHOLD,145,12
2016-03-21,CA_3,CA,FOODS,274,15
2016-03-21,CA_3,CA,HOBBIES,214,15
2016-03-21,CA_3,CA,HOUSEHOLD,224,12
2016-03-21,TX_1,TX,FOODS,148,15
2016-03-21,TX_1,TX,HOBBIES,81,15
2016-03-21,TX_1,TX,HOUSEHOLD,71,12
2016-03-21,TX_2,TX,FOODS,130,15
2016-03-21,TX_2,TX,HOBBIES,120,15
2016-03-21,TX_2,TX,HOUSEHOLD,77,12
2016-03-21,WI_1,WI,FOODS,163,15
2016-03-21,WI_1,WI,HOBBIES,82,15
2016-03-21,WI_1,WI,HOUSEHOLD,84,12
2016-03-21,WI_2,WI,FOODS,154,15
2016-03-21,WI_2,WI,HOBBIES,68,15
2016-03-21,WI_2,WI,HOUSEHOLD,123,12
2016-03-28,CA_1,CA,FOODS,234,15
2016-03-28,CA_1,CA,HOBBIES,176,15
2016-03-28,CA_1,CA,HOUSEHOLD,110,12
2016-03-28,CA_2,CA,FOODS,224,15
2016-03-28,CA_2,CA,HOBBIES,130,15
2016-03-28,CA_2,CA,HOUSEHOLD,206,12
2016-03-28,CA_3,CA,FOODS,243,15
2016-03-28,CA_3,CA,HOBBIES,199,15
2016-03-28,CA_3,CA,HOUSEHOLD,240,12
2016-03-28,TX_1,TX,FOODS,127,15
2016-03-28,TX_1,TX,HOBBIES,85,15
2016-03-28,TX_1,TX,HOUSEHOLD,80,12
2016-03-28,TX_2,TX,FOODS,141,15
2016-03-28,TX_2,TX,HOBBIES,111,15
2016-03-28,TX_2,TX,HOUSEHOLD,95,12
2016-03-28,WI_1,WI,FOODS,170,15
2016-03-28,WI_1,WI,HOBBIES,97,15
2016-03-28,WI_1,WI,HOUSEHOLD,90,12
2016-03-28,WI_2,WI,FOODS,161,15
2016-03-28,WI_2,WI,HOBBIES,65,15
2016-03-28,WI_2,WI,HOUSEHOLD,130,12
2016-04-04,CA_1,CA,FOODS,249,15
2016-04-04,CA_1,CA,HOBBIES,152,15
2016-04-04,CA_1,CA,HOUSEHOLD,164,12
2016-04-04,CA_2,CA,FOODS,280,15
2016-04-04,CA_2,CA,HOBBIES,158,15
2016-04-04,CA_2,CA,HOUSEHOLD,168,12
2016-04-04,CA_3,CA,FOODS,286,15
2016-04-04,CA_3,CA,HOBBIES,214,15
2016-04-04,CA_3,CA,HOUSEHOLD,220,12
2016-04-04,TX_1,TX,FOODS,125,15
2016-04-04,TX_1,TX,HOBBIES,92,15
2016-04-04,TX_1,TX,HOUSEHOLD,74,12
2016-04-04,TX_2,TX,FOODS,138,15
2016-04-04,TX_2,TX,HOBBIES,120,15
2016-04-04,TX_2,TX,HOUSEHOLD,103,12
2016-04-04,WI_1,WI,FOODS,158,15
2016-04-04,WI_1,WI,HOBBIES,110,15
2016-04-04,WI_1,WI,HOUSEHOLD,88,12
2016-04-04,WI_2,WI,FOODS,209,15
2016-04-04,WI_2,WI,HOBBIES,96,15
2016-04-04,WI_2,WI,HOUSEHOLD,103,12
2016-04-11,CA_1,CA,FOODS,201,15
2016-04-11,CA_1,CA,HOBBIES,188,15
2016-04-11,CA_1,CA,HOUSEHOLD,144,12
2016-04-11,CA_2,CA,FOODS,297,15
2016-04-11,CA_2,CA,HOBBIES,171,15
2016-04-11,CA_2,CA,HOUSEHOLD,102,12
2016-04-11,CA_3,CA,FOODS,226,15
2016-04-11,CA_3,CA,HOBBIES,256,15
2016-04-11,CA_3,CA,HOUSEHOLD,230,12
2016-04-11,TX_1,TX,FOODS,112,15
2016-04-11,TX_1,TX,HOBBIES,87,15
2016-04-11,TX_1,TX,HOUSEHOLD,78,12
2016-04-11,TX_2,TX,FOODS,153,15
2016-04-11,TX_2,TX,HOBBIES,127,15
2016-04-11,TX_2,TX,HOUSEHOLD,157,12
2016-04-11,WI_1,WI,FOODS,140,15
2016-04-11,WI_1,WI,HOBBIES,67,15
2016-04-11,WI_1,WI,HOUSEHOLD,57,12
2016-04-11,WI_2,WI,FOODS,194,15
2016-04-11,WI_2,WI,HOBBIES,71,15
2016-04-11,WI_2,WI,HOUSEHOLD,129,12
2016-04-18,CA_1,CA,FOODS,302,15
2016-04-18,CA_1,CA,HOBBIES,152,15
2016-04-18,CA_1,CA,HOUSEHOLD,112,12
2016-04-18,CA_2,CA,FOODS,314,15
2016-04-18,CA_2,CA,HOBBIES,155,15
2016-04-18,CA_2,CA,HOUSEHOLD,107,12
2016-04-18,CA_3,CA,FOODS,393,15
2016-04-18,CA_3,CA,HOBBIES,231,15
2016-04-18,CA_3,CA,HOUSEHOLD,185,12
2016-04-18,TX_1,TX,FOODS,213,15
2016-04-18,TX_1,TX,HOBBIES,69,15
2016-04-18,TX_1,TX,HOUSEHOLD,115,12
2016-04-18,TX_2,TX,FOODS,207,15
2016-04-18,TX_2,TX,HOBBIES,107,15
2016-04-18,TX_2,TX,HOUSEHOLD,125,12
2016-04-18,WI_1,WI,FOODS,255,15
2016-04-18,WI_1,WI,HOBBIES,86,15
2016-04-18,WI_1,WI,HOUSEHOLD,59,12
2016-04-18,WI_2,WI,FOODS,197,15
2016-04-18,WI_2,WI,HOBBIES,41,15
2016-04-18,WI_2,WI,HOUSEHOLD,116,12
